HSPF_BLOCK,HSPF_TABLE,PARAMETER_NAME,HSPF_SECTION,TYPE,START,STOP,WIDTH,PROTECT,UCODE,DEFAULT_TEXT,DEFAULT_METR,MIN_METR,MAX_METR,DEFAULT_ENGL,MIN_ENGL,MAX_ENGL,VALID,HELP
BMPRAC,ACID-FLAG,OPNID,,int,0,5,5,PROTECTED,,,,1,,,1,,,*** BMPRAC to which these data apply.
BMPRAC,ACID-FLAG,OPNIDLAST,,int,5,10,5,PROTECTED,,,,1,,,1,,,*** BMPRAC to which these data apply.
BMPRAC,ACID-FLAG,NACID,,int,10,15,5,CORRECT,,,0,0,7,0,0,7,,*** Number of chemicals used in acid mine drainage section ACIDPH.
BMPRAC,ACID-FLAG,ACIFFG1,,int,15,20,5,CORRECT,,,0,0,999,0,0,999,,"*** Value of 0 indicates that the BMP removal factor for acid mine chemical
*** #1 is constant, given in ACID-FRAC. A value greater than 0 indicates the
*** index number of the MONTH-DATA block to be used to specify the monthly
*** removal factors."
BMPRAC,ACID-FLAG,ACIFFG2,,int,20,25,5,CORRECT,,,0,0,999,0,0,999,,"*** Value of 0 indicates that the BMP removal factor for acid mine chemical
*** #2 is constant, given in ACID-FRAC. A value greater than 0 indicates the
*** index number of the MONTH-DATA block to be used to specify the monthly
*** removal factors."
BMPRAC,ACID-FLAG,ACIFFG3,,int,25,30,5,CORRECT,,,0,0,999,0,0,999,,"*** Value of 0 indicates that the BMP removal factor for acid mine chemical
*** #3 is constant, given in ACID-FRAC. A value greater than 0 indicates the
*** index number of the MONTH-DATA block to be used to specify the monthly
*** removal factors."
BMPRAC,ACID-FLAG,ACIFFG4,,int,30,35,5,CORRECT,,,0,0,999,0,0,999,,"*** Value of 0 indicates that the BMP removal factor for acid mine chemical
*** #4 is constant, given in ACID-FRAC. A value greater than 0 indicates the
*** index number of the MONTH-DATA block to be used to specify the monthly
*** removal factors."
BMPRAC,ACID-FLAG,ACIFFG5,,int,35,40,5,CORRECT,,,0,0,999,0,0,999,,"*** Value of 0 indicates that the BMP removal factor for acid mine chemical
*** #5 is constant, given in ACID-FRAC. A value greater than 0 indicates the
*** index number of the MONTH-DATA block to be used to specify the monthly
*** removal factors."
BMPRAC,ACID-FLAG,ACIFFG6,,int,40,45,5,CORRECT,,,0,0,999,0,0,999,,"*** Value of 0 indicates that the BMP removal factor for acid mine chemical
*** #6 is constant, given in ACID-FRAC. A value greater than 0 indicates the
*** index number of the MONTH-DATA block to be used to specify the monthly
*** removal factors."
BMPRAC,ACID-FLAG,ACIFFG7,,int,45,50,5,CORRECT,,,0,0,999,0,0,999,,"*** Value of 0 indicates that the BMP removal factor for acid mine chemical
*** #7 is constant, given in ACID-FRAC. A value greater than 0 indicates the
*** index number of the MONTH-DATA block to be used to specify the monthly
*** removal factors."
BMPRAC,ACID-FRAC,OPNID,,int,0,5,5,PROTECTED,,,,1,,,1,,,*** BMPRAC to which these data apply.
BMPRAC,ACID-FRAC,OPNIDLAST,,int,5,10,5,PROTECTED,,,,1,,,1,,,*** BMPRAC to which these data apply.
BMPRAC,ACID-FRAC,ACIFRC1,,float,10,20,10,CORRECT,,,0,0,1,0,0,1,,*** ACIFRC(1) is the BMP removal fraction for acid mine chemical #1.
BMPRAC,ACID-FRAC,ACIFRC2,,float,20,30,10,CORRECT,,,0,0,1,0,0,1,,*** ACIFRC(2) is the BMP removal fraction for acid mine chemical #2.
BMPRAC,ACID-FRAC,ACIFRC3,,float,30,40,10,CORRECT,,,0,0,1,0,0,1,,*** ACIFRC(3) is the BMP removal fraction for acid mine chemical #3.
BMPRAC,ACID-FRAC,ACIFRC4,,float,40,50,10,CORRECT,,,0,0,1,0,0,1,,*** ACIFRC(4) is the BMP removal fraction for acid mine chemical #4.
BMPRAC,ACID-FRAC,ACIFRC5,,float,50,60,10,CORRECT,,,0,0,1,0,0,1,,*** ACIFRC(5) is the BMP removal fraction for acid mine chemical #5.
BMPRAC,ACID-FRAC,ACIFRC6,,float,60,70,10,CORRECT,,,0,0,1,0,0,1,,*** ACIFRC(6) is the BMP removal fraction for acid mine chemical #6.
BMPRAC,ACID-FRAC,ACIFRC7,,float,70,80,10,CORRECT,,,0,0,1,0,0,1,,*** ACIFRC(7) is the BMP removal fraction for acid mine chemical #7.
BMPRAC,ADSNUT-FRAC,OPNID,,int,0,5,5,PROTECTED,,,,1,,,1,,,*** BMPRAC to which these data apply.
BMPRAC,ADSNUT-FRAC,OPNIDLAST,,int,5,10,5,PROTECTED,,,,1,,,1,,,*** BMPRAC to which these data apply.
BMPRAC,ADSNUT-FRAC,SNUFRC1,,float,10,20,10,CORRECT,,,0,0,1,0,0,1,,*** SNUFRC(1) is the BMP removal fraction for ammonia adsorbed to sand.
BMPRAC,ADSNUT-FRAC,SNUFRC2,,float,20,30,10,CORRECT,,,0,0,1,0,0,1,,*** SNUFRC(2) is the BMP removal fraction for ammonia adsorbed to silt.
BMPRAC,ADSNUT-FRAC,SNUFRC3,,float,30,40,10,CORRECT,,,0,0,1,0,0,1,,*** SNUFRC(3) is the BMP removal fraction for ammonia adsorbed to clay.
BMPRAC,ADSNUT-FRAC,SNUFRC4,,float,40,50,10,CORRECT,,,0,0,1,0,0,1,,"*** SNUFRC(4) is the BMP removal fraction for phosphate adsorbed to
*** sand."
BMPRAC,ADSNUT-FRAC,SNUFRC5,,float,50,60,10,CORRECT,,,0,0,1,0,0,1,,"*** SNUFRC(5) is the BMP removal fraction for phosphate adsorbed to
*** silt."
BMPRAC,ADSNUT-FRAC,SNUFRC6,,float,60,70,10,CORRECT,,,0,0,1,0,0,1,,"*** SNUFRC(6) is the BMP removal fraction for phosphate adsorbed to
*** clay."
BMPRAC,BINARY-INFO,OPNID,,int,0,5,5,PROTECTED,,,,1,,,1,,,*** BMPRAC to which these data apply.
BMPRAC,BINARY-INFO,OPNIDLAST,,int,5,10,5,PROTECTED,,,,1,,,1,,,*** BMPRAC to which these data apply.
BMPRAC,BINARY-INFO,FLOWPR,,int,10,15,5,CORRECT,,,4,2,6,4,2,6,,*** Output level for flow.
BMPRAC,BINARY-INFO,CONSPR,,int,15,20,5,CORRECT,,,4,2,6,4,2,6,,*** Output level for conservatives.
BMPRAC,BINARY-INFO,HEATPR,,int,20,25,5,CORRECT,,,4,2,6,4,2,6,,*** Output level for heat.
BMPRAC,BINARY-INFO,SEDPR,,int,25,30,5,CORRECT,,,4,2,6,4,2,6,,*** Output level for sediment.
BMPRAC,BINARY-INFO,GQPR,,int,30,35,5,CORRECT,,,4,2,6,4,2,6,,*** Output level for general quals.
BMPRAC,BINARY-INFO,OXRXPR,,int,35,40,5,CORRECT,,,4,2,6,4,2,6,,*** Output level for oxygen components.
BMPRAC,BINARY-INFO,NUTPR,,int,40,45,5,CORRECT,,,4,2,6,4,2,6,,*** Output level for nutrients.
BMPRAC,BINARY-INFO,PLNKPR,,int,45,50,5,CORRECT,,,4,2,6,4,2,6,,*** Output level for plankton components.
BMPRAC,BINARY-INFO,PHPR,,int,50,55,5,CORRECT,,,4,2,6,4,2,6,,*** Output level for pH and inorganic carbon.
BMPRAC,BINARY-INFO,PIVL,,int,55,60,5,CORRECT,,,1,1,1440,1,1,1440,,"*** A value need only be supplied for PIVL if one or more sections have an
*** output level of 2. For those sections, output will occur every PIVL
*** intervals (that is, every PDELT=PIVL*DELT mins). PIVL must be chosen
*** such that there are an integer no. of PDELT periods in a day."
BMPRAC,BINARY-INFO,PYREND,,int,60,65,5,CORRECT,,,9,1,12,9,1,12,,"*** PYREND is the calendar month which will terminate the year for output
*** purposes. Thus, the annual summary can reflect the situation over the
*** past water year or the past calendar year, etc."
BMPRAC,CONS-FLAG,OPNID,,int,0,5,5,PROTECTED,,,,1,,,1,,,*** BMPRAC to which these data apply.
BMPRAC,CONS-FLAG,OPNIDLAST,,int,5,10,5,PROTECTED,,,,1,,,1,,,*** BMPRAC to which these data apply.
BMPRAC,CONS-FLAG,CONFFG1,,int,10,15,5,CORRECT,,,0,0,999,0,0,999,,"*** Value of 0 indicates that the BMP removal factor for conservative
*** constituent #1 is constant, given in CONS-FRAC. A value greater than 0
*** indicates the index number of the MONTH-DATA block to be used to specify
*** the monthly removal factors."
BMPRAC,CONS-FLAG,CONFFG2,,int,15,20,5,CORRECT,,,0,0,999,0,0,999,,"*** Value of 0 indicates that the BMP removal factor for conservative
*** constituent #2 is constant, given in CONS-FRAC. A value greater than 0
*** indicates the index number of the MONTH-DATA block to be used to specify
*** the monthly removal factors."
BMPRAC,CONS-FLAG,CONFFG3,,int,20,25,5,CORRECT,,,0,0,999,0,0,999,,"*** Value of 0 indicates that the BMP removal factor for conservative
*** constituent #3 is constant, given in CONS-FRAC. A value greater than 0
*** indicates the index number of the MONTH-DATA block to be used to specify
*** the monthly removal factors."
BMPRAC,CONS-FLAG,CONFFG4,,int,25,30,5,CORRECT,,,0,0,999,0,0,999,,"*** Value of 0 indicates that the BMP removal factor for conservative
*** constituent #4 is constant, given in CONS-FRAC. A value greater than 0
*** indicates the index number of the MONTH-DATA block to be used to specify
*** the monthly removal factors."
BMPRAC,CONS-FLAG,CONFFG5,,int,30,35,5,CORRECT,,,0,0,999,0,0,999,,"*** Value of 0 indicates that the BMP removal factor for conservative
*** constituent #5 is constant, given in CONS-FRAC. A value greater than 0
*** indicates the index number of the MONTH-DATA block to be used to specify
*** the monthly removal factors."
BMPRAC,CONS-FLAG,CONFFG6,,int,35,40,5,CORRECT,,,0,0,999,0,0,999,,"*** Value of 0 indicates that the BMP removal factor for conservative
*** constituent #6 is constant, given in CONS-FRAC. A value greater than 0
*** indicates the index number of the MONTH-DATA block to be used to specify
*** the monthly removal factors."
BMPRAC,CONS-FLAG,CONFFG7,,int,40,45,5,CORRECT,,,0,0,999,0,0,999,,"*** Value of 0 indicates that the BMP removal factor for conservative
*** constituent #7 is constant, given in CONS-FRAC. A value greater than 0
*** indicates the index number of the MONTH-DATA block to be used to specify
*** the monthly removal factors."
BMPRAC,CONS-FLAG,CONFFG8,,int,45,50,5,CORRECT,,,0,0,999,0,0,999,,"*** Value of 0 indicates that the BMP removal factor for conservative
*** constituent #8 is constant, given in CONS-FRAC. A value greater than 0
*** indicates the index number of the MONTH-DATA block to be used to specify
*** the monthly removal factors."
BMPRAC,CONS-FLAG,CONFFG9,,int,50,55,5,CORRECT,,,0,0,999,0,0,999,,"*** Value of 0 indicates that the BMP removal factor for conservative
*** constituent #9 is constant, given in CONS-FRAC. A value greater than 0
*** indicates the index number of the MONTH-DATA block to be used to specify
*** the monthly removal factors."
BMPRAC,CONS-FLAG,CONFFG10,,int,55,60,5,CORRECT,,,0,0,999,0,0,999,,"*** Value of 0 indicates that the BMP removal factor for conservative
*** constituent #10 is constant, given in CONS-FRAC. A value greater than 0
*** indicates the index number of the MONTH-DATA block to be used to specify
*** the monthly removal factors."
BMPRAC,CONS-FRAC,OPNID,,int,0,5,5,PROTECTED,,,,1,,,1,,,*** BMPRAC to which these data apply.
BMPRAC,CONS-FRAC,OPNIDLAST,,int,5,10,5,PROTECTED,,,,1,,,1,,,*** BMPRAC to which these data apply.
BMPRAC,CONS-FRAC,CONID,,string,10,30,20,CORRECT,,,,,,,,,,"*** Any string of up to 20 characters may be supplied as the name of the
*** conservative constituent."
BMPRAC,CONS-FRAC,CQTYID,,string,32,40,8,CORRECT,,,,,,,,,,"*** CQTYID is a string of up to 8 characters which specifies the units in
*** which the inflows and outflows of constituent will be expressed, eg
*** ""kg""."
BMPRAC,CONS-FRAC,CONFRC,,float,40,50,10,CORRECT,,,0,0,1,0,0,1,,*** CONFRC(*) is the BMP removal fraction for this conservative constituent.
BMPRAC,DNUT-FRAC,OPNID,,int,0,5,5,PROTECTED,,,,1,,,1,,,*** BMPRAC to which these data apply.
BMPRAC,DNUT-FRAC,OPNIDLAST,,int,5,10,5,PROTECTED,,,,1,,,1,,,*** BMPRAC to which these data apply.
BMPRAC,DNUT-FRAC,DNUFRC1,,float,10,20,10,CORRECT,,,0,0,1,0,0,1,,*** DNUFRC(1) is the BMP removal fraction for dissolved nitrate.
BMPRAC,DNUT-FRAC,DNUFRC2,,float,20,30,10,CORRECT,,,0,0,1,0,0,1,,*** DNUFRC(2) is the BMP removal fraction for dissolved total ammonia.
BMPRAC,DNUT-FRAC,DNUFRC3,,float,30,40,10,CORRECT,,,0,0,1,0,0,1,,*** DNUFRC(3) is the BMP removal fraction for dissolved nitrite.
BMPRAC,DNUT-FRAC,DNUFRC4,,float,40,50,10,CORRECT,,,0,0,1,0,0,1,,*** DNUFRC(4) is the BMP removal fraction for dissolved orthophosphate.
BMPRAC,FLOW-FLAG,OPNID,,int,0,5,5,PROTECTED,,,,1,,,1,,,*** BMPRAC to which these data apply.
BMPRAC,FLOW-FLAG,OPNIDLAST,,int,5,10,5,PROTECTED,,,,1,,,1,,,*** BMPRAC to which these data apply.
BMPRAC,FLOW-FLAG,VOLFFG,,int,10,15,5,CORRECT,,,0,0,999,0,0,999,,"*** Value of 0 indicates that the BMP removal factor for flow is constant,
*** given in FLOW-FRAC. A value greater than 0 indicates the index number of
*** the MONTH-DATA block to be used to specify the monthly removal
*** factors."
BMPRAC,FLOW-FRAC,OPNID,,int,0,5,5,PROTECTED,,,,1,,,1,,,*** BMPRAC to which these data apply.
BMPRAC,FLOW-FRAC,OPNIDLAST,,int,5,10,5,PROTECTED,,,,1,,,1,,,*** BMPRAC to which these data apply.
BMPRAC,FLOW-FRAC,VOLFRC,,float,10,20,10,CORRECT,,,0,0,1,0,0,1,,*** VOLFRC is the BMP removal fraction for flow.
BMPRAC,GEN-INFO,OPNID,,int,0,5,5,PROTECTED,,,,1,,,1,,,*** BMPRAC to which these data apply.
BMPRAC,GEN-INFO,OPNIDLAST,,int,5,10,5,PROTECTED,,,,1,,,1,,,*** BMPRAC to which these data apply.
BMPRAC,GEN-INFO,BMPID,,string,10,30,20,CORRECT,,,,,,,,,,"*** Any string of up to 20 characters may be supplied as the identifier for
*** a BMPRAC."
BMPRAC,GEN-INFO,BMPTYP,,int,30,35,5,CORRECT,,,1,1,1,1,1,1,,"*** BMPTYP is the type of BMP implementation. 1 means simple removal
*** fractions. No other type is currently supported."
BMPRAC,GEN-INFO,NCONS,,int,35,40,5,CORRECT,,,0,0,10,0,0,10,,*** NCONS is the number of conservative constituents simulated.
BMPRAC,GEN-INFO,NGQUAL,,int,40,45,5,CORRECT,,,0,0,3,0,0,3,,"*** NGQUAL is the number of generalized constituents (quals) being
*** simulated."
BMPRAC,GEN-INFO,IUNITS,,int,50,55,5,CORRECT,,,1,1,2,1,1,2,,"*** IUNITS indicates the system of units for data in the input time series;
*** 1 means English units, 2 means Metric units."
BMPRAC,GEN-INFO,OUNITS,,int,55,60,5,CORRECT,,,1,1,2,1,1,2,,"*** OUNITS indicates the system of units for data in the output time series;
*** 1 means English units, 2 means Metric units."
BMPRAC,GEN-INFO,PUNITE,,int,60,65,5,CORRECT,,,0,0,99,0,0,99,,"*** PUNIT(1) indicates the destinations of printout in English units. A
*** value 0 means no printout is required in English units. A non-zero value
*** means printout is required in English units and the value is the Fortran
*** unit no. of the file to which the printout is to be written. Note that
*** printout for each BMP can be obtained in either the English or Metric
*** systems, or both (irrespective of the system used to supply the
*** inputs)."
BMPRAC,GEN-INFO,PUNITM,,int,65,70,5,CORRECT,,,0,0,99,0,0,99,,"*** PUNIT(2) indicates the destinations of printout in Metric units. A value
*** 0 means no printout is required in Metric units. A non-zero value means
*** printout is required in Metric units and the value is the Fortran unit
*** no. of the file to which the printout is to be written. Note that
*** printout for each BMP can be obtained in either the English or Metric
*** systems, or both (irrespective of the system used to supply the
*** inputs)."
BMPRAC,GEN-INFO,BUNITE,,int,70,75,5,CORRECT,,,0,0,99,0,0,99,,"*** BUNIT(1) indicates the destinations of output in English units. A value
*** 0 means no output is required in English units. A non-zero value means
*** output is required in English units and the value is the Fortran unit
*** no. of the file to which the output is to be written. Note that output
*** for each BMP can be obtained in either the English or Metric systems, or
*** both (irrespective of the system used to supply the inputs)."
BMPRAC,GEN-INFO,BUNITM,,int,75,80,5,CORRECT,,,0,0,99,0,0,99,,"*** BUNIT(2) indicates the destinations of output in Metric units. A value 0
*** means no output is required in Metric units. A non-zero value means
*** output is required in Metric units and the value is the Fortran unit no.
*** of the file to which the output is to be written. Note that output for
*** each BMP can be obtained in either the English or Metric systems, or
*** both (irrespective of the system used to supply the inputs)."
BMPRAC,GQ-FLAG,OPNID,,int,0,5,5,PROTECTED,,,,1,,,1,,,*** BMPRAC to which these data apply.
BMPRAC,GQ-FLAG,OPNIDLAST,,int,5,10,5,PROTECTED,,,,1,,,1,,,*** BMPRAC to which these data apply.
BMPRAC,GQ-FLAG,GQFFG1,,int,10,15,5,CORRECT,,,0,0,999,0,0,999,,"*** Value of 0 indicates that the BMP removal factor for qual #1 in solution
*** is constant, given in GQ-FRAC. A value greater than 0 indicates the
*** index number of the MONTH-DATA block to be used to specify the monthly
*** removal factors."
BMPRAC,GQ-FLAG,GQFFG2,,int,15,20,5,CORRECT,,,0,0,999,0,0,999,,"*** Value of 0 indicates that the BMP removal factor for qual #1 adsorbed to
*** sand is constant, given in GQ-FRAC. A value greater than 0 indicates the
*** index number of the MONTH-DATA block to be used to specify the monthly
*** removal factors."
BMPRAC,GQ-FLAG,GQFFG3,,int,20,25,5,CORRECT,,,0,0,999,0,0,999,,"*** Value of 0 indicates that the BMP removal factor for qual #1 adsorbed to
*** silt is constant, given in GQ-FRAC. A value greater than 0 indicates the
*** index number of the MONTH-DATA block to be used to specify the monthly
*** removal factors."
BMPRAC,GQ-FLAG,GQFFG4,,int,25,30,5,CORRECT,,,0,0,999,0,0,999,,"*** Value of 0 indicates that the BMP removal factor for qual #1 adsorbed to
*** clay is constant, given in GQ-FRAC. A value greater than 0 indicates the
*** index number of the MONTH-DATA block to be used to specify the monthly
*** removal factors."
BMPRAC,GQ-FLAG,GQFFG5,,int,30,35,5,CORRECT,,,0,0,999,0,0,999,,"*** Value of 0 indicates that the BMP removal factor for qual #2 in solution
*** is constant, given in GQ-FRAC. A value greater than 0 indicates the
*** index number of the MONTH-DATA block to be used to specify the monthly
*** removal factors."
BMPRAC,GQ-FLAG,GQFFG6,,int,35,40,5,CORRECT,,,0,0,999,0,0,999,,"*** Value of 0 indicates that the BMP removal factor for qual #2 adsorbed to
*** sand is constant, given in GQ-FRAC. A value greater than 0 indicates the
*** index number of the MONTH-DATA block to be used to specify the monthly
*** removal factors."
BMPRAC,GQ-FLAG,GQFFG7,,int,40,45,5,CORRECT,,,0,0,999,0,0,999,,"*** Value of 0 indicates that the BMP removal factor for qual #2 adsorbed to
*** silt is constant, given in GQ-FRAC. A value greater than 0 indicates the
*** index number of the MONTH-DATA block to be used to specify the monthly
*** removal factors."
BMPRAC,GQ-FLAG,GQFFG8,,int,45,50,5,CORRECT,,,0,0,999,0,0,999,,"*** Value of 0 indicates that the BMP removal factor for qual #2 adsorbed to
*** clay is constant, given in GQ-FRAC. A value greater than 0 indicates the
*** index number of the MONTH-DATA block to be used to specify the monthly
*** removal factors."
BMPRAC,GQ-FLAG,GQFFG9,,int,50,55,5,CORRECT,,,0,0,999,0,0,999,,"*** Value of 0 indicates that the BMP removal factor for qual #3 in solution
*** is constant, given in GQ-FRAC. A value greater than 0 indicates the
*** index number of the MONTH-DATA block to be used to specify the monthly
*** removal factors."
BMPRAC,GQ-FLAG,GQFFG10,,int,55,60,5,CORRECT,,,0,0,999,0,0,999,,"*** Value of 0 indicates that the BMP removal factor for qual #3 adsorbed to
*** sand is constant, given in GQ-FRAC. A value greater than 0 indicates the
*** index number of the MONTH-DATA block to be used to specify the monthly
*** removal factors."
BMPRAC,GQ-FLAG,GQFFG11,,int,60,65,5,CORRECT,,,0,0,999,0,0,999,,"*** Value of 0 indicates that the BMP removal factor for qual #3 adsorbed to
*** silt is constant, given in GQ-FRAC. A value greater than 0 indicates the
*** index number of the MONTH-DATA block to be used to specify the monthly
*** removal factors."
BMPRAC,GQ-FLAG,GQFFG12,,int,65,70,5,CORRECT,,,0,0,999,0,0,999,,"*** Value of 0 indicates that the BMP removal factor for qual #3 adsorbed to
*** clay is constant, given in GQ-FRAC. A value greater than 0 indicates the
*** index number of the MONTH-DATA block to be used to specify the monthly
*** removal factors."
BMPRAC,GQ-FRAC,OPNID,,int,0,5,5,PROTECTED,,,,1,,,1,,,*** BMPRAC to which these data apply.
BMPRAC,GQ-FRAC,OPNIDLAST,,int,5,10,5,PROTECTED,,,,1,,,1,,,*** BMPRAC to which these data apply.
BMPRAC,GQ-FRAC,GQID,,string,10,28,18,CORRECT,,,,,,,,,,"*** Any string of up to 20 characters may be supplied as the name of the
*** generalized quality constituent."
BMPRAC,GQ-FRAC,GQTYID,,string,30,38,8,CORRECT,,,,,,,,,,"*** GQTYID is a string of up to 8 characters which specifies the units in
*** which the inflows and outflows of the qual will be expressed, eg
*** ""kg""."
BMPRAC,GQ-FRAC,GQDFRC,,float,38,48,10,CORRECT,,,0,0,1,0,0,1,,*** GQDFRC is the BMP removal fraction for this qual in solution.
BMPRAC,GQ-FRAC,GQSFRC1,,float,48,58,10,CORRECT,,,0,0,1,0,0,1,,"*** GQSFRC(1,*) is the BMP removal fraction for this qual adsorbed to
*** sand."
BMPRAC,GQ-FRAC,GQSFRC2,,float,58,68,10,CORRECT,,,0,0,1,0,0,1,,"*** GQSFRC(2,*) is the BMP removal fraction for this qual adsorbed to
*** silt."
BMPRAC,GQ-FRAC,GQSFRC3,,float,68,78,10,CORRECT,,,0,0,1,0,0,1,,"*** GQSFRC(3,*) is the BMP removal fraction for this qual adsorbed to
*** clay."
BMPRAC,HEAT-FLAG,OPNID,,int,0,5,5,PROTECTED,,,,1,,,1,,,*** BMPRAC to which these data apply.
BMPRAC,HEAT-FLAG,OPNIDLAST,,int,5,10,5,PROTECTED,,,,1,,,1,,,*** BMPRAC to which these data apply.
BMPRAC,HEAT-FLAG,HTFFG,,int,10,15,5,CORRECT,,,0,0,999,0,0,999,,"*** Value of 0 indicates that the BMP removal factor for heat is constant,
*** given in HEAT-FRAC. A value greater than 0 indicates the index number of
*** the MONTH-DATA block to be used to specify the monthly removal
*** factors."
BMPRAC,HEAT-FRAC,OPNID,,int,0,5,5,PROTECTED,,,,1,,,1,,,*** BMPRAC to which these data apply.
BMPRAC,HEAT-FRAC,OPNIDLAST,,int,5,10,5,PROTECTED,,,,1,,,1,,,*** BMPRAC to which these data apply.
BMPRAC,HEAT-FRAC,HTFRC,,float,10,20,10,CORRECT,,,0,0,1,0,0,1,,*** HTFRC is the removal fraction for heat.
BMPRAC,NUT-FLAG,OPNID,,int,0,5,5,PROTECTED,,,,1,,,1,,,*** BMPRAC to which these data apply.
BMPRAC,NUT-FLAG,OPNIDLAST,,int,5,10,5,PROTECTED,,,,1,,,1,,,*** BMPRAC to which these data apply.
BMPRAC,NUT-FLAG,NUTFFG1,,int,10,15,5,CORRECT,,,0,0,999,0,0,999,,"*** Value of 0 indicates that the BMP removal factor for nitrate is
*** constant, given in DNUT-FRAC. A value greater than 0 indicates the index
*** number of the MONTH-DATA block to be used to specify the monthly removal
*** factors."
BMPRAC,NUT-FLAG,NUTFFG2,,int,15,20,5,CORRECT,,,0,0,999,0,0,999,,"*** Value of 0 indicates that the BMP removal factor for dissolved ammonia
*** is constant, given in DNUT-FRAC. A value greater than 0 indicates the
*** index number of the MONTH-DATA block to be used to specify the monthly
*** removal factors."
BMPRAC,NUT-FLAG,NUTFFG3,,int,20,25,5,CORRECT,,,0,0,999,0,0,999,,"*** Value of 0 indicates that the BMP removal factor for nitrite is
*** constant, given in DNUT-FRAC. A value greater than 0 indicates the index
*** number of the MONTH-DATA block to be used to specify the monthly removal
*** factors."
BMPRAC,NUT-FLAG,NUTFFG4,,int,25,30,5,CORRECT,,,0,0,999,0,0,999,,"*** Value of 0 indicates that the BMP removal factor for dissolved phosphate
*** is constant, given in DNUT-FRAC. A value greater than 0 indicates the
*** index number of the MONTH-DATA block to be used to specify the monthly
*** removal factors."
BMPRAC,NUT-FLAG,NUTFFG5,,int,30,35,5,CORRECT,,,0,0,999,0,0,999,,"*** Value of 0 indicates that the BMP removal factor for ammonia adsorbed to
*** sand is constant, given in ADSNUT-FRAC. A value greater than 0 indicates
*** the index number of the MONTH-DATA block to be used to specify the
*** monthly removal factors."
BMPRAC,NUT-FLAG,NUTFFG6,,int,35,40,5,CORRECT,,,0,0,999,0,0,999,,"*** Value of 0 indicates that the BMP removal factor for ammonia adsorbed to
*** silt is constant, given in ADSNUT-FRAC. A value greater than 0 indicates
*** the index number of the MONTH-DATA block to be used to specify the
*** monthly removal factors."
BMPRAC,NUT-FLAG,NUTFFG7,,int,40,45,5,CORRECT,,,0,0,999,0,0,999,,"*** Value of 0 indicates that the BMP removal factor for ammonia adsorbed to
*** clay is constant, given in ADSNUT-FRAC. A value greater than 0 indicates
*** the index number of the MONTH-DATA block to be used to specify the
*** monthly removal factors."
BMPRAC,NUT-FLAG,NUTFFG8,,int,45,50,5,CORRECT,,,0,0,999,0,0,999,,"*** Value of 0 indicates that the BMP removal factor for phosphate adsorbed
*** to sand is constant, given in ADSNUT-FRAC. A value greater than 0
*** indicates the index number of the MONTH-DATA block to be used to specify
*** the monthly removal factors."
BMPRAC,NUT-FLAG,NUTFFG9,,int,50,55,5,CORRECT,,,0,0,999,0,0,999,,"*** Value of 0 indicates that the BMP removal factor for phosphate adsorbed
*** to silt is constant, given in ADSNUT-FRAC. A value greater than 0
*** indicates the index number of the MONTH-DATA block to be used to specify
*** the monthly removal factors."
BMPRAC,NUT-FLAG,NUTFFG10,,int,55,60,5,CORRECT,,,0,0,999,0,0,999,,"*** Value of 0 indicates that the BMP removal factor for phosphate adsorbed
*** to clay is constant, given in ADSNUT-FRAC. A value greater than 0
*** indicates the index number of the MONTH-DATA block to be used to specify
*** the monthly removal factors."
BMPRAC,OXY-FLAG,OPNID,,int,0,5,5,PROTECTED,,,,1,,,1,,,*** BMPRAC to which these data apply.
BMPRAC,OXY-FLAG,OPNIDLAST,,int,5,10,5,PROTECTED,,,,1,,,1,,,*** BMPRAC to which these data apply.
BMPRAC,OXY-FLAG,OXFFG1,,int,10,15,5,CORRECT,,,0,0,999,0,0,999,,"*** Value of 0 indicates that the BMP removal factor for dissolved oxygen is
*** constant, given in OXY-FRAC. A value greater than 0 indicates the index
*** number of the MONTH-DATA block to be used to specify the monthly removal
*** factors."
BMPRAC,OXY-FLAG,OXFFG2,,int,15,20,5,CORRECT,,,0,0,999,0,0,999,,"*** Value of 0 indicates that the BMP removal factor for biochemical oxygen
*** demand is constant, given in OXY-FRAC. A value greater than 0 indicates
*** the index number of the MONTH-DATA block to be used to specify the
*** monthly removal factors."
BMPRAC,OXY-FRAC,OPNID,,int,0,5,5,PROTECTED,,,,1,,,1,,,*** BMPRAC to which these data apply.
BMPRAC,OXY-FRAC,OPNIDLAST,,int,5,10,5,PROTECTED,,,,1,,,1,,,*** BMPRAC to which these data apply.
BMPRAC,OXY-FRAC,OXYFRC1,,float,10,20,10,CORRECT,,,0,0,1,0,0,1,,*** OXYFRC(1) is the BMP removal fraction for dissolved oxygen.
BMPRAC,OXY-FRAC,OXYFRC2,,float,20,30,10,CORRECT,,,0,0,1,0,0,1,,*** OXYFRC(2) is the BMP removal fraction for biochemical oxygen demand.
BMPRAC,PH-FLAG,OPNID,,int,0,5,5,PROTECTED,,,,1,,,1,,,*** BMPRAC to which these data apply.
BMPRAC,PH-FLAG,OPNIDLAST,,int,5,10,5,PROTECTED,,,,1,,,1,,,*** BMPRAC to which these data apply.
BMPRAC,PH-FLAG,PHFFG1,,int,10,15,5,CORRECT,,,0,0,999,0,0,999,,"*** Value of 0 indicates that the BMP removal factor for total inorganic
*** carbon is constant, given in PH-FRAC. A value greater than 0 indicates
*** the index number of the MONTH-DATA block to be used to specify the
*** monthly removal factors."
BMPRAC,PH-FLAG,PHFFG2,,int,15,20,5,CORRECT,,,0,0,999,0,0,999,,"*** Value of 0 indicates that the BMP removal factor for dissolved carbon
*** dioxide is constant, given in PH-FRAC. A value greater than 0 indicates
*** the index number of the MONTH-DATA block to be used to specify the
*** monthly removal factors."
BMPRAC,PH-FRAC,OPNID,,int,0,5,5,PROTECTED,,,,1,,,1,,,*** BMPRAC to which these data apply.
BMPRAC,PH-FRAC,OPNIDLAST,,int,5,10,5,PROTECTED,,,,1,,,1,,,*** BMPRAC to which these data apply.
BMPRAC,PH-FRAC,PHFRC1,,float,10,20,10,CORRECT,,,0,0,1,0,0,1,,*** PHFRC(1) is the BMP removal fraction for total inorganic carbon.
BMPRAC,PH-FRAC,PHFRC2,,float,20,30,10,CORRECT,,,0,0,1,0,0,1,,*** PHFRC(2) is the BMP removal fraction for dissolved carbon dioxide.
BMPRAC,PLANK-FLAG,OPNID,,int,0,5,5,PROTECTED,,,,1,,,1,,,*** BMPRAC to which these data apply.
BMPRAC,PLANK-FLAG,OPNIDLAST,,int,5,10,5,PROTECTED,,,,1,,,1,,,*** BMPRAC to which these data apply.
BMPRAC,PLANK-FLAG,PLKFFG1,,int,10,15,5,CORRECT,,,0,0,999,0,0,999,,"*** Value of 0 indicates that the BMP removal factor for phytoplankton is
*** constant, given in PLANK-FRAC. A value greater than 0 indicates the
*** index number of the MONTH-DATA block to be used to specify the monthly
*** removal factors."
BMPRAC,PLANK-FLAG,PLKFFG2,,int,15,20,5,CORRECT,,,0,0,999,0,0,999,,"*** Value of 0 indicates that the BMP removal factor for zooplankton is
*** constant, given in PLANK-FRAC. A value greater than 0 indicates the
*** index number of the MONTH-DATA block to be used to specify the monthly
*** removal factors."
BMPRAC,PLANK-FLAG,PLKFFG3,,int,20,25,5,CORRECT,,,0,0,999,0,0,999,,"*** Value of 0 indicates that the BMP removal factor for dead refractory
*** organic nitrogen is constant, given in PLANK-FRAC. A value greater than
*** 0 indicates the index number of the MONTH-DATA block to be used to
*** specify the monthly removal factors."
BMPRAC,PLANK-FLAG,PLKFFG4,,int,25,30,5,CORRECT,,,0,0,999,0,0,999,,"*** Value of 0 indicates that the BMP removal factor for dead refractory
*** organic phosphorus is constant, given in PLANK-FRAC. A value greater
*** than 0 indicates the index number of the MONTH-DATA block to be used to
*** specify the monthly removal factors."
BMPRAC,PLANK-FLAG,PLKFFG5,,int,30,35,5,CORRECT,,,0,0,999,0,0,999,,"*** Value of 0 indicates that the BMP removal factor for dead refractory
*** organic carbon is constant, given in PLANK-FRAC. A value greater than 0
*** indicates the index number of the MONTH-DATA block to be used to specify
*** the monthly removal factors."
BMPRAC,PLANK-FRAC,OPNID,,int,0,5,5,PROTECTED,,,,1,,,1,,,*** BMPRAC to which these data apply.
BMPRAC,PLANK-FRAC,OPNIDLAST,,int,5,10,5,PROTECTED,,,,1,,,1,,,*** BMPRAC to which these data apply.
BMPRAC,PLANK-FRAC,PLKFRC1,,float,10,20,10,CORRECT,,,0,0,1,0,0,1,,*** PLKFRC(1) is the BMP removal fraction for phytoplankton.
BMPRAC,PLANK-FRAC,PLKFRC2,,float,20,30,10,CORRECT,,,0,0,1,0,0,1,,*** PLKFRC(2) is the BMP removal fraction for zooplankton.
BMPRAC,PLANK-FRAC,PLKFRC3,,float,30,40,10,CORRECT,,,0,0,1,0,0,1,,"*** PLKFRC(3) is the BMP removal fraction for dead refractory organic
*** nitrogen."
BMPRAC,PLANK-FRAC,PLKFRC4,,float,40,50,10,CORRECT,,,0,0,1,0,0,1,,"*** PLKFRC(4) is the BMP removal fraction for dead refractory organic
*** phosphorus."
BMPRAC,PLANK-FRAC,PLKFRC5,,float,50,60,10,CORRECT,,,0,0,1,0,0,1,,"*** PLKFRC(5) is the BMP removal fraction for dead refractory organic
*** carbon."
BMPRAC,PRINT-INFO,OPNID,,int,0,5,5,PROTECTED,,,,1,,,1,,,*** BMPRAC to which these data apply.
BMPRAC,PRINT-INFO,OPNIDLAST,,int,5,10,5,PROTECTED,,,,1,,,1,,,*** BMPRAC to which these data apply.
BMPRAC,PRINT-INFO,FLOWPR,,int,10,15,5,CORRECT,,,4,2,6,4,2,6,,*** Printout level for flow.
BMPRAC,PRINT-INFO,CONSPR,,int,15,20,5,CORRECT,,,4,2,6,4,2,6,,*** Printout level for conservatives.
BMPRAC,PRINT-INFO,HEATPR,,int,20,25,5,CORRECT,,,4,2,6,4,2,6,,*** Printout level for heat.
BMPRAC,PRINT-INFO,SEDPR,,int,25,30,5,CORRECT,,,4,2,6,4,2,6,,*** Printout level for sediment.
BMPRAC,PRINT-INFO,GQPR,,int,30,35,5,CORRECT,,,4,2,6,4,2,6,,*** Printout level for general quals.
BMPRAC,PRINT-INFO,OXRXPR,,int,35,40,5,CORRECT,,,4,2,6,4,2,6,,*** Printout level for oxygen components.
BMPRAC,PRINT-INFO,NUTPR,,int,40,45,5,CORRECT,,,4,2,6,4,2,6,,*** Printout level for nutrients.
BMPRAC,PRINT-INFO,PLNKPR,,int,45,50,5,CORRECT,,,4,2,6,4,2,6,,*** Printout level for plankton components.
BMPRAC,PRINT-INFO,PHPR,,int,50,55,5,CORRECT,,,4,2,6,4,2,6,,*** Printout level for pH and inorganic carbon.
BMPRAC,PRINT-INFO,PIVL,,int,55,60,5,CORRECT,,,1,1,1440,1,1,1440,,"*** A value need only be supplied for PIVL if one or more sections have a
*** printout level of 2. For those sections, printout will occur every PIVL
*** intervals (that is, every PDELT=PIVL*DELT mins). PIVL must be chosen
*** such that there are an integer no. of PDELT periods in a day."
BMPRAC,PRINT-INFO,PYREND,,int,60,65,5,CORRECT,,,9,1,12,9,1,12,,"*** PYREND is the calendar month which will terminate the year for printout
*** purposes. Thus, the annual summary can reflect the situation over the
*** past water year or the past calendar year, etc."
BMPRAC,SED-FLAG,OPNID,,int,0,5,5,PROTECTED,,,,1,,,1,,,*** BMPRAC to which these data apply.
BMPRAC,SED-FLAG,OPNIDLAST,,int,5,10,5,PROTECTED,,,,1,,,1,,,*** BMPRAC to which these data apply.
BMPRAC,SED-FLAG,SEDFG1,,int,10,15,5,CORRECT,,,0,0,999,0,0,999,,"*** Value of 0 indicates that the BMP removal factor for sand is constant,
*** given in SED-FRAC. A value greater than 0 indicates the index number of
*** the MONTH-DATA block to be used to specify the monthly removal
*** factors."
BMPRAC,SED-FLAG,SEDFG2,,int,15,20,5,CORRECT,,,0,0,999,0,0,999,,"*** Value of 0 indicates that the BMP removal factor for silt is constant,
*** given in SED-FRAC. A value greater than 0 indicates the index number of
*** the MONTH-DATA block to be used to specify the monthly removal
*** factors."
BMPRAC,SED-FLAG,SEDFG3,,int,20,25,5,CORRECT,,,0,0,999,0,0,999,,"*** Value of 0 indicates that the BMP removal factor for clay is constant,
*** given in SED-FRAC. A value greater than 0 indicates the index number of
*** the MONTH-DATA block to be used to specify the monthly removal
*** factors."
BMPRAC,SED-FRAC,OPNID,,int,0,5,5,PROTECTED,,,,1,,,1,,,*** BMPRAC to which these data apply.
BMPRAC,SED-FRAC,OPNIDLAST,,int,5,10,5,PROTECTED,,,,1,,,1,,,*** BMPRAC to which these data apply.
BMPRAC,SED-FRAC,SEDFRC1,,float,10,20,10,CORRECT,,,0,0,1,0,0,1,,*** SEDFRC(1) is the BMP removal fraction for sand.
BMPRAC,SED-FRAC,SEDFRC2,,float,20,30,10,CORRECT,,,0,0,1,0,0,1,,*** SEDFRC(2) is the BMP removal fraction for silt.
BMPRAC,SED-FRAC,SEDFRC3,,float,30,40,10,CORRECT,,,0,0,1,0,0,1,,*** SEDFRC(3) is the BMP removal fraction for clay.
CATEGORY,,TAG,,string,3,5,2,,,,,,,,,,,
CATEGORY,,CATNAM,,string,6,22,16,,,,,,,,,,,
COPY,TIMESERIES,OPNID,,int,0,5,5,PROTECTED,,,,1,,,1,,,*** COPY operations to which these data apply.
COPY,TIMESERIES,OPNIDLAST,,int,5,10,5,PROTECTED,,,,1,,,1,,,*** COPY operations to which these data apply.
COPY,TIMESERIES,NPT,,int,10,15,5,CORRECT,,,0,0,20,0,0,20,,*** NPT is the number of point-valued time series to be copied.
COPY,TIMESERIES,NMN,,int,15,20,5,CORRECT,,,0,0,20,0,0,20,,*** NMN is the number of mean-valued time series to be copied.
DISPLY,DISPLY-INFO1,OPNID,,int,0,5,5,PROTECTED,,,,1,,,1,,,*** DISPLY to which these data apply.
DISPLY,DISPLY-INFO1,OPNIDLAST,,int,5,10,5,PROTECTED,,,,1,,,1,,,*** DISPLY to which these data apply.
DISPLY,DISPLY-INFO1,TITLE,,string,10,38,28,CORRECT,,,,,,,,,,"*** TITLE is the title (up to 28 characters) that will be printed at the top
*** of each page of the display."
DISPLY,DISPLY-INFO1,TRAN,,string,41,45,4,CORRECT,,SUM,,,,,,,"['SUM', 'AVER', 'MAX', 'MIN', 'LAST']","*** TRAN is the ""transformation code"", used to aggregate data from the basic
*** interval (internal time step) to the various display intervals (for both
*** short- and long-span displays). Valid values are: SUM, AVER, MAX, MIN,
*** LAST."
DISPLY,DISPLY-INFO1,PIVL,,int,45,50,5,CORRECT,,,0,0,1440,0,0,1440,,"*** PIVL is the no. of basic time intervals (DELT mins each) to be
*** aggregated to get to the interval of the data printed in a shortspan
*** display. If PIVL=0, a short-span display is not produced."
DISPLY,DISPLY-INFO1,DIGIT1,,int,54,55,1,CORRECT,,,0,0,7,0,0,7,,"*** DIGIT1 is the no. of decimal digits to be used to print data in the
*** short-span display. Valid values are 0 to 7."
DISPLY,DISPLY-INFO1,FILE1,,int,55,60,5,CORRECT,,,6,6,99,6,6,99,,"*** FILE1 is the Fortran unit no. of the file to which a short- span display
*** will be routed."
DISPLY,DISPLY-INFO1,PYRFG,,int,60,65,5,CORRECT,,,0,0,1,0,0,1,,"*** PYRFG: value of 1 means a long-span display (annual summary of daily
*** values) is required; 0 means it is not."
DISPLY,DISPLY-INFO1,DIGIT2,,int,69,70,1,CORRECT,,,0,0,7,0,0,7,,"*** DIGIT2 is the no. of decimal digits to be used to print data in the
*** long-span display. Valid values are 0 to 7."
DISPLY,DISPLY-INFO1,FILE2,,int,70,75,5,CORRECT,,,6,6,99,6,6,99,,"*** FILE2 is the Fortran unit no. of the file to which a long- span display
*** will be routed."
DISPLY,DISPLY-INFO1,PYREND,,int,75,80,5,CORRECT,,,9,1,12,9,1,12,,"*** PYREND is the calendar month which will appear at the right-hand
*** extremity of an annual summary."
DISPLY,DISPLY-INFO2,OPNID,,int,0,5,5,PROTECTED,,,,1,,,1,,,*** DISPLY to which these data apply.
DISPLY,DISPLY-INFO2,OPNIDLAST,,int,5,10,5,PROTECTED,,,,1,,,1,,,*** DISPLY to which these data apply.
DISPLY,DISPLY-INFO2,MULTA,,float,10,20,10,CORRECT,,,1,,,1,,,,"*** A is a parameter to convert data from internal units to display units:
*** Display value = A * (internal value) + B"
DISPLY,DISPLY-INFO2,ADDB,,float,20,30,10,CORRECT,,,0,,,0,,,,"*** B is a parameter to convert data from internal units to display units:
*** Display value = A * (internal value) + B"
DISPLY,DISPLY-INFO2,THRES1,,float,30,40,10,CORRECT,,,0,,,0,,,,"*** THRSH1 is the threshhold value for a short-span display. When the
*** individual values in a row of the display have been aggregated to get
*** the ""row value"" (hour- or day-value, depending on the display interval),
*** if the row-value is greater than THRSH1 the row is printed, else it is
*** omitted."
DISPLY,DISPLY-INFO2,THRES2,,float,40,50,10,CORRECT,,,0,,,0,,,,*** THRSH2 is not presently used.
DURANL,DURATIONS,OPNID,,int,0,5,5,PROTECTED,,,,,,,,,,*** DURANL to which these data apply.
DURANL,DURATIONS,OPNIDLAST,,int,5,10,5,PROTECTED,,,,,,,,,,*** DURANL to which these data apply.
DURANL,DURATIONS,DURAT1,,int,10,15,5,CORRECT,,,1,1,1,1,1,1,,"*** DURAT(*) is an array which contains the NDUR different durations for
*** which the time series will be analyzed (NDUR was specified in Table-type
*** GEN-DURDATA). The durations are expressed in multiples of the internal
*** time step specified in the OPN SEQUENCE Block (Section 4. 3). The
*** analysis algorithm requires that the first duration be 1 time step, but
*** the others can have any value."
DURANL,DURATIONS,DURAT2,,int,15,20,5,CORRECT,,,2,2,,2,2,,,
DURANL,DURATIONS,DURAT3,,int,20,25,5,CORRECT,,,2,2,,2,2,,,
DURANL,DURATIONS,DURAT4,,int,25,30,5,CORRECT,,,2,2,,2,2,,,
DURANL,DURATIONS,DURAT5,,int,30,35,5,CORRECT,,,2,2,,2,2,,,
DURANL,DURATIONS,DURAT6,,int,35,40,5,CORRECT,,,2,2,,2,2,,,
DURANL,DURATIONS,DURAT7,,int,40,45,5,CORRECT,-999,,2,2,,2,2,,,
DURANL,DURATIONS,DURAT8,,int,45,50,5,CORRECT,,,2,2,,2,2,,,
DURANL,DURATIONS,DURAT9,,int,50,55,5,CORRECT,,,2,2,,2,2,,,
DURANL,DURATIONS,DURA10,,int,55,60,5,CORRECT,,,2,2,,2,2,,,
DURANL,GEN-DURDATA,OPNID,,int,0,5,5,PROTECTED,,,,,,,,,,*** DURANL to which these data apply.
DURANL,GEN-DURDATA,OPNIDLAST,,int,5,10,5,PROTECTED,,,,,,,,,,*** DURANL to which these data apply.
DURANL,GEN-DURDATA,TITLE,,string,10,50,40,CORRECT,,,,,,,,,,"*** TITLE is the title which the user gives to the duration analysis
*** operation."
DURANL,GEN-DURDATA,NDUR,,int,50,55,5,CORRECT,,,1,1,10,1,1,10,,"*** NDUR is the no. of durations for which the time series will be
*** analyzed."
DURANL,GEN-DURDATA,NLEV,,int,55,60,5,CORRECT,,,1,1,20,1,1,20,,"*** NLEV is the no. of ""levels"" which will be used in analyzing the time
*** series."
DURANL,GEN-DURDATA,PRFG,,int,60,65,5,CORRECT,,,1,1,7,1,1,7,,"*** PRFG is a flag which governs the quantity of information printed out. A
*** value of 1 results in minimal (basic) output. Increasing the value (up
*** to the maximum of 7) results in increased detail of output."
DURANL,GEN-DURDATA,PUNIT,,int,65,70,5,CORRECT,,,6,1,99,6,1,99,,"*** PUNIT is the Fortran unit no. to which the (printed) output of the
*** duration analysis operation will be routed."
DURANL,GEN-DURDATA,LCNUM,,int,70,75,5,CORRECT,,,0,0,5,0,0,5,,"*** LCNUM indicates the number of lethal concentration curves to be used in
*** the analysis. A zero means no LC analysis is to be performed."
DURANL,GEN-DURDATA,LCOUT,,int,75,80,5,CORRECT,,,0,0,1,0,0,1,,"*** LCOUT is a flag which governs the printout of intermediate lethal event
*** information (1-on)."
DURANL,LCONC,OPNID,,int,0,5,5,PROTECTED,,,,,,,,,,*** DURANL to which these data apply.
DURANL,LCONC,OPNIDLAST,,int,5,10,5,PROTECTED,,,,,,,,,,*** DURANL to which these data apply.
DURANL,LCONC,LCONC1,,float,10,20,10,CORRECT,,,0,,,0,,,,"*** LCONC(1-10) is an array which contains the NDUR different lethal levels
*** which are used in a lethal concentration analysis."
DURANL,LCONC,LCONC2,,float,20,30,10,CORRECT,,,0,,,0,,,,
DURANL,LCONC,LCONC3,,float,30,40,10,CORRECT,,,0,,,0,,,,
DURANL,LCONC,LCONC4,,float,40,50,10,CORRECT,,,0,,,0,,,,
DURANL,LCONC,LCONC5,,float,50,60,10,CORRECT,,,0,,,0,,,,
DURANL,LCONC,LCONC6,,float,60,70,10,CORRECT,,,0,,,0,,,,
DURANL,LCONC,LCONC7,,float,70,80,10,CORRECT,,,0,,,0,,,,
DURANL,LEVELS,OPNID,,int,0,5,5,PROTECTED,,,,,,,,,,*** DURANL to which these data apply.
DURANL,LEVELS,OPNIDLAST,,int,5,10,5,PROTECTED,,,,,,,,,,*** DURANL to which these data apply.
DURANL,LEVELS,LEVEL2,,float,10,15,5,CORRECT,,,0,,,0,,,,"*** LEVEL(2thru21) contains the 20 possible ""levels"" for which the input
*** time series will be analyzed. (LEVEL(1) and LEVEL(22) are reserved for
*** system use and this does not affect the user since he can only specify
*** LEVEL(2thru21)). The actual no. of levels (NLEV) was specified by the
*** user in Table-type GEN-DURDATA."
DURANL,LEVELS,LEVEL3,,float,15,20,5,CORRECT,,,0,,,0,,,,
DURANL,LEVELS,LEVEL4,,float,20,25,5,CORRECT,,,0,,,0,,,,
DURANL,LEVELS,LEVEL5,,float,25,30,5,CORRECT,,,0,,,0,,,,
DURANL,LEVELS,LEVEL6,,float,30,35,5,CORRECT,,,0,,,0,,,,
DURANL,LEVELS,LEVEL7,,float,35,40,5,CORRECT,,,0,,,0,,,,
DURANL,LEVELS,LEVEL8,,float,40,45,5,CORRECT,,,0,,,0,,,,
DURANL,LEVELS,LEVEL9,,float,45,50,5,CORRECT,,,0,,,0,,,,
DURANL,LEVELS,LEVE10,,float,50,55,5,CORRECT,,,0,,,0,,,,
DURANL,LEVELS,LEVE11,,float,55,60,5,CORRECT,,,0,,,0,,,,
DURANL,LEVELS,LEVE12,,float,60,65,5,CORRECT,,,0,,,0,,,,
DURANL,LEVELS,LEVE13,,float,65,70,5,CORRECT,,,0,,,0,,,,
DURANL,LEVELS,LEVE14,,float,70,75,5,CORRECT,,,0,,,0,,,,
DURANL,LEVELS,LEVE15,,float,75,80,5,CORRECT,,,0,,,0,,,,
DURANL,SEASON,OPNID,,int,0,5,5,PROTECTED,,,,,,,,,,*** DURANL to which these data apply.
DURANL,SEASON,OPNIDLAST,,int,5,10,5,PROTECTED,,,,,,,,,,*** DURANL to which these data apply.
DURANL,SEASON,SESON1,,int,14,18,4,CORRECT,,,1,1,,1,1,,,*** Allow this value to default.
DURANL,SEASON,SESON2,,int,19,21,2,CORRECT,,,1,1,12,1,1,12,,"*** SMON is the starting month for the ""analysis season""."
DURANL,SEASON,SESON3,,int,22,24,2,CORRECT,,,1,1,31,1,1,31,,"*** SDAY is the starting day for the ""analysis season""."
DURANL,SEASON,SESON4,,int,25,27,2,CORRECT,,,0,0,23,0,0,23,,"*** SHOUR is the starting hour for the ""analysis season""."
DURANL,SEASON,SESON5,,int,28,30,2,CORRECT,,,0,0,59,0,0,59,,"*** SMIN is the starting minute for the ""analysis season""."
DURANL,SEASON,SESOE1,,int,34,38,4,CORRECT,,,1,1,,1,1,,,*** Allow this value to default.
DURANL,SEASON,SESOE2,,int,39,41,2,CORRECT,,,12,1,12,12,1,12,,"*** EMON is the ending month for the ""analysis season""."
DURANL,SEASON,SESOE3,,int,42,44,2,CORRECT,,,31,1,31,31,1,31,,"*** EDAY is the ending day for the ""analysis season""."
DURANL,SEASON,SESOE4,,int,45,47,2,CORRECT,,,24,0,24,24,0,24,,"*** EHOUR is the ending hour for the ""analysis season"". Default value is 24
*** only if EMIN is zero."
DURANL,SEASON,SESOE5,,int,48,50,2,CORRECT,,,0,0,59,0,0,59,,"*** EMIN is the ending minute for the ""analysis season""."
EXT SOURCES,,SVOL,,string,0,6,6,CORRECT,,,,,,,,,"['WDM', 'WDM1', 'WDM2', 'WDM3', 'WDM4', 'DSS', 'SEQ']",*** External source volume.
EXT SOURCES,,SVOLNO,,int,6,10,4,CORRECT,,,,1,9999,,1,9999,,*** Dataset No. (TVOL = TSS or WDM); or Fortran unit No. (TVOL = SEQ)
EXT SOURCES,,SMEMN,,string,11,15,4,CORRECT,,,,,,,,,,"*** Dataset name (TVOL = TSS); or Dataset TSTYP attribute (TVOL = WDM).
*** SFCLAS is a string indicating the class of format used in the sequential
*** file."
EXT SOURCES,,QLFG,,int,17,19,2,,,,31,0,31,31,0,31,,"*** Quality-of-data flag (SVOL = WDM); specifies the minimum quality WDMS
*** data which will be accepted by HSPF; valid values = 0-31. Identifies an
*** object-time format supplied in the FORMATS Block."
EXT SOURCES,,SSYST,,string,20,24,4,CORRECT,,ENGL,,,,,,,"['ENGL', 'METR']","*** Unit system of data in the source (SVOL = SEQ or WDM); valid values ENGL
*** and METR."
EXT SOURCES,,SGAPST,,string,24,28,4,CORRECT,,,,,,,,,"['ZERO', 'UNDF', 'DEF', '']","*** String indicating how missing ""cards"" in the sequential file, or WDMS
*** data having insufficient 'quality' will be regarded. Used in SVOL=SEQ or
*** WDM."
EXT SOURCES,,MFACTOR,,float,28,38,10,CORRECT,,,1,,,1,,,,"*** The factor by which data from the source will be multiplied before being
*** added to the target."
EXT SOURCES,,TRAN,,string,38,42,4,CORRECT,,,,,,,,,"['SAME', 'AVER', 'DIV', 'INTP', 'LAST', 'MAX', 'MIN', 'SUM', 'DEF', '']","*** String indicating which transformation function to use in transf time
*** series from source to target."
EXT SOURCES,,TVOL,,string,43,49,6,CORRECT,,,,,,,,,"['PERLND', 'IMPLND', 'RCHRES', 'COPY', 'PLTGEN', 'DISPLY', 'DURANL', 'GENER', 'MUTSIN']",*** Operation-type of the target opn.
EXT SOURCES,,TOPFST,,int,50,54,4,CORRECT,,,,1,,,1,,,*** TOPFST is the first target Operation-type No.
EXT SOURCES,,TOPLST,,int,54,58,4,CORRECT,,,,1,,,1,,,*** TOPFST is the first target Operation-type No.
EXT SOURCES,,TGRPN,,string,58,64,6,CORRECT,,,,,,,,,,*** Group to which the target time series belongs.
EXT SOURCES,,TMEMN,,string,65,71,6,CORRECT,,,,,,,,,,"*** Target member name. Default: all members. Refer to Time Series Catalog
*** for more information."
EXT SOURCES,,TMEMSB1,,string,71,73,2,CORRECT,,,,,,,,,,*** Target member name first subscript.
EXT SOURCES,,TMEMSB2,,string,73,75,2,CORRECT,,,,,,,,,,*** Target member name second subscript.
EXT TARGETS,,SVOL,,string,0,6,6,CORRECT,,,,,,,,,"['PERLND', 'IMPLND', 'RCHRES', 'COPY', 'PLTGEN', 'DISPLY', 'DURANL', 'GENER', 'MUTSIN']",*** Operation-type of the source opn.
EXT TARGETS,,SVOLNO,,int,6,10,4,CORRECT,,,,1,,,1,,,*** Source Operation-type No.
EXT TARGETS,,SGRPN,,string,11,17,6,,,,,,,,,,,*** Group to which the source time series belongs.
EXT TARGETS,,SMEMN,,string,18,24,6,CORRECT,,,,,,,,,,"*** Source member name. Default: all members. Refer to time series catalogue
*** for more information."
EXT TARGETS,,SMEMSB1,,int,24,26,2,CORRECT,,,1,1,99,1,1,99,,*** Source member name first subscript.
EXT TARGETS,,SMEMSB2,,int,26,28,2,CORRECT,,,1,1,99,1,1,99,,*** Source member name second subscript.
EXT TARGETS,,MFACTOR,,float,28,38,10,CORRECT,,,1,,,1,,,,"*** The factor by which data from the source will be multiplied before being
*** added to the target."
EXT TARGETS,,TRAN,,string,38,42,4,,,,,,,,,,"['SAME', 'AVER', 'DIV', 'INTP', 'LAST', 'MAX', 'MIN', 'SUM', 'DEF', '']","*** String indicating which transformation function to use in transferring
*** time series from source to target."
EXT TARGETS,,TVOL,,string,43,49,6,CORRECT,,,,,,,,,"['WDM', 'WDM1', 'WDM2', 'WDM3', 'WDM4', 'DSS']",*** External target volume.
EXT TARGETS,,TVOLNO,,string,49,53,4,CORRECT,,,,,,,,,,*** Dataset Number.
EXT TARGETS,,TMEMN,,string,54,58,4,CORRECT,,,,,,,,,,*** Dataset name or dataset TSTYP attribute.
EXT TARGETS,,QLFG,,int,60,62,2,CORRECT,,,0,0,31,0,0,31,,"*** Quality-of-data (TVOL=WDM); specifies the quality tag to be attached to
*** data placed in a WDMS dataset."
EXT TARGETS,,TSYST,,string,63,67,4,CORRECT,,ENGL,,,,,,,"['ENGL', 'METR']",*** Unit system of data to be written to WDM dataset.
EXT TARGETS,,AGGST,,string,68,72,4,CORRECT,,,,,,,,,"['AGG', 'DEF']","*** String indicating whether the data should be aggregated when placed in a
*** WDMS dataset having a timestep greater than the source timestep. Valid
*** value is AGG; default value is no aggregation."
EXT TARGETS,,AMDST,,string,73,77,4,CORRECT,,,,,,,,,"['ADD', 'INS', 'REP']","*** String indicating how the target dataset is to be accessed. Valid values
*** are: ADD, INS, and REP for the TSS file; and ADD or REP for a WDMS
*** file."
FILES,,FTYPE,,string,0,6,6,,,,,,,,,,"['BINO', 'MESSU', 'WDM', 'WDM1', 'WDM2', 'WDM3', 'WDM4', 'DSS1', 'DSS2', 'DSS3', 'DSS4', 'DSS5', 'FEQTSF', 'PESTSU', '']",
FILES,,FUNIT,,int,8,13,5,,,,,1,98,,1,98,,
FILES,,FNAME,,string,16,80,64,,,,,,,,,,,
FTABLES,FTABLE,Depth,,float,0,10,10,,,,0,0,,0,0,,,
FTABLES,FTABLE,Area,,float,10,20,10,,,,0,0,,0,0,,,
uTABLES,FTABLE,Volume,,float,20,30,10,,,,0,0,,0,0,,,
FTABLES,FTABLE,Disch1,,float,30,40,10,,,,0,0,,0,0,,,
FTABLES,FTABLE,Disch2,,float,40,50,10,,,,0,0,,0,0,,,
FTABLES,FTABLE,Disch3,,float,50,60,10,,,,0,0,,0,0,,,
FTABLES,FTABLE,Disch4,,float,60,70,10,,,,0,0,,0,0,,,
FTABLES,FTABLE,Disch5,,float,70,80,10,,,,0,0,,0,0,,,
FTABLES,FTABLE,rows,,int,80,90,10,,,,,,,,,,,
FTABLES,FTABLE,cols,,int,90,100,10,,,,,,,,,,,
GENER,COEFFS,OPNID,,int,0,5,5,PROTECTED,,,,,,,,,,*** GENER operations to which these data apply.
GENER,COEFFS,OPNIDLAST,,int,5,10,5,PROTECTED,,,,,,,,,,*** GENER operations to which these data apply.
GENER,COEFFS,K1,,float,10,20,10,CORRECT,,,0,,,0,,,,"*** K(1) - K(NTERMS) are the coefficients in the power function. This table
*** is only relevant if OPCODE=8."
GENER,COEFFS,K2,,float,20,30,10,CORRECT,,,0,,,0,,,,
GENER,COEFFS,K3,,float,30,40,10,CORRECT,,,0,,,0,,,,
GENER,COEFFS,K4,,float,40,50,10,CORRECT,,,0,,,0,,,,
GENER,COEFFS,K5,,float,50,60,10,CORRECT,,,0,,,0,,,,
GENER,COEFFS,K6,,float,60,70,10,CORRECT,,,0,,,0,,,,
GENER,COEFFS,K7,,float,70,80,10,CORRECT,,,0,,,0,,,,
GENER,NTERMS,OPNID,,int,0,5,5,PROTECTED,,,,,,,,,,*** GENER operations to which these data apply.
GENER,NTERMS,OPNIDLAST,,int,5,10,5,PROTECTED,,,,,,,,,,*** GENER operations to which these data apply.
GENER,NTERMS,NTERMS,,int,10,15,5,CORRECT,,,2,1,7,2,1,7,,"*** NTERMS is the total no. of terms in the power series. This table is only
*** relevant if POCODE=8."
GENER,OPCODE,OPNID,,int,0,5,5,PROTECTED,,,,,,,,,,*** GENER operations to which these data apply.
GENER,OPCODE,OPNIDLAST,,int,5,10,5,PROTECTED,,,,,,,,,,*** GENER operations to which these data apply.
GENER,OPCODE,OPCODE,,int,10,15,5,CORRECT,,,,1,26,,1,26,,"*** OPCODE is the GENER operation code. For further details, see Section 4.
*** 2(15) of Part E."
GENER,OPCODE,NTS,,int,15,20,5,CORRECT,,,1,1,20,1,1,20,,*** NTS is the number of timeseries being modified by GENER.
GENER,PARM,OPNID,,int,0,5,5,PROTECTED,,,,,,,,,,*** GENER operations to which these data apply.
GENER,PARM,OPNIDLAST,,int,5,10,5,PROTECTED,,,,,,,,,,*** GENER operations to which these data apply.
GENER,PARM,K,,float,10,20,10,CORRECT,,,1,,,1,,,,"*** K is the constant required in the operation. (OPCODE = 9,10,11)"
GLOBAL,,COMMENT,,string,0,80,78,,,,,,,,,,,
GLOBAL,,SYR,,int,90,98,8,,,,1900,1,32767,1900,1,32767,,
GLOBAL,,SMO,,int,99,101,2,,,,1,1,12,1,1,12,,
GLOBAL,,SDA,,int,102,104,2,,,,1,1,31,1,1,31,,
GLOBAL,,SHR,,int,105,107,2,,,,0,0,23,0,0,23,,
GLOBAL,,SMI,,int,108,110,2,,,,0,0,59,0,0,59,,
GLOBAL,,EYR,,int,115,123,8,,,,1900,1,32767,1900,1,32767,,
GLOBAL,,EMO,,int,124,126,2,,,,12,1,12,12,1,12,,
GLOBAL,,EDA,,int,127,129,2,,,,31,1,31,31,1,31,,
GLOBAL,,EHR,,int,130,132,2,,,,24,0,24,24,0,24,,
GLOBAL,,EMI,,int,133,135,2,,,,0,0,59,0,0,59,,
GLOBAL,,LEV,,int,185,190,5,,,,0,0,10,0,0,10,,
GLOBAL,,SPA,,int,190,195,5,,,,2,0,10,2,0,10,,
GLOBAL,,RES,,int,250,255,5,,,,0,0,1,0,0,1,,
GLOBAL,,RUN,,int,260,265,5,,,,0,0,1,0,0,1,,
GLOBAL,,UFG,,int,295,300,5,,,,1,1,2,1,1,2,,
IMPLND,ACTIVITY,OPNID,GENERAL,int,0,5,5,PROTECTED,,,,,,,,,,*** ILS to which these data apply.
IMPLND,ACTIVITY,OPNIDLAST,GENERAL,int,5,10,5,PROTECTED,,,,,,,,,,*** ILS to which these data apply.
IMPLND,ACTIVITY,ATEMP,GENERAL,int,10,15,5,CORRECT,,,0,0,1,0,0,1,,*** value of 1 indicates section ATEMP is active
IMPLND,ACTIVITY,SNOW,GENERAL,int,15,20,5,CORRECT,,,0,0,1,0,0,1,,*** value of 1 indicates section SNOW is active
IMPLND,ACTIVITY,IWATER,GENERAL,int,20,25,5,CORRECT,,,0,0,1,0,0,1,,*** value of 1 indicates section IWATER is active.
IMPLND,ACTIVITY,SOLIDS,GENERAL,int,25,30,5,CORRECT,,,0,0,1,0,0,1,,*** value of 1 indicates section SOLIDS is active.
IMPLND,ACTIVITY,IWTGAS,GENERAL,int,30,35,5,CORRECT,,,0,0,1,0,0,1,,*** value of 1 indicates section IWTGAS is active.
IMPLND,ACTIVITY,IQUAL,GENERAL,int,35,40,5,CORRECT,,,0,0,1,0,0,1,,*** value of 1 indicates section IQUAL is active
IMPLND,ATEMP-DAT,OPNID,ATEMP,int,0,5,5,PROTECTED,,,,,,,,,,*** ILS to which these data apply.
IMPLND,ATEMP-DAT,OPNIDLAST,ATEMP,int,5,10,5,PROTECTED,,,,,,,,,,*** ILS to which these data apply.
IMPLND,ATEMP-DAT,ELDAT,ATEMP,float,10,20,10,CORRECT,,,0,,,0,,,,"*** ELDAT is the difference in elevation between the temperature gage and
*** the ILS; it is used to estimate the temperature over the ILS by
*** application of a lapse rate. It is positive if the ILS is higher than
*** the gage, and vice versa."
IMPLND,ATEMP-DAT,AIRTMP,ATEMP,float,20,30,10,CORRECT,,,15,-50,60,60,-60,140,,"*** AIRTMP is the air temperature over the ILS at the start of the
*** RUN."
IMPLND,BINARY-INFO,OPNID,GENERAL,int,0,5,5,PROTECTED,,,,,,,,,,*** ILS to which these data apply.
IMPLND,BINARY-INFO,OPNIDLAST,GENERAL,int,5,10,5,PROTECTED,,,,,,,,,,*** ILS to which these data apply.
IMPLND,BINARY-INFO,ATEMP,GENERAL,int,10,15,5,CORRECT,,,4,2,6,4,2,6,,*** Output level for section ATMP.
IMPLND,BINARY-INFO,SNOW,GENERAL,int,15,20,5,CORRECT,,,4,2,6,4,2,6,,*** Output level for section SNOW.
IMPLND,BINARY-INFO,IWATER,GENERAL,int,20,25,5,CORRECT,,,4,2,6,4,2,6,,*** Output level for section IWAT.
IMPLND,BINARY-INFO,SOLIDS,GENERAL,int,25,30,5,CORRECT,,,4,2,6,4,2,6,,*** Output level for section SLD.
IMPLND,BINARY-INFO,IWTGAS,GENERAL,int,30,35,5,CORRECT,,,4,2,6,4,2,6,,*** Output level for section IWG.
IMPLND,BINARY-INFO,IQUAL,GENERAL,int,35,40,5,CORRECT,,,4,2,6,4,2,6,,*** Output level for section IQAL.
IMPLND,BINARY-INFO,PIVL,GENERAL,int,40,45,5,CORRECT,,,1,1,1440,1,1,1440,,"*** A value need only be supplied for PIVL if one or more sections have a
*** output level of 2. For those sections, output will occur every PIVL
*** intervals (that is, every PDELT=PIVL*DELT mins). PIVL must be chosen
*** such that there are an integer no. of PDELT periods in a day."
IMPLND,BINARY-INFO,PYREND,GENERAL,int,45,50,5,CORRECT,,,9,1,12,9,1,12,,"*** PYREND is the calendar month which will terminate the year for output
*** purposes. Thus, the annual summary can reflect the situation over the
*** past water year or the past calendar year, etc."
IMPLND,GEN-INFO,OPNID,GENERAL,int,0,5,5,PROTECTED,,,,,,,,,,*** ILS to which these data apply.
IMPLND,GEN-INFO,OPNIDLAST,GENERAL,int,5,10,5,PROTECTED,,,,,,,,,,*** ILS to which these data apply.
IMPLND,GEN-INFO,LSID,GENERAL,string,10,30,20,CORRECT,,,,,,,,,,"*** Any string of up to 20 characters may be supplied as the identifier for
*** an ILS."
IMPLND,GEN-INFO,IUNITS,GENERAL,int,35,40,5,CORRECT,,,1,1,2,1,1,2,,"*** IUNITS indicates the system of units for data in the input time series;
*** 1 means English units, 2 means Metric units."
IMPLND,GEN-INFO,OUNITS,GENERAL,int,40,45,5,CORRECT,,,1,1,2,1,1,2,,"*** OUNITS indicates the system of units for data in the output time series;
*** 1 means English units, 2 means Metric units."
IMPLND,GEN-INFO,PUNIT1,GENERAL,int,45,50,5,CORRECT,,,0,0,99,0,0,99,,"*** PUNIT(1) indicates the destinations of printout in English units. A
*** value 0 means no printout is required in English units. A non-zero value
*** means printout is required in English units and the value is the Fortran
*** unit no. of the file to which the printout is to be written. Note that
*** printout for each Impervious Land Segment can be obtained in either the
*** English or Metric systems, or both (irrespective of the system used to
*** supply the inputs)."
IMPLND,GEN-INFO,PUNIT2,GENERAL,int,50,55,5,CORRECT,,,0,0,99,0,0,99,,"*** PUNIT(2) indicates the destinations of printout in Metric units. A value
*** of 0 means no printout is required in Metric units. A non-zero value
*** means printout is required in Metric units and the value is the Fortran
*** unit no. of the file to which the printout is to be written. Note that
*** printout for each Impervious Land Segment can be obtained in either the
*** English or Metric systems, or both (irrespective of the system used to
*** supply the inputs)."
IMPLND,GEN-INFO,BUNIT1,GENERAL,int,55,60,5,CORRECT,,,0,0,99,0,0,99,,"*** BUNIT(1) is the destination of binary output in English units. A value
*** of 0 means no binary output is required in English units. A non-zero
*** value means binary output is required in English units and the value is
*** the Fortran unit no. of the file to which the binary output is to be
*** written. Note that binary output for each Impervious Land Segment can be
*** obtained in either the English or Metric systems, or both (irrespective
*** of the system used to supply the inputs)."
IMPLND,GEN-INFO,BUNIT2,GENERAL,int,60,65,5,CORRECT,,,0,0,99,0,0,99,,"*** BUNIT(2) is the destination of binary output in Metric units. A value of
*** 0 means no binary output is required in Metric units. A non-zero value
*** means binary output is required in Metric units and the value is the
*** Fortran unit no. of the file to which the binary output is to be
*** written. Note that binary output for each Impervious Land Segment can be
*** obtained in either the English or Metric systems, or both (irrespective
*** of the system used to supply the inputs)."
IMPLND,ICE-FLAG,OPNID,SNOW,int,0,5,5,PROTECTED,,,,,,,,,,*** ILS to which these data apply.
IMPLND,ICE-FLAG,OPNIDLAST,SNOW,int,5,10,5,PROTECTED,,,,,,,,,,*** ILS to which these data apply.
IMPLND,ICE-FLAG,ICEFG,SNOW,int,10,15,5,CORRECT,,,0,0,1,0,0,1,,"*** A value of 0 means ice formation in snow pack will not be simulated; 1
*** means it will."
IMPLND,IQL-AD-FLAGS,OPNID,IQUAL,int,0,5,5,PROTECTED,,,,,,,,,,*** ILS to which these data apply.
IMPLND,IQL-AD-FLAGS,OPNIDLAST,IQUAL,int,5,10,5,PROTECTED,,,,,,,,,,*** ILS to which these data apply.
IMPLND,IQL-AD-FLAGS,IQADFG1,IQUAL,int,11,14,3,CORRECT,-999,,0,-1,999,0,-1,999,,"*** Value of 0 indicates that atmospheric deposition flux of quality
*** constituent #1 is either absent or is supplied as a direct time series
*** as IQADFX. A value greater than 0 indicates the index number of the
*** MONTH-DATA block to be used to supply atmospheric deposition data.
*** _PNAME IQADFG(1)"
IMPLND,IQL-AD-FLAGS,IQADFG2,IQUAL,int,14,17,3,CORRECT,-999,,0,-1,999,0,-1,999,,"*** Value of 0 indicates that concentration of quality constituent #1 in
*** precipitation is either absent or is supplied as a direct time series as
*** IQADCN. A value greater than 0 indicates the index number of the
*** MONTH-DATA block to be used to supply atmospheric deposition data.
*** _PNAME IQADFG(2)"
IMPLND,IQL-AD-FLAGS,IQADFG3,IQUAL,int,18,21,3,CORRECT,-999,,0,-1,999,0,-1,999,,"*** Value of 0 indicates that atmospheric deposition flux of quality
*** constituent #2 is either absent or is supplied as a direct time series
*** as IQADFX. A value greater than 0 indicates the index number of the
*** MONTH-DATA block to be used to supply atmospheric deposition data.
*** _PNAME IQADFG(3)"
IMPLND,IQL-AD-FLAGS,IQADFG4,IQUAL,int,21,24,3,CORRECT,-999,,0,-1,999,0,-1,999,,"*** Value of 0 indicates that concentration of quality constituent #2 in
*** precipitation is either absent or is supplied as a direct time series as
*** IQADCN. A value greater than 0 indicates the index number of the
*** MONTH-DATA block to be used to supply atmospheric deposition data.
*** _PNAME IQADFG(4)"
IMPLND,IQL-AD-FLAGS,IQADFG5,IQUAL,int,25,28,3,CORRECT,-999,,0,-1,999,0,-1,999,,"*** Value of 0 indicates that atmospheric deposition flux of quality
*** constituent #3 is either absent or is supplied as a direct time series
*** as IQADFX. A value greater than 0 indicates the index number of the
*** MONTH-DATA block to be used to supply atmospheric deposition data.
*** _PNAME IQADFG(5)"
IMPLND,IQL-AD-FLAGS,IQADFG6,IQUAL,int,28,31,3,CORRECT,-999,,0,-1,999,0,-1,999,,"*** Value of 0 indicates that concentration of quality constituent #3 in
*** precipitation is either absent or is supplied as a direct time series as
*** IQADCN. A value greater than 0 indicates the index number of the
*** MONTH-DATA block to be used to supply atmospheric deposition data.
*** _PNAME IQADFG(6)"
IMPLND,IQL-AD-FLAGS,IQADFG7,IQUAL,int,32,35,3,CORRECT,-999,,0,-1,999,0,-1,999,,"*** Value of 0 indicates that atmospheric deposition flux of quality
*** constituent #4 is either absent or is supplied as a direct time series
*** as IQADFX. A value greater than 0 indicates the index number of the
*** MONTH-DATA block to be used to supply atmospheric deposition data.
*** _PNAME IQADFG(7)"
IMPLND,IQL-AD-FLAGS,IQADFG8,IQUAL,int,35,38,3,CORRECT,-999,,0,-1,999,0,-1,999,,"*** Value of 0 indicates that concentration of quality constituent #4 in
*** precipitation is either absent or is supplied as a direct time series as
*** IQADCN. A value greater than 0 indicates the index number of the
*** MONTH-DATA block to be used to supply atmospheric deposition data.
*** _PNAME IQADFG(8)"
IMPLND,IQL-AD-FLAGS,IQADFG9,IQUAL,int,39,42,3,CORRECT,-999,,0,-1,999,0,-1,999,,"*** Value of 0 indicates that atmospheric deposition flux of quality
*** constituent #5 is either absent or is supplied as a direct time series
*** as IQADFX. A value greater than 0 indicates the index number of the
*** MONTH-DATA block to be used to supply atmospheric deposition data.
*** _PNAME IQADFG(9)"
IMPLND,IQL-AD-FLAGS,IQADFG10,IQUAL,int,42,45,3,CORRECT,-999,,0,-1,999,0,-1,999,,"*** Value of 0 indicates that concentration of quality constituent #5 in
*** precipitation is either absent or is supplied as a direct time series as
*** IQADCN. A value greater than 0 indicates the index number of the
*** MONTH-DATA block to be used to supply atmospheric deposition data.
*** _PNAME IQADFG(10)"
IMPLND,IQL-AD-FLAGS,IQADFG11,IQUAL,int,46,49,3,CORRECT,-999,,0,-1,999,0,-1,999,,"*** Value of 0 indicates that atmospheric deposition flux of quality
*** constituent #6 is either absent or is supplied as a direct time series
*** as IQADFX. A value greater than 0 indicates the index number of the
*** MONTH-DATA block to be used to supply atmospheric deposition data.
*** _PNAME IQADFG(11)"
IMPLND,IQL-AD-FLAGS,IQADFG12,IQUAL,int,49,52,3,CORRECT,-999,,0,-1,999,0,-1,999,,"*** Value of 0 indicates that concentration of quality constituent #6 in
*** precipitation is either absent or is supplied as a direct time series as
*** IQADCN. A value greater than 0 indicates the index number of the
*** MONTH-DATA block to be used to supply atmospheric deposition data.
*** _PNAME IQADFG(12)"
IMPLND,IQL-AD-FLAGS,IQADFG13,IQUAL,int,53,56,3,CORRECT,-999,,0,-1,999,0,-1,999,,"*** Value of 0 indicates that atmospheric deposition flux of quality
*** constituent #7 is either absent or is supplied as a direct time series
*** as IQADFX. A value greater than 0 indicates the index number of the
*** MONTH-DATA block to be used to supply atmospheric deposition data.
*** _PNAME IQADFG(13)"
IMPLND,IQL-AD-FLAGS,IQADFG14,IQUAL,int,56,59,3,CORRECT,-999,,0,-1,999,0,-1,999,,"*** Value of 0 indicates that concentration of quality constituent #7 in
*** precipitation is either absent or is supplied as a direct time series as
*** IQADCN. A value greater than 0 indicates the index number of the
*** MONTH-DATA block to be used to supply atmospheric deposition data.
*** _PNAME IQADFG(14)"
IMPLND,IQL-AD-FLAGS,IQADFG15,IQUAL,int,60,63,3,CORRECT,-999,,0,-1,999,0,-1,999,,"*** Value of 0 indicates that atmospheric deposition flux of quality
*** constituent #8 is either absent or is supplied as a direct time series
*** as IQADFX. A value greater than 0 indicates the index number of the
*** MONTH-DATA block to be used to supply atmospheric deposition data.
*** _PNAME IQADFG(15)"
IMPLND,IQL-AD-FLAGS,IQADFG16,IQUAL,int,63,66,3,CORRECT,-999,,0,-1,999,0,-1,999,,"*** Value of 0 indicates that concentration of quality constituent #8 in
*** precipitation is either absent or is supplied as a direct time series as
*** IQADCN. A value greater than 0 indicates the index number of the
*** MONTH-DATA block to be used to supply atmospheric deposition data.
*** _PNAME IQADFG(16)"
IMPLND,IQL-AD-FLAGS,IQADFG17,IQUAL,int,67,70,3,CORRECT,-999,,0,-1,999,0,-1,999,,"*** Value of 0 indicates that atmospheric deposition flux of quality
*** constituent #9 is either absent or is supplied as a direct time series
*** as IQADFX. A value greater than 0 indicates the index number of the
*** MONTH-DATA block to be used to supply atmospheric deposition data.
*** _PNAME IQADFG(17)"
IMPLND,IQL-AD-FLAGS,IQADFG18,IQUAL,int,70,73,3,CORRECT,-999,,0,-1,999,0,-1,999,,"*** Value of 0 indicates that concentration of quality constituent #9 in
*** precipitation is either absent or is supplied as a direct time series as
*** IQADCN. A value greater than 0 indicates the index number of the
*** MONTH-DATA block to be used to supply atmospheric deposition data.
*** _PNAME IQADFG(18)"
IMPLND,IQL-AD-FLAGS,IQADFG19,IQUAL,int,74,77,3,CORRECT,-999,,0,-1,999,0,-1,999,,"*** Value of 0 indicates that atmospheric deposition flux of quality
*** constituent #10 is either absent or is supplied as a direct time series
*** as IQADFX. A value greater than 0 indicates the index number of the
*** MONTH-DATA block to be used to supply atmospheric deposition data.
*** _PNAME IQADFG(19)"
IMPLND,IQL-AD-FLAGS,IQADFG20,IQUAL,int,77,80,3,CORRECT,-999,,0,-1,999,0,-1,999,,"*** Value of 0 indicates that concentration of quality constituent #10 in
*** precipitation is either absent or is supplied as a direct time series as
*** IQADCN. A value greater than 0 indicates the index number of the
*** MONTH-DATA block to be used to supply atmospheric deposition data.
*** _PNAME IQADFG(20)"
IMPLND,IWAT-PARM1,OPNID,IWATER,int,0,5,5,PROTECTED,,,,,,,,,,*** ILS to which these data apply.
IMPLND,IWAT-PARM1,OPNIDLAST,IWATER,int,5,10,5,PROTECTED,,,,,,,,,,*** ILS to which these data apply.
IMPLND,IWAT-PARM1,CSNOFG,IWATER,int,10,15,5,CORRECT,,,0,0,1,0,0,1,,"*** If CSNOFG is 1, section IWATER assumes that snow accumulation and melt
*** is being considered. It will, therefore, expect that the time series
*** produced by section SNOW are available, either internally (produced in
*** this RUN) or from external sources (produced in a previous RUN). If
*** CSNOFG is 0, no such time series are expected. See the functional
*** description for further information."
IMPLND,IWAT-PARM1,RTOPFG,IWATER,int,15,20,5,CORRECT,,,0,0,1,0,0,1,,"*** If RTOPFG is 1, routing of overland flow is done in exactly the same way
*** as in NPS. A value of 0 results in a new algorithm being used."
IMPLND,IWAT-PARM1,VRSFG,IWATER,int,20,25,5,CORRECT,,,0,0,1,0,0,1,,"*** VRSFG: value of 1 means vary retention storage capacity monthly; 0 means
*** use annual value."
IMPLND,IWAT-PARM1,VNNFG,IWATER,int,25,30,5,CORRECT,,,0,0,1,0,0,1,,"*** VNNFG: value of 1 means vary Manning's n for the overland flow plane
*** monthly; 0 means use annual value."
IMPLND,IWAT-PARM1,RTLIFG,IWATER,int,30,35,5,CORRECT,,,0,0,1,0,0,1,,"*** If RTLIFG is 1, any lateral surface inflow to the ILS will be subject to
*** retention storage; if it is 0, it will not."
IMPLND,IWAT-PARM2,OPNID,IWATER,int,0,5,5,PROTECTED,,,,,,,,,,*** ILS to which these data apply.
IMPLND,IWAT-PARM2,OPNIDLAST,IWATER,int,5,10,5,PROTECTED,,,,,,,,,,*** ILS to which these data apply.
IMPLND,IWAT-PARM2,LSUR,IWATER,float,10,20,10,CORRECT,,,,0.3,,,1,,,*** LSUR is the length of the assumed overland flow plane.
IMPLND,IWAT-PARM2,SLSUR,IWATER,float,20,30,10,CORRECT,,,,0.000001,10,,0.000001,10,,*** SLSUR is the slope of the assumed overland flow plane.
IMPLND,IWAT-PARM2,NSUR,IWATER,float,30,40,10,CORRECT,,,0.1,0.001,1,0.1,0.001,1,,*** NSUR is Manning's n for the overland flow plane.
IMPLND,IWAT-PARM2,RETSC,IWATER,float,40,50,10,CORRECT,,,0,0,250,0,0,10,,*** RETSC is the retention (interception) storage capacity of the surface.
IMPLND,IWAT-PARM3,OPNID,IWATER,int,0,5,5,PROTECTED,,,,,,,,,,*** ILS to which these data apply.
IMPLND,IWAT-PARM3,OPNIDLAST,IWATER,int,5,10,5,PROTECTED,,,,,,,,,,*** ILS to which these data apply.
IMPLND,IWAT-PARM3,PETMAX,IWATER,float,10,20,10,CORRECT,,,4.4,,,40,,,,"*** PETMAX is the air temperature below which E-T will arbitrarily be
*** reduced below the value obtained from the input time series."
IMPLND,IWAT-PARM3,PETMIN,IWATER,float,20,30,10,CORRECT,,,1.7,,,35,,,,"*** PETMIN is the temperature below which E-T will be zero regardless of the
*** value in the input time series."
IMPLND,IWAT-STATE1,OPNID,IWATER,int,0,5,5,PROTECTED,,,,,,,,,,*** ILS to which these data apply.
IMPLND,IWAT-STATE1,OPNIDLAST,IWATER,int,5,10,5,PROTECTED,,,,,,,,,,*** ILS to which these data apply.
IMPLND,IWAT-STATE1,RETS,IWATER,float,10,20,10,CORRECT,,,0.25,0.25,2500,0.001,0.001,100,,*** RETS is the initial retention storage.
IMPLND,IWAT-STATE1,SURS,IWATER,float,20,30,10,CORRECT,,,0.25,0.25,2500,0.001,0.001,100,,*** SURS is the initial surface (overland flow) storage.
IMPLND,IWT-INIT,OPNID,IWTGAS,int,0,5,5,PROTECTED,,,,,,,,,,*** ILS to which these data apply.
IMPLND,IWT-INIT,OPNIDLAST,IWTGAS,int,5,10,5,PROTECTED,,,,,,,,,,*** ILS to which these data apply.
IMPLND,IWT-INIT,SOTMP,IWTGAS,float,10,20,10,CORRECT,,,16,0.01,38,60,32,100,,*** SOTMP is initial surface outflow temperature.
IMPLND,IWT-INIT,SODOX,IWTGAS,float,20,30,10,CORRECT,,,0,0,20,0,0,20,,*** SODOX is initial DO concentration in surface outflow.
IMPLND,IWT-INIT,SOCO2,IWTGAS,float,30,40,10,CORRECT,,,0,0,1,0,0,1,,*** SOCO2 is initial CO2 concentration in surface outflow.
IMPLND,IWT-PARM1,OPNID,IWTGAS,int,0,5,5,PROTECTED,,,,,,,,,,*** ILS to which these data apply.
IMPLND,IWT-PARM1,OPNIDLAST,IWTGAS,int,5,10,5,PROTECTED,,,,,,,,,,*** ILS to which these data apply.
IMPLND,IWT-PARM1,WTFVFG,IWTGAS,int,10,15,5,CORRECT,,,0,0,1,0,0,1,,"*** WTFVFG: value of 1 means to vary the water temperature regression
*** parameters (AWTF and BWTF) monthly; 0 means use annual values."
IMPLND,IWT-PARM1,CSNOFG,IWTGAS,int,15,20,5,CORRECT,,,0,0,1,0,0,1,,"*** If CSNOFG=1, the effects of snow accumulation and melt are being
*** considered; if it is zero, they are not. If section IWATER is active the
*** value of CSNOFG supplied here is ignored because it was first supplied
*** in the input for that section."
IMPLND,IWT-PARM2,OPNID,IWTGAS,int,0,5,5,PROTECTED,,,,,,,,,,*** ILS to which these data apply.
IMPLND,IWT-PARM2,OPNIDLAST,IWTGAS,int,5,10,5,PROTECTED,,,,,,,,,,*** ILS to which these data apply.
IMPLND,IWT-PARM2,ELEV,IWTGAS,float,10,20,10,CORRECT,,,0,-300,9100,0,-1000,30000,,"*** ELEV is the elevation of the ILS above sea level (used to adjust
*** saturation concentrations of dissolved gases in surface outflow)."
IMPLND,IWT-PARM2,AWTF,IWTGAS,float,20,30,10,CORRECT,,,0,-18,38,32,0,100,,"*** AWTF is the surface water temperature, when the air teperature is 32
*** degrees F (0 degrees C). It is the intercept of the surface water
*** temperature regression equation."
IMPLND,IWT-PARM2,BWTF,IWTGAS,float,30,40,10,CORRECT,,,1,0.001,2,1,0.001,2,,*** BWTF is the slope of the surface water temperature regression equation.
IMPLND,LAT-FACTOR,OPNID,IWTGAS,int,0,5,5,PROTECTED,,,,,,,,,,*** ILSs to which these data apply.
IMPLND,LAT-FACTOR,OPNIDLAST,IWTGAS,int,5,10,5,PROTECTED,,,,,,,,,,*** ILSs to which these data apply.
IMPLND,LAT-FACTOR,SDLFAC,IWTGAS,float,10,20,10,CORRECT,,,0,0,1,0,0,1,,"*** SDLFAC is the weighting factor which accounts for the influence of
*** lateral inflow on the outflow concentration for sediment-associated
*** constituents which do not maintain a mass balance (QUALSD)"
IMPLND,LAT-FACTOR,SLIFAC,IWTGAS,float,20,30,10,CORRECT,,,0,0,1,0,0,1,,"*** SLIFAC is the weighting factor which accounts for the influence of
*** lateral inflow on the surface outflow concentration for constituents
*** which do not maintain a mass balance (temp, DO, CO2)"
IMPLND,MON-ACCUM,OPNID,IQUAL,int,0,5,5,PROTECTED,,,,,,,,,,*** ILS to which these data apply.
IMPLND,MON-ACCUM,OPNIDLAST,IQUAL,int,5,10,5,PROTECTED,,,,,,,,,,*** ILS to which these data apply.
IMPLND,MON-ACCUM,ACQO1,IQUAL,float,10,15,5,CORRECT,,,0,0,,0,0,,,*** ACQO1 is the accumulation rate of QUALOF at the start of January
IMPLND,MON-ACCUM,ACQO2,IQUAL,float,15,20,5,CORRECT,,,0,0,,0,0,,,
IMPLND,MON-ACCUM,ACQO3,IQUAL,float,20,25,5,CORRECT,,,0,0,,0,0,,,
IMPLND,MON-ACCUM,ACQO4,IQUAL,float,25,30,5,CORRECT,,,0,0,,0,0,,,
IMPLND,MON-ACCUM,ACQO5,IQUAL,float,30,35,5,CORRECT,,,0,0,,0,0,,,
IMPLND,MON-ACCUM,ACQO6,IQUAL,float,35,40,5,CORRECT,,,0,0,,0,0,,,
IMPLND,MON-ACCUM,ACQO7,IQUAL,float,40,45,5,CORRECT,,,0,0,,0,0,,,
IMPLND,MON-ACCUM,ACQO8,IQUAL,float,45,50,5,CORRECT,,,0,0,,0,0,,,
IMPLND,MON-ACCUM,ACQO9,IQUAL,float,50,55,5,CORRECT,,,0,0,,0,0,,,
IMPLND,MON-ACCUM,ACQO10,IQUAL,float,55,60,5,CORRECT,,,0,0,,0,0,,,
IMPLND,MON-ACCUM,ACQO11,IQUAL,float,60,65,5,CORRECT,,,0,0,,0,0,,,
IMPLND,MON-ACCUM,ACQO12,IQUAL,float,65,70,5,CORRECT,,,0,0,,0,0,,,
IMPLND,MON-AWTF,OPNID,IWTGAS,int,0,5,5,PROTECTED,,,,,,,,,,*** ILS to which these data apply.
IMPLND,MON-AWTF,OPNIDLAST,IWTGAS,int,5,10,5,PROTECTED,,,,,,,,,,*** ILS to which these data apply.
IMPLND,MON-AWTF,AWTF1,IWTGAS,float,10,15,5,CORRECT,,,0,-18,38,32,0,100,,"*** AWTF1 is the intercept of surface water temperature regression equation
*** at the start of January."
IMPLND,MON-AWTF,AWTF2,IWTGAS,float,15,20,5,CORRECT,,,0,-18,38,32,0,100,,
IMPLND,MON-AWTF,AWTF3,IWTGAS,float,20,25,5,CORRECT,,,0,-18,38,32,0,100,,
IMPLND,MON-AWTF,AWTF4,IWTGAS,float,25,30,5,CORRECT,,,0,-18,38,32,0,100,,
IMPLND,MON-AWTF,AWTF5,IWTGAS,float,30,35,5,CORRECT,,,0,-18,38,32,0,100,,
IMPLND,MON-AWTF,AWTF6,IWTGAS,float,35,40,5,CORRECT,,,0,-18,38,32,0,100,,
IMPLND,MON-AWTF,AWTF7,IWTGAS,float,40,45,5,CORRECT,,,0,-18,38,32,0,100,,
IMPLND,MON-AWTF,AWTF8,IWTGAS,float,45,50,5,CORRECT,,,0,-18,38,32,0,100,,
IMPLND,MON-AWTF,AWTF9,IWTGAS,float,50,55,5,CORRECT,,,0,-18,38,32,0,100,,
IMPLND,MON-AWTF,AWTF10,IWTGAS,float,55,60,5,CORRECT,,,0,-18,38,32,0,100,,
IMPLND,MON-AWTF,AWTF11,IWTGAS,float,60,65,5,CORRECT,,,0,-18,38,32,0,100,,
IMPLND,MON-AWTF,AWTF12,IWTGAS,float,65,70,5,CORRECT,,,0,-18,38,32,0,100,,
IMPLND,MON-BWTF,OPNID,IWTGAS,int,0,5,5,PROTECTED,,,,,,,,,,*** ILS to which these data apply.
IMPLND,MON-BWTF,OPNIDLAST,IWTGAS,int,5,10,5,PROTECTED,,,,,,,,,,*** ILS to which these data apply.
IMPLND,MON-BWTF,BWTF1,IWTGAS,float,10,15,5,CORRECT,,,1,0.001,2,1,0.001,2,,"*** BWTF1 is the slope of surface water temperature regression equation at
*** the start of January."
IMPLND,MON-BWTF,BWTF2,IWTGAS,float,15,20,5,CORRECT,,,1,0.001,2,1,0.001,2,,
IMPLND,MON-BWTF,BWTF3,IWTGAS,float,20,25,5,CORRECT,,,1,0.001,2,1,0.001,2,,
IMPLND,MON-BWTF,BWTF4,IWTGAS,float,25,30,5,CORRECT,,,1,0.001,2,1,0.001,2,,
IMPLND,MON-BWTF,BWTF5,IWTGAS,float,30,35,5,CORRECT,,,1,0.001,2,1,0.001,2,,
IMPLND,MON-BWTF,BWTF6,IWTGAS,float,35,40,5,CORRECT,,,1,0.001,2,1,0.001,2,,
IMPLND,MON-BWTF,BWTF7,IWTGAS,float,40,45,5,CORRECT,,,1,0.001,2,1,0.001,2,,
IMPLND,MON-BWTF,BWTF8,IWTGAS,float,45,50,5,CORRECT,,,1,0.001,2,1,0.001,2,,
IMPLND,MON-BWTF,BWTF9,IWTGAS,float,50,55,5,CORRECT,,,1,0.001,2,1,0.001,2,,
IMPLND,MON-BWTF,BWTF10,IWTGAS,float,55,60,5,CORRECT,,,1,0.001,2,1,0.001,2,,
IMPLND,MON-BWTF,BWTF11,IWTGAS,float,60,65,5,CORRECT,,,1,0.001,2,1,0.001,2,,
IMPLND,MON-BWTF,BWTF12,IWTGAS,float,65,70,5,CORRECT,,,1,0.001,2,1,0.001,2,,
IMPLND,MON-MANNING,OPNID,IWATER,int,0,5,5,PROTECTED,,,,,,,,,,*** ILS to which these data apply.
IMPLND,MON-MANNING,OPNIDLAST,IWATER,int,5,10,5,PROTECTED,,,,,,,,,,*** ILS to which these data apply.
IMPLND,MON-MANNING,NSUR1,IWATER,float,10,15,5,CORRECT,,,0.1,0.001,1,0.1,0.001,1,,*** NSUR1 is the Manning's n value in January.
IMPLND,MON-MANNING,NSUR2,IWATER,float,15,20,5,CORRECT,,,0.1,0.001,1,0.1,0.001,1,,
IMPLND,MON-MANNING,NSUR3,IWATER,float,20,25,5,CORRECT,,,0.1,0.001,1,0.1,0.001,1,,
IMPLND,MON-MANNING,NSUR4,IWATER,float,25,30,5,CORRECT,,,0.1,0.001,1,0.1,0.001,1,,
IMPLND,MON-MANNING,NSUR5,IWATER,float,30,35,5,CORRECT,,,0.1,0.001,1,0.1,0.001,1,,
IMPLND,MON-MANNING,NSUR6,IWATER,float,35,40,5,CORRECT,,,0.1,0.001,1,0.1,0.001,1,,
IMPLND,MON-MANNING,NSUR7,IWATER,float,40,45,5,CORRECT,,,0.1,0.001,1,0.1,0.001,1,,
IMPLND,MON-MANNING,NSUR8,IWATER,float,45,50,5,CORRECT,,,0.1,0.001,1,0.1,0.001,1,,
IMPLND,MON-MANNING,NSUR9,IWATER,float,50,55,5,CORRECT,,,0.1,0.001,1,0.1,0.001,1,,
IMPLND,MON-MANNING,NSUR10,IWATER,float,55,60,5,CORRECT,,,0.1,0.001,1,0.1,0.001,1,,
IMPLND,MON-MANNING,NSUR11,IWATER,float,60,65,5,CORRECT,,,0.1,0.001,1,0.1,0.001,1,,
IMPLND,MON-MANNING,NSUR12,IWATER,float,65,70,5,CORRECT,,,0.1,0.001,1,0.1,0.001,1,,
IMPLND,MON-MELT-FAC,OPNID,SNOW,int,0,5,5,PROTECTED,,,,,,,,,,*** ILSs to which these data apply.
IMPLND,MON-MELT-FAC,OPNIDLAST,SNOW,int,5,10,5,PROTECTED,,,,,,,,,,*** ILSs to which these data apply.
IMPLND,MON-MELT-FAC,KMJAN,SNOW,float,10,15,5,CORRECT,,,0,0,,0,0,,,*** KMJAN is the degree-day snowmelt factor at the start of January
IMPLND,MON-MELT-FAC,KMFEB,SNOW,float,15,20,5,CORRECT,,,0,0,,0,0,,,
IMPLND,MON-MELT-FAC,KMMAR,SNOW,float,20,25,5,CORRECT,,,0,0,,0,0,,,
IMPLND,MON-MELT-FAC,KMAPR,SNOW,float,25,30,5,CORRECT,,,0,0,,0,0,,,
IMPLND,MON-MELT-FAC,KMMAY,SNOW,float,30,35,5,CORRECT,,,0,0,,0,0,,,
IMPLND,MON-MELT-FAC,KMJUN,SNOW,float,35,40,5,CORRECT,,,0,0,,0,0,,,
IMPLND,MON-MELT-FAC,KMJUL,SNOW,float,40,45,5,CORRECT,,,0,0,,0,0,,,
IMPLND,MON-MELT-FAC,KMAUG,SNOW,float,45,50,5,CORRECT,,,0,0,,0,0,,,
IMPLND,MON-MELT-FAC,KMSEP,SNOW,float,50,55,5,CORRECT,,,0,0,,0,0,,,
IMPLND,MON-MELT-FAC,KMOCT,SNOW,float,55,60,5,CORRECT,,,0,0,,0,0,,,
IMPLND,MON-MELT-FAC,KMNOV,SNOW,float,60,65,5,CORRECT,,,0,0,,0,0,,,
IMPLND,MON-MELT-FAC,KMDEC,SNOW,float,65,70,5,CORRECT,,,0,0,,0,0,,,
IMPLND,MON-POTFW,OPNID,IQUAL,int,0,5,5,PROTECTED,,,,,,,,,,*** ILS to which these data apply.
IMPLND,MON-POTFW,OPNIDLAST,IQUAL,int,5,10,5,PROTECTED,,,,,,,,,,*** ILS to which these data apply.
IMPLND,MON-POTFW,POTF1,IQUAL,float,10,15,5,CORRECT,,,0,0,,0,0,,,*** POTF1 is the washoff potency factor at the start of January.
IMPLND,MON-POTFW,POTF2,IQUAL,float,15,20,5,CORRECT,,,0,0,,0,0,,,
IMPLND,MON-POTFW,POTF3,IQUAL,float,20,25,5,CORRECT,,,0,0,,0,0,,,
IMPLND,MON-POTFW,POTF4,IQUAL,float,25,30,5,CORRECT,,,0,0,,0,0,,,
IMPLND,MON-POTFW,POTF5,IQUAL,float,30,35,5,CORRECT,,,0,0,,0,0,,,
IMPLND,MON-POTFW,POTF6,IQUAL,float,35,40,5,CORRECT,,,0,0,,0,0,,,
IMPLND,MON-POTFW,POTF7,IQUAL,float,40,45,5,CORRECT,,,0,0,,0,0,,,
IMPLND,MON-POTFW,POTF8,IQUAL,float,45,50,5,CORRECT,,,0,0,,0,0,,,
IMPLND,MON-POTFW,POTF9,IQUAL,float,50,55,5,CORRECT,,,0,0,,0,0,,,
IMPLND,MON-POTFW,POTF10,IQUAL,float,55,60,5,CORRECT,,,0,0,,0,0,,,
IMPLND,MON-POTFW,POTF11,IQUAL,float,60,65,5,CORRECT,,,0,0,,0,0,,,
IMPLND,MON-POTFW,POTF12,IQUAL,float,65,70,5,CORRECT,,,0,0,,0,0,,,
IMPLND,MON-REMOV,OPNID,SOLIDS,int,0,5,5,PROTECTED,,,,,,,,,,*** ILS to which these data apply.
IMPLND,MON-REMOV,OPNIDLAST,SOLIDS,int,5,10,5,PROTECTED,,,,,,,,,,*** ILS to which these data apply.
IMPLND,MON-REMOV,REMS1,SOLIDS,float,10,15,5,CORRECT,,,0,0,1,0,0,1,,*** REMS1 is the solids removal rate in January.
IMPLND,MON-REMOV,REMS2,SOLIDS,float,15,20,5,CORRECT,,,0,0,1,0,0,1,,
IMPLND,MON-REMOV,REMS3,SOLIDS,float,20,25,5,CORRECT,,,0,0,1,0,0,1,,
IMPLND,MON-REMOV,REMS4,SOLIDS,float,25,30,5,CORRECT,,,0,0,1,0,0,1,,
IMPLND,MON-REMOV,REMS5,SOLIDS,float,30,35,5,CORRECT,,,0,0,1,0,0,1,,
IMPLND,MON-REMOV,REMS6,SOLIDS,float,35,40,5,CORRECT,,,0,0,1,0,0,1,,
IMPLND,MON-REMOV,REMS7,SOLIDS,float,40,45,5,CORRECT,,,0,0,1,0,0,1,,
IMPLND,MON-REMOV,REMS8,SOLIDS,float,45,50,5,CORRECT,,,0,0,1,0,0,1,,
IMPLND,MON-REMOV,REMS9,SOLIDS,float,50,55,5,CORRECT,,,0,0,1,0,0,1,,
IMPLND,MON-REMOV,REMS10,SOLIDS,float,55,60,5,CORRECT,,,0,0,1,0,0,1,,
IMPLND,MON-REMOV,REMS11,SOLIDS,float,60,65,5,CORRECT,,,0,0,1,0,0,1,,
IMPLND,MON-REMOV,REMS12,SOLIDS,float,65,70,5,CORRECT,,,0,0,1,0,0,1,,
IMPLND,MON-RETN,OPNID,IWATER,int,0,5,5,PROTECTED,,,,,,,,,,*** ILS to which these data apply.
IMPLND,MON-RETN,OPNIDLAST,IWATER,int,5,10,5,PROTECTED,,,,,,,,,,*** ILS to which these data apply.
IMPLND,MON-RETN,RETS1,IWATER,float,10,15,5,CORRECT,,,0,0,250,0,0,10,,*** RETS1 is the retention storage capacity in January.
IMPLND,MON-RETN,RETS2,IWATER,float,15,20,5,CORRECT,,,0,0,250,0,0,10,,
IMPLND,MON-RETN,RETS3,IWATER,float,20,25,5,CORRECT,,,0,0,250,0,0,10,,
IMPLND,MON-RETN,RETS4,IWATER,float,25,30,5,CORRECT,,,0,0,250,0,0,10,,
IMPLND,MON-RETN,RETS5,IWATER,float,30,35,5,CORRECT,,,0,0,250,0,0,10,,
IMPLND,MON-RETN,RETS6,IWATER,float,35,40,5,CORRECT,,,0,0,250,0,0,10,,
IMPLND,MON-RETN,RETS7,IWATER,float,40,45,5,CORRECT,,,0,0,250,0,0,10,,
IMPLND,MON-RETN,RETS8,IWATER,float,45,50,5,CORRECT,,,0,0,250,0,0,10,,
IMPLND,MON-RETN,RETS9,IWATER,float,50,55,5,CORRECT,,,0,0,250,0,0,10,,
IMPLND,MON-RETN,RETS10,IWATER,float,55,60,5,CORRECT,,,0,0,250,0,0,10,,
IMPLND,MON-RETN,RETS11,IWATER,float,60,65,5,CORRECT,,,0,0,250,0,0,10,,
IMPLND,MON-RETN,RETS12,IWATER,float,65,70,5,CORRECT,,,0,0,250,0,0,10,,
IMPLND,MON-SACCUM,OPNID,SOLIDS,int,0,5,5,PROTECTED,,,,,,,,,,*** ILS to which these data apply.
IMPLND,MON-SACCUM,OPNIDLAST,SOLIDS,int,5,10,5,PROTECTED,,,,,,,,,,*** ILS to which these data apply.
IMPLND,MON-SACCUM,ACCS1,SOLIDS,float,10,15,5,CORRECT,,,0,0,,0,0,,,*** ACCS1 is the solids accumulation rate in January.
IMPLND,MON-SACCUM,AACS2,SOLIDS,float,15,20,5,CORRECT,,,0,0,,0,0,,,
IMPLND,MON-SACCUM,ACCS3,SOLIDS,float,20,25,5,CORRECT,,,0,0,,0,0,,,
IMPLND,MON-SACCUM,ACCS4,SOLIDS,float,25,30,5,CORRECT,,,0,0,,0,0,,,
IMPLND,MON-SACCUM,ACCS5,SOLIDS,float,30,35,5,CORRECT,,,0,0,,0,0,,,
IMPLND,MON-SACCUM,ACCS6,SOLIDS,float,35,40,5,CORRECT,,,0,0,,0,0,,,
IMPLND,MON-SACCUM,ACCS7,SOLIDS,float,40,45,5,CORRECT,,,0,0,,0,0,,,
IMPLND,MON-SACCUM,ACCS8,SOLIDS,float,45,50,5,CORRECT,,,0,0,,0,0,,,
IMPLND,MON-SACCUM,ACCS9,SOLIDS,float,50,55,5,CORRECT,,,0,0,,0,0,,,
IMPLND,MON-SACCUM,ACCS10,SOLIDS,float,55,60,5,CORRECT,,,0,0,,0,0,,,
IMPLND,MON-SACCUM,ACCS11,SOLIDS,float,60,65,5,CORRECT,,,0,0,,0,0,,,
IMPLND,MON-SACCUM,ACCS12,SOLIDS,float,65,70,5,CORRECT,,,0,0,,0,0,,,
IMPLND,MON-SQOLIM,OPNID,IQUAL,int,0,5,5,PROTECTED,,,,,,,,,,*** ILS to which these data apply.
IMPLND,MON-SQOLIM,OPNIDLAST,IQUAL,int,5,10,5,PROTECTED,,,,,,,,,,*** ILS to which these data apply.
IMPLND,MON-SQOLIM,SQOL1,IQUAL,float,10,15,5,CORRECT,,,0.000002,0.000002,,0.000001,0.000001,,,*** SQOL1 is the limiting storage of QUALOF at the start of January.
IMPLND,MON-SQOLIM,SQOL2,IQUAL,float,15,20,5,CORRECT,,,0.000002,0.000002,,0.000001,0.000001,,,
IMPLND,MON-SQOLIM,SQOL3,IQUAL,float,20,25,5,CORRECT,,,0.000002,0.000002,,0.000001,0.000001,,,
IMPLND,MON-SQOLIM,SQOL4,IQUAL,float,25,30,5,CORRECT,,,0.000002,0.000002,,0.000001,0.000001,,,
IMPLND,MON-SQOLIM,SQOL5,IQUAL,float,30,35,5,CORRECT,,,0.000002,0.000002,,0.000001,0.000001,,,
IMPLND,MON-SQOLIM,SQOL6,IQUAL,float,35,40,5,CORRECT,,,0.000002,0.000002,,0.000001,0.000001,,,
IMPLND,MON-SQOLIM,SQOL7,IQUAL,float,40,45,5,CORRECT,,,0.000002,0.000002,,0.000001,0.000001,,,
IMPLND,MON-SQOLIM,SQOL8,IQUAL,float,45,50,5,CORRECT,,,0.000002,0.000002,,0.000001,0.000001,,,
IMPLND,MON-SQOLIM,SQOL9,IQUAL,float,50,55,5,CORRECT,,,0.000002,0.000002,,0.000001,0.000001,,,
IMPLND,MON-SQOLIM,SQOL10,IQUAL,float,55,60,5,CORRECT,,,0.000002,0.000002,,0.000001,0.000001,,,
IMPLND,MON-SQOLIM,SQOL11,IQUAL,float,60,65,5,CORRECT,,,0.000002,0.000002,,0.000001,0.000001,,,
IMPLND,MON-SQOLIM,SQOL12,IQUAL,float,65,70,5,CORRECT,,,0.000002,0.000002,,0.000001,0.000001,,,
IMPLND,NQUALS,OPNID,IQUAL,int,0,5,5,PROTECTED,,,,,,,,,,*** ILS to which these data apply.
IMPLND,NQUALS,OPNIDLAST,IQUAL,int,5,10,5,PROTECTED,,,,,,,,,,*** ILS to which these data apply.
IMPLND,NQUALS,NQUAL,IQUAL,int,10,15,5,CORRECT,,,1,1,10,1,1,10,,*** NQUAL is the total number of quality constituents being simulated.
IMPLND,PRINT-INFO,OPNID,GENERAL,int,0,5,5,PROTECTED,,,,,,,,,,*** ILS to which these data apply.
IMPLND,PRINT-INFO,OPNIDLAST,GENERAL,int,5,10,5,PROTECTED,,,,,,,,,,*** ILS to which these data apply.
IMPLND,PRINT-INFO,ATMPPR,GENERAL,int,10,15,5,CORRECT,,,4,2,6,4,2,6,,*** Printout level for section ATMP.
IMPLND,PRINT-INFO,SNOWPR,GENERAL,int,15,20,5,CORRECT,,,4,2,6,4,2,6,,*** Printout level for section SNOW.
IMPLND,PRINT-INFO,IWATPR,GENERAL,int,20,25,5,CORRECT,,,4,2,6,4,2,6,,*** Printout level for section IWAT.
IMPLND,PRINT-INFO,SLDPR,GENERAL,int,25,30,5,CORRECT,,,4,2,6,4,2,6,,*** Printout level for section SLD.
IMPLND,PRINT-INFO,IWGPR,GENERAL,int,30,35,5,CORRECT,,,4,2,6,4,2,6,,*** Printout level for section IWG.
IMPLND,PRINT-INFO,IQALPR,GENERAL,int,35,40,5,CORRECT,,,4,2,6,4,2,6,,*** Printout level for section IQAL.
IMPLND,PRINT-INFO,PIVL,GENERAL,int,40,45,5,CORRECT,,,1,1,1440,1,1,1440,,"*** A value need only be supplied for PIVL if one or more sections have a
*** printout level of 2. For those sections, printout will occur every PIVL
*** intervals (that is, every PDELT=PIVL*DELT mins). PIVL must be chosen
*** such that there are an integer no. of PDELT periods in a day."
IMPLND,PRINT-INFO,PYREND,GENERAL,int,45,50,5,CORRECT,,,9,1,12,9,1,12,,"*** PYREND is the calendar month which will terminate the year for printout
*** purposes. Thus, the annual summary can reflect the situation over the
*** past water year or the past calendar year, etc."
IMPLND,QUAL-INPUT,OPNID,IQUAL,int,0,5,5,PROTECTED,,,,,,,,,,*** ILS to which these data apply.
IMPLND,QUAL-INPUT,OPNIDLAST,IQUAL,int,5,10,5,PROTECTED,,,,,,,,,,*** ILS to which these data apply.
IMPLND,QUAL-INPUT,SQO,IQUAL,float,10,18,8,CORRECT,,,0,0,,0,0,,,*** SQO is the initial storage of QUALOF on the surface of the ILS.
IMPLND,QUAL-INPUT,POTFW,IQUAL,float,18,26,8,CORRECT,,,0,0,,0,0,,,"*** POTFW is the washoff potency factor for a QUALSD. A potency factor is
*** the ratio of constituent yield to sediment outflow."
IMPLND,QUAL-INPUT,ACQOP,IQUAL,float,26,34,8,CORRECT,,,0,0,,0,0,,,*** ACQOP is the rate of accumulation of QUALOF.
IMPLND,QUAL-INPUT,SQOLIM,IQUAL,float,34,42,8,CORRECT,,,0.000001,0.000001,,0.000001,0.000001,,,*** SQOLIM is the maximum storage of QUALOF.
IMPLND,QUAL-INPUT,WSQOP,IQUAL,float,42,50,8,CORRECT,,,1.64,0.25,,1.64,0.25,,,"*** WSQOP is the rate of surface runoff which will remove 90 percent of
*** stored QUALOF per hour."
IMPLND,QUAL-PROPS,OPNID,IQUAL,int,0,5,5,PROTECTED,,,,,,,,,,*** ILS to which these data apply.
IMPLND,QUAL-PROPS,OPNIDLAST,IQUAL,int,5,10,5,PROTECTED,,,,,,,,,,*** ILS to which these data apply.
IMPLND,QUAL-PROPS,QUALID,IQUAL,string,10,22,12,CORRECT,,,,,,,,,,"*** QUALID is a string of up to 10 characters which identifies the quality
*** constituent."
IMPLND,QUAL-PROPS,QTYID,IQUAL,string,26,30,4,CORRECT,,,,,,,,,,"*** QTYID is a string of up to 4 characters which identifies the units
*** associated with this constituent (e. g., kg,(for coliforms)). These are
*** the units refered to as ""qty"" in subsequent tables (eg. Table-type
*** QUAL-INPUT)."
IMPLND,QUAL-PROPS,QSDFG,IQUAL,int,30,35,5,CORRECT,,,0,0,1,0,0,1,,"*** If QSDFG is 1, this constituent is a QUALSD (sediment associated)."
IMPLND,QUAL-PROPS,VPFWFG,IQUAL,int,35,40,5,CORRECT,,,0,0,1,0,0,1,,"*** If VPFWFG is 1, the washoff potency factor may vary monthly."
IMPLND,QUAL-PROPS,QSOFG,IQUAL,int,40,45,5,CORRECT,,,0,0,1,0,0,1,,"*** If QSOFG is non-zero, this constituent is a QUALOF (directly associated
*** with overland flow). If 1, then accumulation and removal are performed
*** daily, and the removal rate is dependent only on the accumulation and
*** storage limit parameters (ACQOP and SQOLIM). If 2, accumulation and
*** removel are performed every interval, and the removal rate also takes
*** into account atmospheric deposition plus lateral inflows. If -1, then
*** the outflow concentration is specified in ACQOP rather than the
*** accumulation rate, and buildup and washoff processes are not simulated."
IMPLND,QUAL-PROPS,VQOFG,IQUAL,int,45,50,5,CORRECT,,,0,0,1,0,0,1,,"*** If VQOFG is 1 then rate of accumulation and the limiting storage of
*** QUALOF may vary monthly."
IMPLND,SLD-PARM1,OPNID,SOLIDS,int,0,5,5,PROTECTED,,,,,,,,,,*** ILS to which these data apply.
IMPLND,SLD-PARM1,OPNIDLAST,SOLIDS,int,5,10,5,PROTECTED,,,,,,,,,,*** ILS to which these data apply.
IMPLND,SLD-PARM1,VASDFG,SOLIDS,int,10,15,5,CORRECT,,,0,0,1,0,0,1,,"*** VASDFG: value of 1 means vary the accumulation rate of solids monthly; 0
*** means use annual value."
IMPLND,SLD-PARM1,VRSDFG,SOLIDS,int,15,20,5,CORRECT,,,0,0,1,0,0,1,,"*** VRSDFG: value of 1 means vary the unit removal rate of solids monthly; 0
*** means use annual value."
IMPLND,SLD-PARM1,SDOPFG,SOLIDS,int,20,25,5,CORRECT,,,0,0,1,0,0,1,,"*** If SDOPFG is 1, removal of sediment from the land surface will be
*** simulated with the algorithm used in the NPS model. If it is 0, the new
*** algorithm will be used."
IMPLND,SLD-PARM2,OPNID,SOLIDS,int,0,5,5,PROTECTED,,,,,,,,,,*** ILS to which these data apply.
IMPLND,SLD-PARM2,OPNIDLAST,SOLIDS,int,5,10,5,PROTECTED,,,,,,,,,,*** ILS to which these data apply.
IMPLND,SLD-PARM2,KEIM,SOLIDS,float,10,20,10,CORRECT,,,0,0,,0,0,,,*** KEIM is the coefficient in the solids washoff equation.
IMPLND,SLD-PARM2,JEIM,SOLIDS,float,20,30,10,CORRECT,,,,,,,,,,*** JEIM is the exponent in the solids washoff equation.
IMPLND,SLD-PARM2,ACCSDP,SOLIDS,float,30,40,10,CORRECT,,,0,0,,0,0,,,"*** ACCSDP is the rate at which solids are placed on the land surface. If
*** monthly values are being supplied, value supplied in this table is not
*** relevant."
IMPLND,SLD-PARM2,REMSDP,SOLIDS,float,40,50,10,CORRECT,,,0,0,1,0,0,1,,"*** REMSDP is the fraction of solids storage which is removed each day. If
*** monthly values are being supplied, value supplied in this table is not
*** relevant."
IMPLND,SLD-STOR,OPNID,SOLIDS,int,0,5,5,PROTECTED,,,,,,,,,,*** ILS to which these data apply.
IMPLND,SLD-STOR,OPNIDLAST,SOLIDS,int,5,10,5,PROTECTED,,,,,,,,,,*** ILS to which these data apply.
IMPLND,SLD-STOR,SLDS,SOLIDS,float,10,20,10,CORRECT,,,0,0,,0,0,,,*** SLDS is the initial storage of solids.
IMPLND,SNOW-FLAGS,OPNID,SNOW,int,0,5,5,PROTECTED,,,,,,,,,,*** ILSs to which these data apply.
IMPLND,SNOW-FLAGS,OPNIDLAST,SNOW,int,5,10,5,PROTECTED,,,,,,,,,,*** ILSs to which these data apply.
IMPLND,SNOW-FLAGS,SNOPFG,SNOW,int,10,15,5,CORRECT,,,0,0,1,0,0,1,,"*** A value of 0 means that the atmospheric heat exchange portion of
*** snowmelt will be based on the energy balance; 1 means it will be based
*** on a degree-day factor."
IMPLND,SNOW-FLAGS,VKMFG,SNOW,int,15,20,5,CORRECT,,,0,0,1,0,0,1,,"*** VKMFG:value of 1 means vary degree-day factor monthly; 0 means use
*** annual value."
IMPLND,SNOW-INIT1,OPNID,SNOW,int,0,5,5,PROTECTED,,,,,,,,,,*** ILS to which these data apply.
IMPLND,SNOW-INIT1,OPNIDLAST,SNOW,int,5,10,5,PROTECTED,,,,,,,,,,*** ILS to which these data apply.
IMPLND,SNOW-INIT1,PACKF,SNOW,float,10,20,10,CORRECT,,,0,0,,0,0,,,*** Pack-snow is the quantity of snow in the pack (water equivalent).
IMPLND,SNOW-INIT1,PACKI,SNOW,float,20,30,10,CORRECT,,,0,0,,0,0,,,*** Pack-ice is the quantity of ice in the pack (water equivalent)
IMPLND,SNOW-INIT1,PACKW,SNOW,float,30,40,10,CORRECT,,,0,0,,0,0,,,*** Pack-watr is the quantity of liquid water in the pack.
IMPLND,SNOW-INIT1,RDENPF,SNOW,float,40,50,10,CORRECT,,,0.2,0.01,1,0.2,0.01,1,,"*** RDENPF is the density of the frozen contents (snow+ice) of the pack,
*** relative to water."
IMPLND,SNOW-INIT1,DULL,SNOW,float,50,60,10,CORRECT,,,400,0,800,400,0,800,,"*** DULL is an index to the dullness of the pack surface, from which albedo
*** is estimated."
IMPLND,SNOW-INIT1,PAKTMP,SNOW,float,60,70,10,CORRECT,,,0,,0,32,,32,,*** PAKTMP is the mean temperature of the frozen contents of the pack.
IMPLND,SNOW-INIT2,OPNID,SNOW,int,0,5,5,PROTECTED,,,,,,,,,,*** ILS to which these data apply.
IMPLND,SNOW-INIT2,OPNIDLAST,SNOW,int,5,10,5,PROTECTED,,,,,,,,,,*** ILS to which these data apply.
IMPLND,SNOW-INIT2,COVINX,SNOW,float,10,20,10,CORRECT,,,0.25,0.25,,0.01,0.01,,,"*** COVINX is the current pack (water equivalent) required to obtain
*** complete areal coverage of the ILS. If the pack is less than this
*** amount, areal cover is prorated (PACKF/COVINX)."
IMPLND,SNOW-INIT2,XLNMLT,SNOW,float,20,30,10,CORRECT,,,0,0,,0,0,,,"*** XLNMLT is the current remaining possible increment to ice storage in the
*** pack (see functional description). This value is only relevant if ice
*** formation is being simulated (ICEFG= 1)."
IMPLND,SNOW-INIT2,SKYCLR,SNOW,float,30,40,10,CORRECT,,,1,0.15,1,1,0.15,1,,"*** SKYCLR is the fraction of sky which is assumed to be clear at the
*** present time."
IMPLND,SNOW-PARM1,OPNID,SNOW,int,0,5,5,PROTECTED,,,,,,,,,,*** ILSs to which these data apply.
IMPLND,SNOW-PARM1,OPNIDLAST,SNOW,int,5,10,5,PROTECTED,,,,,,,,,,*** ILSs to which these data apply.
IMPLND,SNOW-PARM1,LAT,SNOW,float,10,20,10,CORRECT,,,40,-90,90,40,-90,90,,"*** LAT is the latitude of the ILS. It is positive for the northern
*** hemisphere, negative for the southern hemisphere."
IMPLND,SNOW-PARM1,MELEV,SNOW,float,20,30,10,CORRECT,,,0,0,10000,0,0,30000,,*** MELEV is the mean elevation of the ILS.
IMPLND,SNOW-PARM1,SHADE,SNOW,float,30,40,10,CORRECT,,,0,0,1,0,0,1,,"*** SHADE is the fraction of the ILS which is shaded from solar radiation
*** by, for example, trees."
IMPLND,SNOW-PARM1,SNOWCF,SNOW,float,40,50,10,CORRECT,,,,1,100,,1,100,,"*** SNOWCF is the factor by which recorded precipitation data will be
*** multiplied if the simulation indicates it is snowfall, to account for
*** poor catch efficiency under snow conditions."
IMPLND,SNOW-PARM1,COVIND,SNOW,float,50,60,10,CORRECT,,,,0.25,,,0.01,,,"*** COVIND is the maximum pack (water equivalent) at which the entire ILS
*** will be covered with snow (see functional description of SNOW section)."
IMPLND,SNOW-PARM1,KMELT,SNOW,float,60,70,10,CORRECT,,,0,0,,0,0,,,*** KMELT is the degree-day snowmelt factor when SNOPFG=1
IMPLND,SNOW-PARM1,TBASE,SNOW,float,70,80,10,CORRECT,,,0,-20,20,32,0,60,,"*** TBASE is the base temperature for the degree-day snowmelt calculation
*** when SNOPFG=1"
IMPLND,SNOW-PARM2,OPNID,SNOW,int,0,5,5,PROTECTED,,,,,,,,,,*** ILS to which these data apply.
IMPLND,SNOW-PARM2,OPNIDLAST,SNOW,int,5,10,5,PROTECTED,,,,,,,,,,*** ILS to which these data apply.
IMPLND,SNOW-PARM2,RDCSN,SNOW,float,10,20,10,CORRECT,,,0.15,0.01,1,0.15,0.01,1,,"*** RDCSN is the density of cold, new snow relative to water. This value
*** applies to snow falling at air temps <= 0degF. At higher temperatures
*** the density of snow is adjusted."
IMPLND,SNOW-PARM2,TSNOW,SNOW,float,20,30,10,CORRECT,,,0,-1,5,32,30,40,,"*** TSNOW is the air temperature below which precipitation will be snow,
*** under saturated conditions. Under non-saturated conditions the
*** temperature is adjusted slightly."
IMPLND,SNOW-PARM2,SNOEVP,SNOW,float,30,40,10,CORRECT,,,0.1,0,1,0.1,0,1,,"*** SNOEVP is a parameter which adapts the snow evaporation (sublimation)
*** equation to field conditions."
IMPLND,SNOW-PARM2,CCFACT,SNOW,float,40,50,10,CORRECT,,,1,0,10,1,0,10,,"*** CCFACT is a parameter which adapts the snow condensation/convection melt
*** equation to field conditions."
IMPLND,SNOW-PARM2,MWATER,SNOW,float,50,60,10,CORRECT,,,0.03,0,1,0.03,0,1,,"*** MWATER is the maximum water content of the snow pack, in depth water per
*** depth water equivalent."
IMPLND,SNOW-PARM2,MGMELT,SNOW,float,60,70,10,CORRECT,,,0.25,0,25,0.01,0,1,,"*** MGMELT is the maximum rate of snowmelt by ground heat, in depth of water
*** equivalent per day. This is the value which applies when the pack
*** temperature is at freezing point."
MASS-LINK,MASS-LINK,SVOL,,string,0,6,6,CORRECT,,,,,,,,,"['PERLND', 'IMPLND', 'RCHRES', 'COPY', 'PLTGEN', 'DISPLY', 'DURANL', 'GENER', 'MUTSIN']",*** Operation-type of the source opn.
MASS-LINK,MASS-LINK,SGRPN,,string,11,17,6,CORRECT,,,,,,,,,,*** Group to which the source time series belongs.
MASS-LINK,MASS-LINK,SMEMN,,string,18,24,6,CORRECT,,,,,,,,,,"*** Source member name. Default: all members. Refer to Time Series Catalogue
*** for more information."
MASS-LINK,MASS-LINK,SMEMSB1,,int,24,26,2,CORRECT,,,0,0,99,0,0,99,,*** Source member name first subscript.
MASS-LINK,MASS-LINK,SMEMSB2,,int,26,28,2,CORRECT,,,0,0,99,0,0,99,,*** Source member name second subscript.
MASS-LINK,MASS-LINK,MFACTOR,,float,28,38,10,CORRECT,,,1,,,1,,,,"*** The factor by which data from the source will be multiplied before being
*** added to the target."
MASS-LINK,MASS-LINK,TVOL,,string,43,49,6,CORRECT,,,,,,,,,"['PERLND', 'IMPLND', 'RCHRES', 'COPY', 'PLTGEN', 'DISPLY', 'DURANL', 'GENER', 'MUTSIN']",*** Operation-type of the target.
MASS-LINK,MASS-LINK,TGRPN,,string,58,64,6,CORRECT,,,,,,,,,,*** Group to which the target time series belongs.
MASS-LINK,MASS-LINK,TMEMN,,string,65,71,6,CORRECT,,,,,,,,,,"*** Target member name. Default: all members. Refer to Time Series Catalogue
*** for more information."
MASS-LINK,MASS-LINK,TMEMSB1,,int,71,73,2,CORRECT,,,0,0,99,0,0,99,,*** Target member name first subscript.
MASS-LINK,MASS-LINK,TMEMSB2,,int,73,75,2,CORRECT,,,0,0,99,0,0,99,,*** Target member name second subscript.
MASS-LINK,MASS-LINK,MLNO,,int,80,85,5,CORRECT,,,,1,,,1,,,*** Target member name second subscript.
MONTH-DATA,MONTH-DATA,MTHVAL1,,float,0,6,6,,,,,,,,,,,
MONTH-DATA,MONTH-DATA,MTHVAL2,,float,6,12,6,,,,,,,,,,,
MONTH-DATA,MONTH-DATA,MTHVAL3,,float,12,18,6,,,,,,,,,,,
MONTH-DATA,MONTH-DATA,MTHVAL4,,float,18,24,6,,,,,,,,,,,
MONTH-DATA,MONTH-DATA,MTHVAL5,,float,24,30,6,,,,,,,,,,,
MONTH-DATA,MONTH-DATA,MTHVAL6,,float,30,36,6,,,,,,,,,,,
MONTH-DATA,MONTH-DATA,MTHVAL7,,float,36,42,6,,,,,,,,,,,
MONTH-DATA,MONTH-DATA,MTHVAL8,,float,42,48,6,,,,,,,,,,,
MONTH-DATA,MONTH-DATA,MTHVAL9,,float,48,54,6,,,,,,,,,,,
MONTH-DATA,MONTH-DATA,MTHVAL10,,float,54,60,6,,,,,,,,,,,
MONTH-DATA,MONTH-DATA,MTHVAL11,,float,60,66,6,,,,,,,,,,,
MONTH-DATA,MONTH-DATA,MTHVAL12,,float,66,72,6,,,,,,,,,,,
MUTSIN,MUTSINFO,OPNID,,int,0,5,5,PROTECTED,,,,,,,,,,*** MUTSIN operations to which these data apply.
MUTSIN,MUTSINFO,OPNIDLAST,,int,5,10,5,PROTECTED,,,,,,,,,,*** MUTSIN operations to which these data apply.
MUTSIN,MUTSINFO,MUTFL,,int,10,15,5,CORRECT,,,30,30,99,30,30,99,,*** MUTFL is the Fortran unit number of the file being input.
MUTSIN,MUTSINFO,NPT,,int,15,20,5,CORRECT,,,0,0,20,0,0,20,,*** NPT is the number of point-valued time series to be input.
MUTSIN,MUTSINFO,NMN,,int,20,25,5,CORRECT,,,0,0,20,0,0,20,,*** NMN is the number of mean-valued time series to be input.
MUTSIN,MUTSINFO,NLINES,,int,25,30,5,CORRECT,,,25,1,,25,1,,,*** NLINES is the number of lines to skip at the beginning of MUTFL.
MUTSIN,MUTSINFO,MISSFG,,int,30,35,5,CORRECT,,,0,0,3,0,0,3,,"*** MISSFG is 0 to stop on missing data, 1 to fill missing data with 0, 2 to
*** fill missing data with -1. 0E30."
NETWORK,,SVOL,,string,0,6,6,CORRECT,,,,,,,,,"['PERLND', 'IMPLND', 'RCHRES', 'COPY', 'PLTGEN', 'DISPLY', 'DURANL', 'GENER', 'MUTSIN']",*** Operation-type of the source opn.
NETWORK,,SVOLNO,,int,6,10,4,CORRECT,,,,1,,,1,,,*** Source Operation-type No.
NETWORK,,SGRPN,,string,11,17,6,CORRECT,,,,,,,,,,*** Group to which the source time series belongs.
NETWORK,,SMEMN,,string,18,24,6,CORRECT,,,,,,,,,,"*** Source member name. Default: all members. Refer to Time Series Catalogue
*** for more information."
NETWORK,,SMEMSB1,,int,24,26,2,CORRECT,,,1,1,99,1,1,99,,*** Source member name first subscript.
NETWORK,,SMEMSB2,,int,26,28,2,CORRECT,,,1,1,99,1,1,99,,*** Source member name second subscript.
NETWORK,,MFACTOR,,float,28,38,10,CORRECT,,,1,,,1,,,,"*** The factor by which data from the source will be multiplied before being
*** added to the target."
NETWORK,,TRAN,,string,38,42,4,CORRECT,,,,,,,,,"['SAME', 'AVER', 'DIV', 'INTP', 'LAST', 'MAX', 'MIN', 'SUM', 'DEF', '']","*** String indicating which transformation function to use in transferring
*** time series from source to target."
NETWORK,,TVOL,,string,43,49,6,CORRECT,,,,,,,,,"['PERLND', 'IMPLND', 'RCHRES', 'COPY', 'PLTGEN', 'DISPLY', 'DURANL', 'GENER', 'MUTSIN']",*** Operation-type of the target.
NETWORK,,TOPFST,,int,50,54,8,CORRECT,,,,1,,,1,,,*** TOPFST is the first target Operation-type No.
NETWORK,,TOPLST,,int,54,58,8,CORRECT,,,,1,,,1,,,*** TOPFST is the first target Operation-type No.
NETWORK,,TGRPN,,string,58,64,6,CORRECT,,,,,,,,,,*** Group to which the target time series belongs.
NETWORK,,TMEMN,,string,65,71,6,CORRECT,,,,,,,,,,"*** Target member name. Default: all members. Refer to Time Series Catalogue
*** for more information."
NETWORK,,TMEMSB1,,int,71,73,2,CORRECT,,,1,1,99,1,1,99,,*** Target member name first subscript.
NETWORK,,TMEMSB2,,int,73,75,2,CORRECT,,,1,1,99,1,1,99,,*** Target member name second subscript.
OPN SEQUENCE,INGRP,OPERATION,,string,6,12,6,,,,,,,,,,,
OPN SEQUENCE,INGRP,SEGMENT,,string,17,20,3,,,,,,,,,,,
OPN SEQUENCE,INGRP,INDELT,,int,80,90,10,,,,,1,1440,,1,1440,,
OPN SEQUENCE,,OPERATION,,string,6,12,6,,,,,,,,,,,
OPN SEQUENCE,,SEGMENT,,int,17,20,3,,,,,,,,,,,
OPN SEQUENCE,,INDELT,,int,80,90,10,,,,,1,1440,,1,1440,,
PERLND,ACTIVITY,OPNID,GENERAL,int,0,5,5,PROTECTED,,,,,,,,,,*** PLSs to which these data apply.
PERLND,ACTIVITY,OPNIDLAST,GENERAL,int,5,10,5,PROTECTED,,,,,,,,,,*** PLSs to which these data apply.
PERLND,ACTIVITY,ATEMP,GENERAL,int,10,15,5,CORRECT,-999,,0,0,1,0,0,1,,*** Value of 1 indicates section ATEMP is active _PNAME AIRTFG
PERLND,ACTIVITY,AIRTFG,GENERAL,int,10,15,5,CORRECT,-999,,0,0,1,0,0,1,,*** Value of 1 indicates section ATEMP is active _PNAME AIRTFG
PERLND,ACTIVITY,SNOW,GENERAL,int,15,20,5,CORRECT,,,0,0,1,0,0,1,,*** Value of 1 indicates section SNOW is active
PERLND,ACTIVITY,SNOWFG,GENERAL,int,15,20,5,CORRECT,,,0,0,1,0,0,1,,*** Value of 1 indicates section SNOW is active
PERLND,ACTIVITY,PWATER,GENERAL,int,20,25,5,CORRECT,,,0,0,1,0,0,1,,*** Value of 1 indicates section PWATER is active
PERLND,ACTIVITY,PWATFG,GENERAL,int,20,25,5,CORRECT,,,0,0,1,0,0,1,,*** Value of 1 indicates section PWATER is active
PERLND,ACTIVITY,SEDMNT,GENERAL,int,25,30,5,CORRECT,,,0,0,1,0,0,1,,*** Value of 1 indicates section SEDMNT is active
PERLND,ACTIVITY,SEDFG,GENERAL,int,25,30,5,CORRECT,,,0,0,1,0,0,1,,*** Value of 1 indicates section SEDMNT is active
PERLND,ACTIVITY,PSTEMP,GENERAL,int,30,35,5,CORRECT,,,0,0,1,0,0,1,,*** Value of 1 indicates section PSTEMP is active
PERLND,ACTIVITY,PSTFG,GENERAL,int,30,35,5,CORRECT,,,0,0,1,0,0,1,,*** Value of 1 indicates section PSTEMP is active
PERLND,ACTIVITY,PWTGAS,GENERAL,int,35,40,5,CORRECT,,,0,0,1,0,0,1,,*** Value of 1 indicates section PWTGAS is active
PERLND,ACTIVITY,PWGFG,GENERAL,int,35,40,5,CORRECT,,,0,0,1,0,0,1,,*** Value of 1 indicates section PWTGAS is active
PERLND,ACTIVITY,PQUAL,GENERAL,int,40,45,5,CORRECT,,,0,0,1,0,0,1,,*** Value of 1 indicates section PQUAL is active
PERLND,ACTIVITY,PQALFG,GENERAL,int,40,45,5,CORRECT,,,0,0,1,0,0,1,,*** Value of 1 indicates section PQUAL is active
PERLND,ACTIVITY,MSTLAY,GENERAL,int,45,50,5,CORRECT,,,0,0,1,0,0,1,,*** Value of 1 indicates section MSTLAY is active
PERLND,ACTIVITY,MSTLFG,GENERAL,int,45,50,5,CORRECT,,,0,0,1,0,0,1,,*** Value of 1 indicates section MSTLAY is active
PERLND,ACTIVITY,PEST,GENERAL,int,50,55,5,CORRECT,,,0,0,1,0,0,1,,*** Value of 1 indicates section PEST is active
PERLND,ACTIVITY,PESTFG,GENERAL,int,50,55,5,CORRECT,,,0,0,1,0,0,1,,*** Value of 1 indicates section PEST is active
PERLND,ACTIVITY,NITR,GENERAL,int,55,60,5,CORRECT,,,0,0,1,0,0,1,,*** Value of 1 indicates section NITR is active
PERLND,ACTIVITY,NITRFG,GENERAL,int,55,60,5,CORRECT,,,0,0,1,0,0,1,,*** Value of 1 indicates section NITR is active
PERLND,ACTIVITY,PHOS,GENERAL,int,60,65,5,CORRECT,,,0,0,1,0,0,1,,*** Value of 1 indicates section PHOS is active
PERLND,ACTIVITY,PHOSFG,GENERAL,int,60,65,5,CORRECT,,,0,0,1,0,0,1,,*** Value of 1 indicates section PHOS is active
PERLND,ACTIVITY,TRACER,GENERAL,int,65,70,5,CORRECT,,,0,0,1,0,0,1,,*** Value of 1 indicates section TRACER is active
PERLND,ACTIVITY,TRACFG,GENERAL,int,65,70,5,CORRECT,,,0,0,1,0,0,1,,*** Value of 1 indicates section TRACER is active
PERLND,ATEMP-DAT,OPNID,ATEMP,int,0,5,5,PROTECTED,,,,,,,,,,*** PLSs to which these data apply.
PERLND,ATEMP-DAT,OPNIDLAST,ATEMP,int,5,10,5,PROTECTED,,,,,,,,,,*** PLSs to which these data apply.
PERLND,ATEMP-DAT,ELDAT,ATEMP,float,10,20,10,CORRECT,,,0,,,0,,,,"*** ELDAT is the difference in elevation between the temperature gage and
*** the PLS; it is used to estimate the temperature over the PLS by
*** application of a lapse rate. It is positive if the PLS is higher than
*** the gage, and vice versa."
PERLND,ATEMP-DAT,AIRTMP,ATEMP,float,20,30,10,CORRECT,,,15,-50,60,60,-60,140,,"*** AIRTMP is the air temperature over the PLS at the start of the
*** RUN."
PERLND,BINARY-INFO,OPNID,GENERAL,int,0,5,5,PROTECTED,,,,,,,,,,*** PLSs to which these data apply.
PERLND,BINARY-INFO,OPNIDLAST,GENERAL,int,5,10,5,PROTECTED,,,,,,,,,,*** PLSs to which these data apply.
PERLND,BINARY-INFO,ATEMP,GENERAL,int,10,15,5,CORRECT,,,4,2,6,4,2,6,,*** Output level for section ATEMP
PERLND,BINARY-INFO,SNOW,GENERAL,int,15,20,5,CORRECT,,,4,2,6,4,2,6,,*** Output level for section SNOW
PERLND,BINARY-INFO,PWATER,GENERAL,int,20,25,5,CORRECT,,,4,2,6,4,2,6,,*** Output level for section PWATER
PERLND,BINARY-INFO,SEDMNT,GENERAL,int,25,30,5,CORRECT,,,4,2,6,4,2,6,,*** Output level for section SEDMNT
PERLND,BINARY-INFO,PSTEMP,GENERAL,int,30,35,5,CORRECT,,,4,2,6,4,2,6,,*** Output level for section PSTEMP
PERLND,BINARY-INFO,PWTGAS,GENERAL,int,35,40,5,CORRECT,,,4,2,6,4,2,6,,*** Output level for section PWTGAS
PERLND,BINARY-INFO,PQUAL,GENERAL,int,40,45,5,CORRECT,,,4,2,6,4,2,6,,*** Output level for section PQUAL
PERLND,BINARY-INFO,MSTLAY,GENERAL,int,45,50,5,CORRECT,,,4,2,6,4,2,6,,*** Output level for section MSTLAY
PERLND,BINARY-INFO,PEST,GENERAL,int,50,55,5,CORRECT,,,4,2,6,4,2,6,,*** Output level for section PEST
PERLND,BINARY-INFO,NITR,GENERAL,int,55,60,5,CORRECT,,,4,2,6,4,2,6,,*** Output level for section NITR
PERLND,BINARY-INFO,PHOS,GENERAL,int,60,65,5,CORRECT,,,4,2,6,4,2,6,,*** Output level for section PHOS
PERLND,BINARY-INFO,TRACER,GENERAL,int,65,70,5,CORRECT,,,4,2,6,4,2,6,,*** Output level for section TRACER
PERLND,BINARY-INFO,PIVL,GENERAL,int,70,75,5,CORRECT,,,1,1,1440,1,1,1440,,"*** A value need only be supplied for PIVL if one or more sections have an
*** output level of 2. For those sections, output will occur every PIVL
*** intervals (that is, every PDELT=PIVL*DELT mins). PIVL must be chosen
*** such that there are an integer no. of PDELT periods in a day."
PERLND,BINARY-INFO,PYREND,GENERAL,int,75,80,5,CORRECT,,,9,1,12,9,1,12,,"*** PYREND is the calendar month which will terminate the year for output
*** purposes. Thus, the annual summary can reflect the situation over the
*** past water year or the past calendar year, etc."
PERLND,CROP-DATES,OPNID,PWATER,int,0,5,5,PROTECTED,,,,,,,,,,*** PLSs to which these data apply.
PERLND,CROP-DATES,OPNIDLAST,PWATER,int,5,10,5,PROTECTED,,,,,,,,,,*** PLSs to which these data apply.
PERLND,CROP-DATES,NCRP,PWATER,int,10,15,5,CORRECT,,,1,1,3,1,1,3,,"*** NCRP is the number of crops per year for which planting and harvesting
*** dates are being specified."
PERLND,CROP-DATES,PMON1,PWATER,int,19,22,3,CORRECT,,,1,1,12,1,1,12,,*** PMON1 is the month of planting for the first crop.
PERLND,CROP-DATES,PDAY1,PWATER,int,22,25,3,CORRECT,,,1,1,31,1,1,31,,*** PDAY1 is the day of planting for the first crop.
PERLND,CROP-DATES,HMON1,PWATER,int,27,30,3,CORRECT,,,1,1,12,1,1,12,,*** HMON1 is the month of harvesting for the first crop.
PERLND,CROP-DATES,HDAY1,PWATER,int,30,33,3,CORRECT,,,1,1,31,1,1,31,,*** HDAY1 is the day of harvesting for the first crop.
PERLND,CROP-DATES,PMON2,PWATER,int,37,40,3,CORRECT,,,1,1,12,1,1,12,,*** PMON2 is the month of planting for the second crop.
PERLND,CROP-DATES,PDAY2,PWATER,int,40,43,3,CORRECT,,,1,1,31,1,1,31,,*** PDAY2 is the day of planting for the second crop.
PERLND,CROP-DATES,HMON2,PWATER,int,45,48,3,CORRECT,,,1,1,12,1,1,12,,*** HMON2 is the month of harvesting for the second crop.
PERLND,CROP-DATES,HDAY2,PWATER,int,48,51,3,CORRECT,,,1,1,31,1,1,31,,*** HDAY2 is the day of harvesting for the second crop.
PERLND,CROP-DATES,PMON3,PWATER,int,55,58,3,CORRECT,,,1,1,12,1,1,12,,*** PMON3 is the month of planting for the third crop.
PERLND,CROP-DATES,PDAY3,PWATER,int,58,61,3,CORRECT,,,1,1,31,1,1,31,,*** PDAY3 is the day of planting for the third crop.
PERLND,CROP-DATES,HMON3,PWATER,int,63,66,3,CORRECT,,,1,1,12,1,1,12,,*** HMON3 is the month of harvesting for the third crop.
PERLND,CROP-DATES,HDAY3,PWATER,int,66,69,3,CORRECT,,,1,1,31,1,1,31,,*** HDAY3 is the day of harvesting for the third crop.
PERLND,CROP-SEASPM,OPNID,PWATER,int,0,5,5,PROTECTED,,,,,,,,,,*** PLSs to which these data apply.
PERLND,CROP-SEASPM,OPNIDLAST,PWATER,int,5,10,5,PROTECTED,,,,,,,,,,*** PLSs to which these data apply.
PERLND,CROP-SEASPM,CRAWD1,PWATER,float,10,20,10,CORRECT,,,0,0,1,0,0,1,,"*** CRAWD1 is the allowable water depletion during the first stage of the
*** crop season."
PERLND,CROP-SEASPM,CRAWD2,PWATER,float,20,30,10,CORRECT,,,0,0,1,0,0,1,,"*** CRAWD2 is the allowable water depletion during the second stage of the
*** crop season."
PERLND,CROP-SEASPM,CRAWD3,PWATER,float,30,40,10,CORRECT,,,0,0,1,0,0,1,,"*** CRAWD3 is the allowable water depletion during the third stage of the
*** crop season."
PERLND,CROP-SEASPM,CRAWD4,PWATER,float,40,50,10,CORRECT,,,0,0,1,0,0,1,,"*** CRAWD4 is the allowable water depletion during the fourth stage of the
*** crop season."
PERLND,CROP-SEASPM,CRRDPI,PWATER,float,50,60,10,CORRECT,,,0,0,,0,0,,,"*** CRRDPI is the crop root depth during the first stage of the crop
*** season."
PERLND,CROP-SEASPM,CRRDPF,PWATER,float,60,70,10,CORRECT,,,0,0,,0,0,,,"*** CRRDPF is the crop root depth during the third and fourth stages of the
*** crop season."
PERLND,CROP-STAGES,OPNID,PWATER,int,0,5,5,PROTECTED,,,,,,,,,,*** PLSs to which these data apply.
PERLND,CROP-STAGES,OPNIDLAST,PWATER,int,5,10,5,PROTECTED,,,,,,,,,,*** PLSs to which these data apply.
PERLND,CROP-STAGES,CRPST1,PWATER,float,10,20,10,CORRECT,-999,,0,0,1,0,0,1,,"*** CRPST1 is the fraction of the crop season duration for the first stage
*** of the growing season. _PNAME CRPST1"
PERLND,CROP-STAGES,CRPST2,PWATER,float,20,30,10,CORRECT,-999,,0,0,1,0,0,1,,"*** CRPST2 is the fraction of the crop season duration for the second stage
*** of the growing season. _PNAME CRPST2"
PERLND,CROP-STAGES,CRPST3,PWATER,float,30,40,10,CORRECT,-999,,0,0,1,0,0,1,,"*** CRPST3 is the fraction of the crop season duration for the third stage
*** of the growing season. _PNAME CRPST3"
PERLND,CROP-STAGES,CRPST4,PWATER,float,40,50,10,CORRECT,-999,,0,0,1,0,0,1,,"*** CRPST4 is the fraction of the crop season duration for the fourth stage
*** of the growing season. _PNAME CRPST4"
PERLND,GEN-INFO,OPNID,GENERAL,int,0,5,5,PROTECTED,,,,,,,,,,*** PLSs to which these data apply.
PERLND,GEN-INFO,OPNIDLAST,GENERAL,int,5,10,5,PROTECTED,,,,,,,,,,*** PLSs to which these data apply.
PERLND,GEN-INFO,LSID,GENERAL,string,10,30,20,CORRECT,,,,,,,,,,"*** Any string of up to 20 characters may be supplied as the identifier for
*** a PLS."
PERLND,GEN-INFO,IUNITS,GENERAL,int,40,45,5,CORRECT,,,1,1,2,1,1,2,,"*** IUNITS indicates the system of units for data in the input time series;
*** 1 means English units, 2 means Metric units."
PERLND,GEN-INFO,OUNITS,GENERAL,int,45,50,5,CORRECT,,,1,1,2,1,1,2,,"*** OUNITS indicates the system of units for data in the output time series;
*** 1 means English units, 2 means Metric units."
PERLND,GEN-INFO,PUNIT1,GENERAL,int,50,55,5,CORRECT,,,0,0,99,0,0,99,,"*** PUNIT(1) indicates the destinations of printout in English units. A
*** value 0 means no printout is required in English units. A non-zero value
*** means printout is required in English units and the value is the Fortran
*** unit no. of the file to which the printout is to be written. Note that
*** printout for each Pervious Land Segment can be obtained in either the
*** English or Metric systems, or both (irrespective of the system used to
*** supply the inputs)."
PERLND,GEN-INFO,PUNIT2,GENERAL,int,55,60,5,CORRECT,,,0,0,99,0,0,99,,"*** PUNIT(2) indicates the destinations of printout in Metric units. A value
*** of 0 means no printout is required in Metric units. A non-zero value
*** means printout is required in Metric units and the value is the Fortran
*** unit no. of the file to which the printout is to be written. Note that
*** printout for each Pervious Land Segment can be obtained in either the
*** English or Metric systems, or both (irrespective of the system used to
*** supply the inputs)."
PERLND,GEN-INFO,BUNIT1,GENERAL,int,60,65,5,CORRECT,,,0,0,99,0,0,99,,"*** BUNIT(1) is the destination of binary output in English units. A value
*** of 0 means no binary output is required in English units. A non-zero
*** value means binary output is required in English units and the value is
*** the Fortran unit no. of the file to which the binary output is to be
*** written. Note that binary output for each Pervious Land Segment can be
*** obtained in either the English or Metric systems, or both (irrespective
*** of the system used to supply the inputs)."
PERLND,GEN-INFO,BUNIT2,GENERAL,int,65,70,5,CORRECT,,,0,0,99,0,0,99,,"*** BUNIT(2) is the destination of binary output in Metric units. A value of
*** 0 means no binary output is required in Metric units. A non-zero value
*** means binary output is required in Metric units and the value is the
*** Fortran unit no. of the file to which the binary output is to be
*** written. Note that binary output for each Pervious Land Segment can be
*** obtained in either the English or Metric systems, or both (irrespective
*** of the system used to supply the inputs)."
PERLND,ICE-FLAG,OPNID,SNOW,int,0,5,5,PROTECTED,,,,,,,,,,*** PLSs to which these data apply.
PERLND,ICE-FLAG,OPNIDLAST,SNOW,int,5,10,5,PROTECTED,,,,,,,,,,*** PLSs to which these data apply.
PERLND,ICE-FLAG,ICEFG,SNOW,int,10,15,5,CORRECT,,,0,0,1,0,0,1,,"*** A value of 0 means ice formation in snow pack will not be simulated; 1
*** means it will."
PERLND,IRRIG-PARM1,OPNID,PWATER,int,0,5,5,PROTECTED,,,,,,,,,,*** PLSs to which these data apply.
PERLND,IRRIG-PARM1,OPNIDLAST,PWATER,int,5,10,5,PROTECTED,,,,,,,,,,*** PLSs to which these data apply.
PERLND,IRRIG-PARM1,NSKED,PWATER,int,10,15,5,CORRECT,,,0,0,20,0,0,20,,"*** NSKED is the number of scheduled irrigation applications to be defined
*** in Table-type IRRIG-SCHED. Used only when IRRGFG=3 in Table-type
*** PWAT-PARM1."
PERLND,IRRIG-PARM1,SZONFG,PWATER,int,15,20,5,CORRECT,,,0,0,1,0,0,1,,"*** If SZONFG=0, then the wilting point and field capacity are the same for
*** all soil layers, input in Table-type IRRIG-PARM2. If SZONFG=1, then
*** these two parameters vary by soil layer, and are input in Table-types
*** SOIL-DATA2 and SOIl-DATA3 respectively. Used only when IRRGFG=2 in
*** Table-type PWAT-PARM1."
PERLND,IRRIG-PARM1,VCRDFG,PWATER,int,20,25,5,CORRECT,,,0,0,2,0,0,2,,"*** If VCRDFG=0, then the crop root depth is constant, input in Table-type
*** IRRIG-PARM2. If VCRDFG=1, then it varies monthly, and is input in
*** Table-type MON-IRR-CRDP. If VCRDFG=2, then it varies by four stages of
*** the crop season, requiring input in Table-types CROP-STAGES and
*** CROP-SEASPM. Used only when IRRGFG=2 in Table-type PWAT-PARM1."
PERLND,IRRIG-PARM1,VAWDFG,PWATER,int,25,30,5,CORRECT,,,0,0,2,0,0,2,,"*** If VAWDFG=0, then the allowable water depletion is constant, input in
*** Table-type IRRIG-PARM2. If VAWDFG=1, then it varies monthly, and is
*** input in Table-type MON-IRR-CRDP. If VAWDFG=2, then it varies by four
*** stages of the crop season, requiring input in Table-types CROP-STAGES
*** and CROP-SEASPM. Used only when IRRGFG=2 in Table-type PWAT-PARM1."
PERLND,IRRIG-PARM1,IROPFG,PWATER,int,30,35,5,CORRECT,,,0,0,1,0,0,1,,"*** If IROPFG=0, then irrigation applications may occur regardless of
*** groundwater elevation. If IROPFG=1 (representing subsurface irrigation),
*** then irrigation may only occur if the groundwater elevation GWEL is
*** within CAPRIS inches of the bottom of the crop root zone (SELV- CRDEP).
*** CAPRIS is input in Table-Type IRRIG-PARM2."
PERLND,IRRIG-PARM2,OPNID,PWATER,int,0,5,5,PROTECTED,,,,,,,,,,*** PLSs to which these data apply.
PERLND,IRRIG-PARM2,OPNIDLAST,PWATER,int,5,10,5,PROTECTED,,,,,,,,,,*** PLSs to which these data apply.
PERLND,IRRIG-PARM2,IRAREA,PWATER,float,10,18,8,CORRECT,,,0,0,,0,0,,,"*** IRAREA is the total area of the irrigated PLS. It is used to convert
*** depth of application to volume of withdrawal from a RCHRES if such
*** withdrawals occur, i.e. if RPRIOR is non-zero in Table-type IRRIG-SOURCE."
PERLND,IRRIG-PARM2,IREFF,PWATER,float,18,26,8,CORRECT,,,1,0,1,1,0,1,,*** IREFF is the irrigation efficiency if IRRGFG=2 in Table-type PWAT-PARM1.
PERLND,IRRIG-PARM2,ARZI,PWATER,float,26,34,8,CORRECT,,,1,0,1,1,0,1,,"*** ARZI is the fraction of area receiving irrigation applications if
*** IRRGFG=2 in Table-type PWAT-PARM1."
PERLND,IRRIG-PARM2,WILTP,PWATER,float,34,42,8,CORRECT,,,0,0,1,0,0,1,,"*** WILTP is the wilting point for all soil layers if IRRGFG=2 in Table-type
*** PWAT-PARM1 and SZONFG=0 in Table-type IRRIG-PARM1."
PERLND,IRRIG-PARM2,FLDCAP,PWATER,float,42,50,8,CORRECT,,,0,0,1,0,0,1,,"*** FLDCAP is the field capacity for all soil layers if IRRGFG=2 in
*** Table-type PWAT-PARM1 and SZONFG=0 in Table-type IRRIG-PARM1."
PERLND,IRRIG-PARM2,CRDEP,PWATER,float,50,58,8,CORRECT,,,0,0,,0,0,,,"*** CRDEP is the crop root depth if IRRGFG=2 in Table-type PWAT-PARM1 and
*** VCRDFG=0 in Table-type IRRIG-PARM1."
PERLND,IRRIG-PARM2,IRAWD,PWATER,float,58,66,8,CORRECT,,,0,0,1,0,0,1,,"*** IRAWD is the allowable water depletion if IRRGFG=2 in Table-type
*** PWAT-PARM1 and VCRDFG=0 in Table-type IRRIG-PARM1."
PERLND,IRRIG-PARM2,CAPRIS,PWATER,float,66,74,8,CORRECT,,,15.25,0,,6,0,,,"*** CAPRIS is the maximum capillary rise for subirrigation if IRRGFG=2 in
*** Table-type PWAT-PARM1 and IROPFG=1 in Table-type IRRIG-PARM1."
PERLND,IRRIG-SCHED,OPNID,PWATER,int,0,5,5,PROTECTED,,,,,,,,,,*** PLSs to which these data apply.
PERLND,IRRIG-SCHED,OPNIDLAST,PWATER,int,5,10,5,PROTECTED,,,,,,,,,,*** PLSs to which these data apply.
PERLND,IRRIG-SCHED,IRYR1,PWATER,float,12,16,4,CORRECT,,,0,0,,0,0,,,"*** IRYR1 is the year for the first application on the current line. If
*** zero, then the application occurs annually."
PERLND,IRRIG-SCHED,IRMO1,PWATER,float,17,19,2,CORRECT,,,1,1,12,1,1,12,,*** IRMO1 is the month for the first application on the current line.
PERLND,IRRIG-SCHED,IRDY1,PWATER,float,20,22,2,CORRECT,,,1,1,31,1,1,31,,*** IRDY1 is the day for the first application on the current line.
PERLND,IRRIG-SCHED,IRHR1,PWATER,float,23,25,2,CORRECT,,,0,0,24,0,0,24,,*** IRHR1 is the hour for the first application on the current line.
PERLND,IRRIG-SCHED,IRMI1,PWATER,float,26,28,2,CORRECT,,,0,0,60,0,0,60,,*** IRMI1 is the minute for the first application on the current line.
PERLND,IRRIG-SCHED,IRDUR1,PWATER,float,28,33,5,CORRECT,,,0,0,,0,0,,,"*** IRDUR1 is the duration of the first application on the current
*** line."
PERLND,IRRIG-SCHED,IRRAT1,PWATER,float,33,43,10,CORRECT,,,0,0,,0,0,,,"*** IRRAT1 is the hourly rate for the first application on the current
*** line."
PERLND,IRRIG-SCHED,IRYR2,PWATER,float,48,52,4,CORRECT,,,0,0,,0,0,,,"*** IRYR2 is the year for the second application on the current line. If
*** zero, then the application occurs annually."
PERLND,IRRIG-SCHED,IRMO2,PWATER,float,53,55,2,CORRECT,,,1,1,12,1,1,12,,*** IRMO2 is the month for the second application on the current line.
PERLND,IRRIG-SCHED,IRDY2,PWATER,float,56,58,2,CORRECT,,,1,1,31,1,1,31,,*** IRDY2 is the day for the second application on the current line.
PERLND,IRRIG-SCHED,IRHR2,PWATER,float,59,61,2,CORRECT,,,0,0,24,0,0,24,,*** IRHR2 is the hour for the second application on the current line.
PERLND,IRRIG-SCHED,IRMI2,PWATER,float,62,64,2,CORRECT,,,0,0,60,0,0,60,,*** IRMI2 is the minute for the second application on the current line.
PERLND,IRRIG-SCHED,IRDUR2,PWATER,float,64,69,5,CORRECT,,,0,0,,0,0,,,"*** IRDUR2 is the duration of the second application on the current
*** line."
PERLND,IRRIG-SCHED,IRRAT2,PWATER,float,69,79,10,CORRECT,,,0,0,,0,0,,,"*** IRRAT2 is the hourly rate for the second application on the current
*** line."
PERLND,IRRIG-SOURCE,OPNID,PWATER,int,0,5,5,PROTECTED,,,,,,,,,,*** PLSs to which these data apply.
PERLND,IRRIG-SOURCE,OPNIDLAST,PWATER,int,5,10,5,PROTECTED,,,,,,,,,,*** PLSs to which these data apply.
PERLND,IRRIG-SOURCE,XPRIOR,PWATER,float,10,20,10,CORRECT,,,0,0,3,0,0,3,,"*** XPRIOR is the irrigation source priority for imports into the basin from
*** external sources."
PERLND,IRRIG-SOURCE,XFRAC,PWATER,float,20,30,10,CORRECT,,,1,0,1,1,0,1,,"*** XFRAC is the irrigation source fraction for imports into the basin from
*** external sources."
PERLND,IRRIG-SOURCE,GPRIOR,PWATER,float,30,40,10,CORRECT,,,0,0,3,0,0,3,,*** GPRIOR is the irrigation source priority for local shallow groundwater.
PERLND,IRRIG-SOURCE,GFRAC,PWATER,float,40,50,10,CORRECT,,,1,0,1,1,0,1,,*** GFRAC is the irrigation source fraction for local shallow groundwater.
PERLND,IRRIG-SOURCE,RPRIOR,PWATER,float,50,60,10,CORRECT,,,0,0,3,0,0,3,,*** RPRIOR is the irrigation source priority for a RCHRES.
PERLND,IRRIG-SOURCE,RFRAC,PWATER,float,60,70,10,CORRECT,,,1,0,1,1,0,1,,*** RFRAC is the irrigation source fraction for a RCHRES.
PERLND,IRRIG-SOURCE,IRCHNO,PWATER,float,70,80,10,CORRECT,,,0,0,999,0,0,999,,"*** IRCHNO is the RCHRES ID number for the reach that will be used as a
*** source for irrigation withdrawals."
PERLND,IRRIG-TARGET,OPNID,PWATER,int,0,5,5,PROTECTED,,,,,,,,,,*** PLSs to which these data apply.
PERLND,IRRIG-TARGET,OPNIDLAST,PWATER,int,5,10,5,PROTECTED,,,,,,,,,,*** PLSs to which these data apply.
PERLND,IRRIG-TARGET,IRCPFR,PWATER,float,10,20,10,CORRECT,,,0,0,1,0,0,1,,"*** IRCPFR is the fraction of the irrigation application that is subject to
*** interception by the crop cover."
PERLND,IRRIG-TARGET,IRSUFR,PWATER,float,20,30,10,CORRECT,,,0,0,1,0,0,1,,"*** IRSUFR is the fraction of the irrigation application that is applied
*** directly to the soil surface."
PERLND,IRRIG-TARGET,IRUPFR,PWATER,float,30,40,10,CORRECT,,,0,0,1,0,0,1,,"*** IRUPFR is the fraction of the irrigation application that is applied
*** directly to the upper soil zone."
PERLND,IRRIG-TARGET,IRLOFR,PWATER,float,40,50,10,CORRECT,,,0,0,1,0,0,1,,"*** IRLOFR is the fraction of the irrigation application that is applied
*** directly to the lower soil zone."
PERLND,IRRIG-TARGET,IRGWFR,PWATER,float,50,60,10,CORRECT,,,0,0,1,0,0,1,,"*** IRGWFR is the fraction of the irrigation application that is applied
*** directly to the active groundwater zone."
PERLND,LAT-FACTOR,OPNID,PWTGAS,int,0,5,5,PROTECTED,,,,,,,,,,*** PLSs to which these data apply.
PERLND,LAT-FACTOR,OPNIDLAST,PWTGAS,int,5,10,5,PROTECTED,,,,,,,,,,*** PLSs to which these data apply.
PERLND,LAT-FACTOR,SDLFAC,PWTGAS,float,10,20,10,CORRECT,,,0,0,1,0,0,1,,"*** SDLFAC is the weighting factor which accounts for the influence of
*** lateral inflow on the outflow concentration for sediment-associated
*** constituents which do not maintain a mass balance (QUALSD)"
PERLND,LAT-FACTOR,SLIFAC,PWTGAS,float,20,30,10,CORRECT,,,0,0,1,0,0,1,,"*** SLIFAC is the weighting factor which accounts for the influence of
*** lateral inflow on the surface outflow concentration for constituents
*** which do not maintain a mass balance (temp, DO, CO2)"
PERLND,LAT-FACTOR,ILIFAC,PWTGAS,float,30,40,10,CORRECT,,,0,0,1,0,0,1,,"*** ILIFAC is the weighting factor which accounts for the influence of
*** lateral inflow on the interflow outflow concentration for constituents
*** which do not maintain a mass balance (temp, DO, CO2, QUALIF)"
PERLND,LAT-FACTOR,ALIFAC,PWTGAS,float,40,50,10,CORRECT,,,0,0,1,0,0,1,,"*** ALIFAC is the weighting factor which accounts for the influence of
*** lateral inflow on the groundwater outflow concentration for constituents
*** which do not maintain a mass balance (temp, DO, CO2, QUALGW)"
PERLND,MON-ACCUM,OPNID,PQUAL,int,0,5,5,PROTECTED,,,,,,,,,,*** PLSs to which these data apply.
PERLND,MON-ACCUM,OPNIDLAST,PQUAL,int,5,10,5,PROTECTED,,,,,,,,,,*** PLSs to which these data apply.
PERLND,MON-ACCUM,QUAJAN,PQUAL,float,10,15,5,CORRECT,,,0,0,,0,0,,,*** QUAJAN is the accum rate of QUALOF at the start of January.
PERLND,MON-ACCUM,QUAFEB,PQUAL,float,15,20,5,CORRECT,,,0,0,,0,0,,,
PERLND,MON-ACCUM,QUAMAR,PQUAL,float,20,25,5,CORRECT,,,0,0,,0,0,,,
PERLND,MON-ACCUM,QUAAPR,PQUAL,float,25,30,5,CORRECT,,,0,0,,0,0,,,
PERLND,MON-ACCUM,QUAMAY,PQUAL,float,30,35,5,CORRECT,,,0,0,,0,0,,,
PERLND,MON-ACCUM,QUAJUN,PQUAL,float,35,40,5,CORRECT,,,0,0,,0,0,,,
PERLND,MON-ACCUM,QUAJUL,PQUAL,float,40,45,5,CORRECT,,,0,0,,0,0,,,
PERLND,MON-ACCUM,QUAAUG,PQUAL,float,45,50,5,CORRECT,,,0,0,,0,0,,,
PERLND,MON-ACCUM,QUASEP,PQUAL,float,50,55,5,CORRECT,,,0,0,,0,0,,,
PERLND,MON-ACCUM,QUAOCT,PQUAL,float,55,60,5,CORRECT,,,0,0,,0,0,,,
PERLND,MON-ACCUM,QUANOV,PQUAL,float,60,65,5,CORRECT,,,0,0,,0,0,,,
PERLND,MON-ACCUM,QUADEC,PQUAL,float,65,70,5,CORRECT,,,0,0,,0,0,,,
PERLND,MON-ASLT,OPNID,PSTEMP,int,0,5,5,PROTECTED,,,,,,,,,,*** PLSs to which these data apply.
PERLND,MON-ASLT,OPNIDLAST,PSTEMP,int,5,10,5,PROTECTED,,,,,,,,,,*** PLSs to which these data apply.
PERLND,MON-ASLT,SLTJAN,PSTEMP,float,10,15,5,CORRECT,,,0,-18,38,32,0,100,,"*** SLTJAN is the value of surface layer temperature at the start of
*** January."
PERLND,MON-ASLT,SLTFEB,PSTEMP,float,15,20,5,CORRECT,,,0,-18,38,32,0,100,,
PERLND,MON-ASLT,SLTMAR,PSTEMP,float,20,25,5,CORRECT,,,0,-18,38,32,0,100,,
PERLND,MON-ASLT,SLTAPR,PSTEMP,float,25,30,5,CORRECT,,,0,-18,38,32,0,100,,
PERLND,MON-ASLT,SLTMAY,PSTEMP,float,30,35,5,CORRECT,,,0,-18,38,32,0,100,,
PERLND,MON-ASLT,SLTJUN,PSTEMP,float,35,40,5,CORRECT,,,0,-18,38,32,0,100,,
PERLND,MON-ASLT,SLTJUL,PSTEMP,float,40,45,5,CORRECT,,,0,-18,38,32,0,100,,
PERLND,MON-ASLT,SLTAUG,PSTEMP,float,45,50,5,CORRECT,,,0,-18,38,32,0,100,,
PERLND,MON-ASLT,SLTSEP,PSTEMP,float,50,55,5,CORRECT,,,0,-18,38,32,0,100,,
PERLND,MON-ASLT,SLTOCT,PSTEMP,float,55,60,5,CORRECT,,,0,-18,38,32,0,100,,
PERLND,MON-ASLT,SLTNOV,PSTEMP,float,60,65,5,CORRECT,,,0,-18,38,32,0,100,,
PERLND,MON-ASLT,SLTDEC,PSTEMP,float,65,70,5,CORRECT,,,0,-18,38,32,0,100,,
PERLND,MON-BSLT,OPNID,PSTEMP,int,0,5,5,PROTECTED,,,,,,,,,,*** PLSs to which these data apply.
PERLND,MON-BSLT,OPNIDLAST,PSTEMP,int,5,10,5,PROTECTED,,,,,,,,,,*** PLSs to which these data apply.
PERLND,MON-BSLT,BSTJAN,PSTEMP,float,10,15,5,CORRECT,,,1,0.001,2,1,0.001,2,,"*** BSTJAN is the slope of the surface layer temperature regression equation
*** at the start of January."
PERLND,MON-BSLT,BSTFEB,PSTEMP,float,15,20,5,CORRECT,,,1,0.001,2,1,0.001,2,,
PERLND,MON-BSLT,BSTMAR,PSTEMP,float,20,25,5,CORRECT,,,1,0.001,2,1,0.001,2,,
PERLND,MON-BSLT,BSTAPR,PSTEMP,float,25,30,5,CORRECT,,,1,0.001,2,1,0.001,2,,
PERLND,MON-BSLT,BSTMAY,PSTEMP,float,30,35,5,CORRECT,,,1,0.001,2,1,0.001,2,,
PERLND,MON-BSLT,BSTJUN,PSTEMP,float,35,40,5,CORRECT,,,1,0.001,2,1,0.001,2,,
PERLND,MON-BSLT,BSTJUL,PSTEMP,float,40,45,5,CORRECT,,,1,0.001,2,1,0.001,2,,
PERLND,MON-BSLT,BSTAUG,PSTEMP,float,45,50,5,CORRECT,,,1,0.001,2,1,0.001,2,,
PERLND,MON-BSLT,BSTSEP,PSTEMP,float,50,55,5,CORRECT,,,1,0.001,2,1,0.001,2,,
PERLND,MON-BSLT,BSTOCT,PSTEMP,float,55,60,5,CORRECT,,,1,0.001,2,1,0.001,2,,
PERLND,MON-BSLT,BSTNOV,PSTEMP,float,60,65,5,CORRECT,,,1,0.001,2,1,0.001,2,,
PERLND,MON-BSLT,BSTDEC,PSTEMP,float,65,70,5,CORRECT,,,1,0.001,2,1,0.001,2,,
PERLND,MON-COVER,OPNID,SEDMNT,int,0,5,5,PROTECTED,,,,,,,,,,*** PLSs to which these data apply.
PERLND,MON-COVER,OPNIDLAST,SEDMNT,int,5,10,5,PROTECTED,,,,,,,,,,*** PLSs to which these data apply.
PERLND,MON-COVER,COVJAN,SEDMNT,float,10,15,5,CORRECT,,,0,0,1,0,0,1,,*** COVJAN is the erosion related cover value in January.
PERLND,MON-COVER,COVFEB,SEDMNT,float,15,20,5,CORRECT,,,0,0,1,0,0,1,,
PERLND,MON-COVER,COVMAR,SEDMNT,float,20,25,5,CORRECT,,,0,0,1,0,0,1,,
PERLND,MON-COVER,COVAPR,SEDMNT,float,25,30,5,CORRECT,,,0,0,1,0,0,1,,
PERLND,MON-COVER,COVMAY,SEDMNT,float,30,35,5,CORRECT,,,0,0,1,0,0,1,,
PERLND,MON-COVER,COVJUN,SEDMNT,float,35,40,5,CORRECT,,,0,0,1,0,0,1,,
PERLND,MON-COVER,COVJUL,SEDMNT,float,40,45,5,CORRECT,,,0,0,1,0,0,1,,
PERLND,MON-COVER,COVAUG,SEDMNT,float,45,50,5,CORRECT,,,0,0,1,0,0,1,,
PERLND,MON-COVER,COVSEP,SEDMNT,float,50,55,5,CORRECT,,,0,0,1,0,0,1,,
PERLND,MON-COVER,COVOCT,SEDMNT,float,55,60,5,CORRECT,,,0,0,1,0,0,1,,
PERLND,MON-COVER,COVNOV,SEDMNT,float,60,65,5,CORRECT,,,0,0,1,0,0,1,,
PERLND,MON-COVER,COVDEC,SEDMNT,float,65,70,5,CORRECT,,,0,0,1,0,0,1,,
PERLND,MON-GRND-CONC,OPNID,PQUAL,int,0,5,5,PROTECTED,,,,,,,,,,*** PLSs to which these data apply.
PERLND,MON-GRND-CONC,OPNIDLAST,PQUAL,int,5,10,5,PROTECTED,,,,,,,,,,*** PLSs to which these data apply.
PERLND,MON-GRND-CONC,GRCJAN,PQUAL,float,10,15,5,CORRECT,,,0,0,,0,0,,,*** GRCJAN is the conc of QUAL in groundwater at the start of January.
PERLND,MON-GRND-CONC,GRCFEB,PQUAL,float,15,20,5,CORRECT,,,0,0,,0,0,,,
PERLND,MON-GRND-CONC,GRCMAR,PQUAL,float,20,25,5,CORRECT,,,0,0,,0,0,,,
PERLND,MON-GRND-CONC,GRCAPR,PQUAL,float,25,30,5,CORRECT,,,0,0,,0,0,,,
PERLND,MON-GRND-CONC,GRCMAY,PQUAL,float,30,35,5,CORRECT,,,0,0,,0,0,,,
PERLND,MON-GRND-CONC,GRCJUN,PQUAL,float,35,40,5,CORRECT,,,0,0,,0,0,,,
PERLND,MON-GRND-CONC,GRCJUL,PQUAL,float,40,45,5,CORRECT,,,0,0,,0,0,,,
PERLND,MON-GRND-CONC,GRCAUG,PQUAL,float,45,50,5,CORRECT,,,0,0,,0,0,,,
PERLND,MON-GRND-CONC,GRCSEP,PQUAL,float,50,55,5,CORRECT,,,0,0,,0,0,,,
PERLND,MON-GRND-CONC,GRCOCT,PQUAL,float,55,60,5,CORRECT,,,0,0,,0,0,,,
PERLND,MON-GRND-CONC,GRCNOV,PQUAL,float,60,65,5,CORRECT,,,0,0,,0,0,,,
PERLND,MON-GRND-CONC,GRCDEC,PQUAL,float,65,70,5,CORRECT,,,0,0,,0,0,,,
PERLND,MON-GRNDCO2,OPNID,PWTGAS,int,0,5,5,PROTECTED,,,,,,,,,,*** PLSs to which these data apply.
PERLND,MON-GRNDCO2,OPNIDLAST,PWTGAS,int,5,10,5,PROTECTED,,,,,,,,,,*** PLSs to which these data apply.
PERLND,MON-GRNDCO2,GCOJAN,PWTGAS,float,10,15,5,CORRECT,,,0,0,1,0,0,1,,*** GCOJAN is the groundwater CO2 conc. at the start of January.
PERLND,MON-GRNDCO2,GCOFEB,PWTGAS,float,15,20,5,CORRECT,,,0,0,1,0,0,1,,
PERLND,MON-GRNDCO2,GCOMAR,PWTGAS,float,20,25,5,CORRECT,,,0,0,1,0,0,1,,
PERLND,MON-GRNDCO2,GCOAPR,PWTGAS,float,25,30,5,CORRECT,,,0,0,1,0,0,1,,
PERLND,MON-GRNDCO2,GCOMAY,PWTGAS,float,30,35,5,CORRECT,,,0,0,1,0,0,1,,
PERLND,MON-GRNDCO2,GCOJUN,PWTGAS,float,35,40,5,CORRECT,,,0,0,1,0,0,1,,
PERLND,MON-GRNDCO2,GCOJUL,PWTGAS,float,40,45,5,CORRECT,,,0,0,1,0,0,1,,
PERLND,MON-GRNDCO2,GCOAUG,PWTGAS,float,45,50,5,CORRECT,,,0,0,1,0,0,1,,
PERLND,MON-GRNDCO2,GCOSEP,PWTGAS,float,50,55,5,CORRECT,,,0,0,1,0,0,1,,
PERLND,MON-GRNDCO2,GCOOCT,PWTGAS,float,55,60,5,CORRECT,,,0,0,1,0,0,1,,
PERLND,MON-GRNDCO2,GCONOV,PWTGAS,float,60,65,5,CORRECT,,,0,0,1,0,0,1,,
PERLND,MON-GRNDCO2,GCODEC,PWTGAS,float,65,70,5,CORRECT,,,0,0,1,0,0,1,,
PERLND,MON-GRNDDOX,OPNID,PWTGAS,int,0,5,5,PROTECTED,,,,,,,,,,*** PLSs to which these data apply.
PERLND,MON-GRNDDOX,OPNIDLAST,PWTGAS,int,5,10,5,PROTECTED,,,,,,,,,,*** PLSs to which these data apply.
PERLND,MON-GRNDDOX,GDOJAN,PWTGAS,float,10,15,5,CORRECT,,,0,0,20,0,0,20,,*** GDOJAN is the groundwater DO conc. at the start of January.
PERLND,MON-GRNDDOX,GDOFEB,PWTGAS,float,15,20,5,CORRECT,,,0,0,20,0,0,20,,
PERLND,MON-GRNDDOX,GDOMAR,PWTGAS,float,20,25,5,CORRECT,,,0,0,20,0,0,20,,
PERLND,MON-GRNDDOX,GDOAPR,PWTGAS,float,25,30,5,CORRECT,,,0,0,20,0,0,20,,
PERLND,MON-GRNDDOX,GDOMAY,PWTGAS,float,30,35,5,CORRECT,,,0,0,20,0,0,20,,
PERLND,MON-GRNDDOX,GDOJUN,PWTGAS,float,35,40,5,CORRECT,,,0,0,20,0,0,20,,
PERLND,MON-GRNDDOX,GDOJUL,PWTGAS,float,40,45,5,CORRECT,,,0,0,20,0,0,20,,
PERLND,MON-GRNDDOX,GDOAUG,PWTGAS,float,45,50,5,CORRECT,,,0,0,20,0,0,20,,
PERLND,MON-GRNDDOX,GDOSEP,PWTGAS,float,50,55,5,CORRECT,,,0,0,20,0,0,20,,
PERLND,MON-GRNDDOX,GDOOCT,PWTGAS,float,55,60,5,CORRECT,,,0,0,20,0,0,20,,
PERLND,MON-GRNDDOX,GDONOV,PWTGAS,float,60,65,5,CORRECT,,,0,0,20,0,0,20,,
PERLND,MON-GRNDDOX,GDODEC,PWTGAS,float,65,70,5,CORRECT,,,0,0,20,0,0,20,,
PERLND,MON-IFLW-CONC,OPNID,PQUAL,int,0,5,5,PROTECTED,,,,,,,,,,*** PLSs to which these data apply.
PERLND,MON-IFLW-CONC,OPNIDLAST,PQUAL,int,5,10,5,PROTECTED,,,,,,,,,,*** PLSs to which these data apply.
PERLND,MON-IFLW-CONC,CONJAN,PQUAL,float,10,15,5,CORRECT,,,0,0,,0,0,,,*** CONJAN is the conc of QUAL in interflow outflow in January.
PERLND,MON-IFLW-CONC,CONFEB,PQUAL,float,15,20,5,CORRECT,,,0,0,,0,0,,,
PERLND,MON-IFLW-CONC,CONMAR,PQUAL,float,20,25,5,CORRECT,,,0,0,,0,0,,,
PERLND,MON-IFLW-CONC,CONAPR,PQUAL,float,25,30,5,CORRECT,,,0,0,,0,0,,,
PERLND,MON-IFLW-CONC,CONMAY,PQUAL,float,30,35,5,CORRECT,,,0,0,,0,0,,,
PERLND,MON-IFLW-CONC,CONJUN,PQUAL,float,35,40,5,CORRECT,,,0,0,,0,0,,,
PERLND,MON-IFLW-CONC,CONJUL,PQUAL,float,40,45,5,CORRECT,,,0,0,,0,0,,,
PERLND,MON-IFLW-CONC,CONAUG,PQUAL,float,45,50,5,CORRECT,,,0,0,,0,0,,,
PERLND,MON-IFLW-CONC,CONSEP,PQUAL,float,50,55,5,CORRECT,,,0,0,,0,0,,,
PERLND,MON-IFLW-CONC,CONOCT,PQUAL,float,55,60,5,CORRECT,,,0,0,,0,0,,,
PERLND,MON-IFLW-CONC,CONNOV,PQUAL,float,60,65,5,CORRECT,,,0,0,,0,0,,,
PERLND,MON-IFLW-CONC,CONDEC,PQUAL,float,65,70,5,CORRECT,,,0,0,,0,0,,,
PERLND,MON-IFWCO2,OPNID,PWTGAS,int,0,5,5,PROTECTED,,,,,,,,,,*** PLSs to which these data apply.
PERLND,MON-IFWCO2,OPNIDLAST,PWTGAS,int,5,10,5,PROTECTED,,,,,,,,,,*** PLSs to which these data apply.
PERLND,MON-IFWCO2,CO2JAN,PWTGAS,float,10,15,5,CORRECT,,,0,0,1,0,0,1,,*** CO2JAN is the interflow CO2 conc. at the start of the January.
PERLND,MON-IFWCO2,CO2FEB,PWTGAS,float,15,20,5,CORRECT,,,0,0,1,0,0,1,,
PERLND,MON-IFWCO2,CO2MAR,PWTGAS,float,20,25,5,CORRECT,,,0,0,1,0,0,1,,
PERLND,MON-IFWCO2,CO2APR,PWTGAS,float,25,30,5,CORRECT,,,0,0,1,0,0,1,,
PERLND,MON-IFWCO2,CO2MAY,PWTGAS,float,30,35,5,CORRECT,,,0,0,1,0,0,1,,
PERLND,MON-IFWCO2,CO2JUN,PWTGAS,float,35,40,5,CORRECT,,,0,0,1,0,0,1,,
PERLND,MON-IFWCO2,CO2JUL,PWTGAS,float,40,45,5,CORRECT,,,0,0,1,0,0,1,,
PERLND,MON-IFWCO2,CO2AUG,PWTGAS,float,45,50,5,CORRECT,,,0,0,1,0,0,1,,
PERLND,MON-IFWCO2,CO2SEP,PWTGAS,float,50,55,5,CORRECT,,,0,0,1,0,0,1,,
PERLND,MON-IFWCO2,CO2OCT,PWTGAS,float,55,60,5,CORRECT,,,0,0,1,0,0,1,,
PERLND,MON-IFWCO2,CO2NOV,PWTGAS,float,60,65,5,CORRECT,,,0,0,1,0,0,1,,
PERLND,MON-IFWCO2,CO2DEC,PWTGAS,float,65,70,5,CORRECT,,,0,0,1,0,0,1,,
PERLND,MON-IFWDOX,OPNID,PWTGAS,int,0,5,5,PROTECTED,,,,,,,,,,*** PLSs to which these data apply.
PERLND,MON-IFWDOX,OPNIDLAST,PWTGAS,int,5,10,5,PROTECTED,,,,,,,,,,*** PLSs to which these data apply.
PERLND,MON-IFWDOX,IDOJAN,PWTGAS,float,10,15,5,CORRECT,,,0,0,20,0,0,20,,*** IDOJAN is the interflow DO conc. at the start of January.
PERLND,MON-IFWDOX,IDOFEB,PWTGAS,float,15,20,5,CORRECT,,,0,0,20,0,0,20,,
PERLND,MON-IFWDOX,IDOMAR,PWTGAS,float,20,25,5,CORRECT,,,0,0,20,0,0,20,,
PERLND,MON-IFWDOX,IDOAPR,PWTGAS,float,25,30,5,CORRECT,,,0,0,20,0,0,20,,
PERLND,MON-IFWDOX,IDOMAY,PWTGAS,float,30,35,5,CORRECT,,,0,0,20,0,0,20,,
PERLND,MON-IFWDOX,IDOJUN,PWTGAS,float,35,40,5,CORRECT,,,0,0,20,0,0,20,,
PERLND,MON-IFWDOX,IDOJUL,PWTGAS,float,40,45,5,CORRECT,,,0,0,20,0,0,20,,
PERLND,MON-IFWDOX,IDOAUG,PWTGAS,float,45,50,5,CORRECT,,,0,0,20,0,0,20,,
PERLND,MON-IFWDOX,IDOSEP,PWTGAS,float,50,55,5,CORRECT,,,0,0,20,0,0,20,,
PERLND,MON-IFWDOX,IDOOCT,PWTGAS,float,55,60,5,CORRECT,,,0,0,20,0,0,20,,
PERLND,MON-IFWDOX,IDONOV,PWTGAS,float,60,65,5,CORRECT,,,0,0,20,0,0,20,,
PERLND,MON-IFWDOX,IDODEC,PWTGAS,float,65,70,5,CORRECT,,,0,0,20,0,0,20,,
PERLND,MON-INTERCEP,OPNID,PWATER,int,0,5,5,PROTECTED,,,,,,,,,,*** PLSs to which these data apply.
PERLND,MON-INTERCEP,OPNIDLAST,PWATER,int,5,10,5,PROTECTED,,,,,,,,,,*** PLSs to which these data apply.
PERLND,MON-INTERCEP,INTJAN,PWATER,float,10,15,5,CORRECT,,,0,0,250,0,0,10,,*** INTJAN is the interception storage capacity at the start of January.
PERLND,MON-INTERCEP,INTFEB,PWATER,float,15,20,5,CORRECT,,,0,0,250,0,0,10,,
PERLND,MON-INTERCEP,INTMAR,PWATER,float,20,25,5,CORRECT,,,0,0,250,0,0,10,,
PERLND,MON-INTERCEP,INTAPR,PWATER,float,25,30,5,CORRECT,,,0,0,250,0,0,10,,
PERLND,MON-INTERCEP,INTMAY,PWATER,float,30,35,5,CORRECT,,,0,0,250,0,0,10,,
PERLND,MON-INTERCEP,INTJUN,PWATER,float,35,40,5,CORRECT,,,0,0,250,0,0,10,,
PERLND,MON-INTERCEP,INTJUL,PWATER,float,40,45,5,CORRECT,,,0,0,250,0,0,10,,
PERLND,MON-INTERCEP,INTAUG,PWATER,float,45,50,5,CORRECT,,,0,0,250,0,0,10,,
PERLND,MON-INTERCEP,INTSEP,PWATER,float,50,55,5,CORRECT,,,0,0,250,0,0,10,,
PERLND,MON-INTERCEP,INTOCT,PWATER,float,55,60,5,CORRECT,,,0,0,250,0,0,10,,
PERLND,MON-INTERCEP,INTNOV,PWATER,float,60,65,5,CORRECT,,,0,0,250,0,0,10,,
PERLND,MON-INTERCEP,INTDEC,PWATER,float,65,70,5,CORRECT,,,0,0,250,0,0,10,,
PERLND,MON-INTERFLW,OPNID,PWATER,int,0,5,5,PROTECTED,,,,,,,,,,*** PLSs to which these data apply.
PERLND,MON-INTERFLW,OPNIDLAST,PWATER,int,5,10,5,PROTECTED,,,,,,,,,,*** PLSs to which these data apply.
PERLND,MON-INTERFLW,IFLJAN,PWATER,float,10,15,5,CORRECT,,,,0,,,0,,,*** IFLJAN is the interflow inflow parameter at the start of January
PERLND,MON-INTERFLW,IFLFEB,PWATER,float,15,20,5,CORRECT,,,,0,,,0,,,
PERLND,MON-INTERFLW,IFLMAR,PWATER,float,20,25,5,CORRECT,,,,0,,,0,,,
PERLND,MON-INTERFLW,IFLAPR,PWATER,float,25,30,5,CORRECT,,,,0,,,0,,,
PERLND,MON-INTERFLW,IFLMAY,PWATER,float,30,35,5,CORRECT,,,,0,,,0,,,
PERLND,MON-INTERFLW,IFLJUN,PWATER,float,35,40,5,CORRECT,,,,0,,,0,,,
PERLND,MON-INTERFLW,IFLJUL,PWATER,float,40,45,5,CORRECT,,,,0,,,0,,,
PERLND,MON-INTERFLW,IFLAUG,PWATER,float,45,50,5,CORRECT,,,,0,,,0,,,
PERLND,MON-INTERFLW,IFLSEP,PWATER,float,50,55,5,CORRECT,,,,0,,,0,,,
PERLND,MON-INTERFLW,IFLOCT,PWATER,float,55,60,5,CORRECT,,,,0,,,0,,,
PERLND,MON-INTERFLW,IFLNOV,PWATER,float,60,65,5,CORRECT,,,,0,,,0,,,
PERLND,MON-INTERFLW,IFLDEC,PWATER,float,65,70,5,CORRECT,,,,0,,,0,,,
PERLND,MON-IRC,OPNID,PWATER,int,0,5,5,PROTECTED,,,,,,,,,,*** PLSs to which these data apply.
PERLND,MON-IRC,OPNIDLAST,PWATER,int,5,10,5,PROTECTED,,,,,,,,,,*** PLSs to which these data apply.
PERLND,MON-IRC,IRCJAN,PWATER,float,10,15,5,CORRECT,,,,1E-30,0.999,,1E-30,0.999,,*** IRCJAN is the interflow recession constant at the start of January.
PERLND,MON-IRC,IRCFEB,PWATER,float,15,20,5,CORRECT,,,,1E-30,0.999,,1E-30,0.999,,
PERLND,MON-IRC,IRCMAR,PWATER,float,20,25,5,CORRECT,,,,1E-30,0.999,,1E-30,0.999,,
PERLND,MON-IRC,IRCAPR,PWATER,float,25,30,5,CORRECT,,,,1E-30,0.999,,1E-30,0.999,,
PERLND,MON-IRC,IRCMAY,PWATER,float,30,35,5,CORRECT,,,,1E-30,0.999,,1E-30,0.999,,
PERLND,MON-IRC,IRCJUN,PWATER,float,35,40,5,CORRECT,,,,1E-30,0.999,,1E-30,0.999,,
PERLND,MON-IRC,IRCJUL,PWATER,float,40,45,5,CORRECT,,,,1E-30,0.999,,1E-30,0.999,,
PERLND,MON-IRC,IRCAUG,PWATER,float,45,50,5,CORRECT,,,,1E-30,0.999,,1E-30,0.999,,
PERLND,MON-IRC,IRCSEP,PWATER,float,50,55,5,CORRECT,,,,1E-30,0.999,,1E-30,0.999,,
PERLND,MON-IRC,IRCOCT,PWATER,float,55,60,5,CORRECT,,,,1E-30,0.999,,1E-30,0.999,,
PERLND,MON-IRC,IRCNOV,PWATER,float,60,65,5,CORRECT,,,,1E-30,0.999,,1E-30,0.999,,
PERLND,MON-IRC,IRCDEC,PWATER,float,65,70,5,CORRECT,,,,1E-30,0.999,,1E-30,0.999,,
PERLND,MON-IRR-AWD,OPNID,PWATER,int,0,5,5,PROTECTED,,,,,,,,,,*** PLSs to which these data apply.
PERLND,MON-IRR-AWD,OPNIDLAST,PWATER,int,5,10,5,PROTECTED,,,,,,,,,,*** PLSs to which these data apply.
PERLND,MON-IRR-AWD,AWDJAN,PWATER,float,10,15,5,CORRECT,,,0,0,,0,0,,,*** AWDJAN is the allowable water depletion at the start of January.
PERLND,MON-IRR-AWD,AWDFEB,PWATER,float,15,20,5,CORRECT,,,0,0,,0,0,,,
PERLND,MON-IRR-AWD,AWDMAR,PWATER,float,20,25,5,CORRECT,,,0,0,,0,0,,,
PERLND,MON-IRR-AWD,AWDAPR,PWATER,float,25,30,5,CORRECT,,,0,0,,0,0,,,
PERLND,MON-IRR-AWD,AWDMAY,PWATER,float,30,35,5,CORRECT,,,0,0,,0,0,,,
PERLND,MON-IRR-AWD,AWDJUN,PWATER,float,35,40,5,CORRECT,,,0,0,,0,0,,,
PERLND,MON-IRR-AWD,AWDJUL,PWATER,float,40,45,5,CORRECT,,,0,0,,0,0,,,
PERLND,MON-IRR-AWD,AWDAUG,PWATER,float,45,50,5,CORRECT,,,0,0,,0,0,,,
PERLND,MON-IRR-AWD,AWDSEP,PWATER,float,50,55,5,CORRECT,,,0,0,,0,0,,,
PERLND,MON-IRR-AWD,AWDOCT,PWATER,float,55,60,5,CORRECT,,,0,0,,0,0,,,
PERLND,MON-IRR-AWD,AWDNOV,PWATER,float,60,65,5,CORRECT,,,0,0,,0,0,,,
PERLND,MON-IRR-AWD,AWDDEC,PWATER,float,65,70,5,CORRECT,,,0,0,,0,0,,,
PERLND,MON-IRR-CRDP,OPNID,PWATER,int,0,5,5,PROTECTED,,,,,,,,,,*** PLSs to which these data apply.
PERLND,MON-IRR-CRDP,OPNIDLAST,PWATER,int,5,10,5,PROTECTED,,,,,,,,,,*** PLSs to which these data apply.
PERLND,MON-IRR-CRDP,CRDJAN,PWATER,float,10,15,5,CORRECT,,,0,0,,0,0,,,*** CRDJAN is the crop root depth at the start of January.
PERLND,MON-IRR-CRDP,CRDFEB,PWATER,float,15,20,5,CORRECT,,,0,0,,0,0,,,
PERLND,MON-IRR-CRDP,CRDMAR,PWATER,float,20,25,5,CORRECT,,,0,0,,0,0,,,
PERLND,MON-IRR-CRDP,CRDAPR,PWATER,float,25,30,5,CORRECT,,,0,0,,0,0,,,
PERLND,MON-IRR-CRDP,CRDMAY,PWATER,float,30,35,5,CORRECT,,,0,0,,0,0,,,
PERLND,MON-IRR-CRDP,CRDJUN,PWATER,float,35,40,5,CORRECT,,,0,0,,0,0,,,
PERLND,MON-IRR-CRDP,CRDJUL,PWATER,float,40,45,5,CORRECT,,,0,0,,0,0,,,
PERLND,MON-IRR-CRDP,CRDAUG,PWATER,float,45,50,5,CORRECT,,,0,0,,0,0,,,
PERLND,MON-IRR-CRDP,CRDSEP,PWATER,float,50,55,5,CORRECT,,,0,0,,0,0,,,
PERLND,MON-IRR-CRDP,CRDOCT,PWATER,float,55,60,5,CORRECT,,,0,0,,0,0,,,
PERLND,MON-IRR-CRDP,CRDNOV,PWATER,float,60,65,5,CORRECT,,,0,0,,0,0,,,
PERLND,MON-IRR-CRDP,CRDDEC,PWATER,float,65,70,5,CORRECT,,,0,0,,0,0,,,
PERLND,MON-LGTP1,OPNID,PSTEMP,int,0,5,5,PROTECTED,,,,,,,,,,*** PLSs to which these data apply.
PERLND,MON-LGTP1,OPNIDLAST,PSTEMP,int,5,10,5,PROTECTED,,,,,,,,,,*** PLSs to which these data apply.
PERLND,MON-LGTP1,LT1JAN,PSTEMP,float,10,15,5,CORRECT,,,,,,,,,,"*** LT1JAN is the smoothing factor in lower layer/groundwater soil
*** temperature calculation at the start of January."
PERLND,MON-LGTP1,LT1FEB,PSTEMP,float,15,20,5,CORRECT,,,,,,,,,,
PERLND,MON-LGTP1,LT1MAR,PSTEMP,float,20,25,5,CORRECT,,,,,,,,,,
PERLND,MON-LGTP1,LT1APR,PSTEMP,float,25,30,5,CORRECT,,,,,,,,,,
PERLND,MON-LGTP1,LT1MAY,PSTEMP,float,30,35,5,CORRECT,,,,,,,,,,
PERLND,MON-LGTP1,LT1JUN,PSTEMP,float,35,40,5,CORRECT,,,,,,,,,,
PERLND,MON-LGTP1,LT1JUL,PSTEMP,float,40,45,5,CORRECT,,,,,,,,,,
PERLND,MON-LGTP1,LT1AUG,PSTEMP,float,45,50,5,CORRECT,,,,,,,,,,
PERLND,MON-LGTP1,LT1SEP,PSTEMP,float,50,55,5,CORRECT,,,,,,,,,,
PERLND,MON-LGTP1,LT1OCT,PSTEMP,float,55,60,5,CORRECT,,,,,,,,,,
PERLND,MON-LGTP1,LT1NOV,PSTEMP,float,60,65,5,CORRECT,,,,,,,,,,
PERLND,MON-LGTP1,LT1DEC,PSTEMP,float,65,70,5,CORRECT,,,,,,,,,,
PERLND,MON-LGTP2,OPNID,PSTEMP,int,0,5,5,PROTECTED,,,,,,,,,,*** PLSs to which these data apply.
PERLND,MON-LGTP2,OPNIDLAST,PSTEMP,int,5,10,5,PROTECTED,,,,,,,,,,*** PLSs to which these data apply.
PERLND,MON-LGTP2,LT2JAN,PSTEMP,float,10,15,5,CORRECT,,,,,,,,,,"*** LT2JAN is the mean difference between lower layer/groundwater soil
*** temperature and air temperature at the start of January."
PERLND,MON-LGTP2,LT2FEB,PSTEMP,float,15,20,5,CORRECT,,,,,,,,,,
PERLND,MON-LGTP2,LT2MAR,PSTEMP,float,20,25,5,CORRECT,,,,,,,,,,
PERLND,MON-LGTP2,LT2APR,PSTEMP,float,25,30,5,CORRECT,,,,,,,,,,
PERLND,MON-LGTP2,LT2MAY,PSTEMP,float,30,35,5,CORRECT,,,,,,,,,,
PERLND,MON-LGTP2,LT2JUN,PSTEMP,float,35,40,5,CORRECT,,,,,,,,,,
PERLND,MON-LGTP2,LT2JUL,PSTEMP,float,40,45,5,CORRECT,,,,,,,,,,
PERLND,MON-LGTP2,LT2AUG,PSTEMP,float,45,50,5,CORRECT,,,,,,,,,,
PERLND,MON-LGTP2,LT2SEP,PSTEMP,float,50,55,5,CORRECT,,,,,,,,,,
PERLND,MON-LGTP2,LT2OCT,PSTEMP,float,55,60,5,CORRECT,,,,,,,,,,
PERLND,MON-LGTP2,LT2NOV,PSTEMP,float,60,65,5,CORRECT,,,,,,,,,,
PERLND,MON-LGTP2,LT2DEC,PSTEMP,float,65,70,5,CORRECT,,,,,,,,,,
PERLND,MON-LZETPARM,OPNID,PWATER,int,0,5,5,PROTECTED,,,,,,,,,,*** PLSs to which these data apply.
PERLND,MON-LZETPARM,OPNIDLAST,PWATER,int,5,10,5,PROTECTED,,,,,,,,,,*** PLSs to which these data apply.
PERLND,MON-LZETPARM,LZEJAN,PWATER,float,10,15,5,CORRECT,,,0,0,2,0,0,2,,*** LZEJAN is the lower zone E-T parameter at the start of January.
PERLND,MON-LZETPARM,LZEFEB,PWATER,float,15,20,5,CORRECT,,,0,0,2,0,0,2,,
PERLND,MON-LZETPARM,LZEMAR,PWATER,float,20,25,5,CORRECT,,,0,0,2,0,0,2,,
PERLND,MON-LZETPARM,LZEAPR,PWATER,float,25,30,5,CORRECT,,,0,0,2,0,0,2,,
PERLND,MON-LZETPARM,LZEMAY,PWATER,float,30,35,5,CORRECT,,,0,0,2,0,0,2,,
PERLND,MON-LZETPARM,LZEJUN,PWATER,float,35,40,5,CORRECT,,,0,0,2,0,0,2,,
PERLND,MON-LZETPARM,LZEJUL,PWATER,float,40,45,5,CORRECT,,,0,0,2,0,0,2,,
PERLND,MON-LZETPARM,LZEAUG,PWATER,float,45,50,5,CORRECT,,,0,0,2,0,0,2,,
PERLND,MON-LZETPARM,LZESEP,PWATER,float,50,55,5,CORRECT,,,0,0,2,0,0,2,,
PERLND,MON-LZETPARM,LZEOCT,PWATER,float,55,60,5,CORRECT,,,0,0,2,0,0,2,,
PERLND,MON-LZETPARM,LZENOV,PWATER,float,60,65,5,CORRECT,,,0,0,2,0,0,2,,
PERLND,MON-LZETPARM,LZEDEC,PWATER,float,65,70,5,CORRECT,,,0,0,2,0,0,2,,
PERLND,MON-MANNING,OPNID,PWATER,int,0,5,5,PROTECTED,,,,,,,,,,*** PLSs to which these data apply.
PERLND,MON-MANNING,OPNIDLAST,PWATER,int,5,10,5,PROTECTED,,,,,,,,,,*** PLSs to which these data apply.
PERLND,MON-MANNING,MANJAN,PWATER,float,10,15,5,CORRECT,,,0.1,0.001,1,0.1,0.001,1,,*** MANJAN is the Manning's n value at the start of January.
PERLND,MON-MANNING,MANFEB,PWATER,float,15,20,5,CORRECT,,,0.1,0.001,1,0.1,0.001,1,,
PERLND,MON-MANNING,MANMAR,PWATER,float,20,25,5,CORRECT,,,0.1,0.001,1,0.1,0.001,1,,
PERLND,MON-MANNING,MANAPR,PWATER,float,25,30,5,CORRECT,,,0.1,0.001,1,0.1,0.001,1,,
PERLND,MON-MANNING,MANMAY,PWATER,float,30,35,5,CORRECT,,,0.1,0.001,1,0.1,0.001,1,,
PERLND,MON-MANNING,MANJUN,PWATER,float,35,40,5,CORRECT,,,0.1,0.001,1,0.1,0.001,1,,
PERLND,MON-MANNING,MANJUL,PWATER,float,40,45,5,CORRECT,,,0.1,0.001,1,0.1,0.001,1,,
PERLND,MON-MANNING,MANAUG,PWATER,float,45,50,5,CORRECT,,,0.1,0.001,1,0.1,0.001,1,,
PERLND,MON-MANNING,MANSEP,PWATER,float,50,55,5,CORRECT,,,0.1,0.001,1,0.1,0.001,1,,
PERLND,MON-MANNING,MANOCT,PWATER,float,55,60,5,CORRECT,,,0.1,0.001,1,0.1,0.001,1,,
PERLND,MON-MANNING,MANNOV,PWATER,float,60,65,5,CORRECT,,,0.1,0.001,1,0.1,0.001,1,,
PERLND,MON-MANNING,MANDEC,PWATER,float,65,70,5,CORRECT,,,0.1,0.001,1,0.1,0.001,1,,
PERLND,MON-MELT-FAC,OPNID,SNOW,int,0,5,5,PROTECTED,,,,,,,,,,*** PLSs to which these data apply.
PERLND,MON-MELT-FAC,OPNIDLAST,SNOW,int,5,10,5,PROTECTED,,,,,,,,,,*** PLSs to which these data apply.
PERLND,MON-MELT-FAC,KMJAN,SNOW,float,10,15,5,CORRECT,,,0,0,,0,0,,,*** KMJAN is the degree-day snowmelt factor at the start of January
PERLND,MON-MELT-FAC,KMFEB,SNOW,float,15,20,5,CORRECT,,,0,0,,0,0,,,
PERLND,MON-MELT-FAC,KMMAR,SNOW,float,20,25,5,CORRECT,,,0,0,,0,0,,,
PERLND,MON-MELT-FAC,KMAPR,SNOW,float,25,30,5,CORRECT,,,0,0,,0,0,,,
PERLND,MON-MELT-FAC,KMMAY,SNOW,float,30,35,5,CORRECT,,,0,0,,0,0,,,
PERLND,MON-MELT-FAC,KMJUN,SNOW,float,35,40,5,CORRECT,,,0,0,,0,0,,,
PERLND,MON-MELT-FAC,KMJUL,SNOW,float,40,45,5,CORRECT,,,0,0,,0,0,,,
PERLND,MON-MELT-FAC,KMAUG,SNOW,float,45,50,5,CORRECT,,,0,0,,0,0,,,
PERLND,MON-MELT-FAC,KMSEP,SNOW,float,50,55,5,CORRECT,,,0,0,,0,0,,,
PERLND,MON-MELT-FAC,KMOCT,SNOW,float,55,60,5,CORRECT,,,0,0,,0,0,,,
PERLND,MON-MELT-FAC,KMNOV,SNOW,float,60,65,5,CORRECT,,,0,0,,0,0,,,
PERLND,MON-MELT-FAC,KMDEC,SNOW,float,65,70,5,CORRECT,,,0,0,,0,0,,,
PERLND,MON-NITAGUTF,OPNID,NITR,int,0,5,5,PROTECTED,,,,,,,,,,*** PLSs to which these data apply.
PERLND,MON-NITAGUTF,OPNIDLAST,NITR,int,5,10,5,PROTECTED,,,,,,,,,,*** PLSs to which these data apply.
PERLND,MON-NITAGUTF,AGFJAN,NITR,float,10,15,5,CORRECT,,,0,0,1,0,0,1,,"*** AGFJAN is the fraction of plant uptake from the soil layer that goes to
*** above-ground plant storage in January."
PERLND,MON-NITAGUTF,AGFFEB,NITR,float,15,20,5,CORRECT,,,0,0,1,0,0,1,,
PERLND,MON-NITAGUTF,AGFMAR,NITR,float,20,25,5,CORRECT,,,0,0,1,0,0,1,,
PERLND,MON-NITAGUTF,AGFAPR,NITR,float,25,30,5,CORRECT,,,0,0,1,0,0,1,,
PERLND,MON-NITAGUTF,AGFMAY,NITR,float,30,35,5,CORRECT,,,0,0,1,0,0,1,,
PERLND,MON-NITAGUTF,AGFJUN,NITR,float,35,40,5,CORRECT,,,0,0,1,0,0,1,,
PERLND,MON-NITAGUTF,AGFJUL,NITR,float,40,45,5,CORRECT,,,0,0,1,0,0,1,,
PERLND,MON-NITAGUTF,AGFAUG,NITR,float,45,50,5,CORRECT,,,0,0,1,0,0,1,,
PERLND,MON-NITAGUTF,AGFSEP,NITR,float,50,55,5,CORRECT,,,0,0,1,0,0,1,,
PERLND,MON-NITAGUTF,AGFOCT,NITR,float,55,60,5,CORRECT,,,0,0,1,0,0,1,,
PERLND,MON-NITAGUTF,AGFNOV,NITR,float,60,65,5,CORRECT,,,0,0,1,0,0,1,,
PERLND,MON-NITAGUTF,AGFDEC,NITR,float,65,70,5,CORRECT,,,0,0,1,0,0,1,,
PERLND,MON-NITIMAM,OPNID,NITR,int,0,5,5,PROTECTED,,,,,,,,,,*** PLSs to which these data apply.
PERLND,MON-NITIMAM,OPNIDLAST,NITR,int,5,10,5,PROTECTED,,,,,,,,,,*** PLSs to which these data apply.
PERLND,MON-NITIMAM,KIAJAN,NITR,float,10,15,5,CORRECT,,,0,0,,0,0,,,*** KIAJAN is the maximum immobilization rate for ammonia in January.
PERLND,MON-NITIMAM,KIAFEB,NITR,float,15,20,5,CORRECT,,,0,0,,0,0,,,
PERLND,MON-NITIMAM,KIAMAR,NITR,float,20,25,5,CORRECT,,,0,0,,0,0,,,
PERLND,MON-NITIMAM,KIAAPR,NITR,float,25,30,5,CORRECT,,,0,0,,0,0,,,
PERLND,MON-NITIMAM,KIAMAY,NITR,float,30,35,5,CORRECT,,,0,0,,0,0,,,
PERLND,MON-NITIMAM,KIAJUN,NITR,float,35,40,5,CORRECT,,,0,0,,0,0,,,
PERLND,MON-NITIMAM,KIAJUL,NITR,float,40,45,5,CORRECT,,,0,0,,0,0,,,
PERLND,MON-NITIMAM,KIAAUG,NITR,float,45,50,5,CORRECT,,,0,0,,0,0,,,
PERLND,MON-NITIMAM,KIASEP,NITR,float,50,55,5,CORRECT,,,0,0,,0,0,,,
PERLND,MON-NITIMAM,KIAOCT,NITR,float,55,60,5,CORRECT,,,0,0,,0,0,,,
PERLND,MON-NITIMAM,KIANOV,NITR,float,60,65,5,CORRECT,,,0,0,,0,0,,,
PERLND,MON-NITIMAM,KIADEC,NITR,float,65,70,5,CORRECT,,,0,0,,0,0,,,
PERLND,MON-NITIMNI,OPNID,NITR,int,0,5,5,PROTECTED,,,,,,,,,,*** PLSs to which these data apply.
PERLND,MON-NITIMNI,OPNIDLAST,NITR,int,5,10,5,PROTECTED,,,,,,,,,,*** PLSs to which these data apply.
PERLND,MON-NITIMNI,KINJAN,NITR,float,10,15,5,CORRECT,,,0,0,,0,0,,,*** KINJAN is the maximum immobilization rate for nitrate in January.
PERLND,MON-NITIMNI,KINFEB,NITR,float,15,20,5,CORRECT,,,0,0,,0,0,,,
PERLND,MON-NITIMNI,KINMAR,NITR,float,20,25,5,CORRECT,,,0,0,,0,0,,,
PERLND,MON-NITIMNI,KINAPR,NITR,float,25,30,5,CORRECT,,,0,0,,0,0,,,
PERLND,MON-NITIMNI,KINMAY,NITR,float,30,35,5,CORRECT,,,0,0,,0,0,,,
PERLND,MON-NITIMNI,KINJUN,NITR,float,35,40,5,CORRECT,,,0,0,,0,0,,,
PERLND,MON-NITIMNI,KINJUL,NITR,float,40,45,5,CORRECT,,,0,0,,0,0,,,
PERLND,MON-NITIMNI,KINAUG,NITR,float,45,50,5,CORRECT,,,0,0,,0,0,,,
PERLND,MON-NITIMNI,KINSEP,NITR,float,50,55,5,CORRECT,,,0,0,,0,0,,,
PERLND,MON-NITIMNI,KINOCT,NITR,float,55,60,5,CORRECT,,,0,0,,0,0,,,
PERLND,MON-NITIMNI,KINNOV,NITR,float,60,65,5,CORRECT,,,0,0,,0,0,,,
PERLND,MON-NITIMNI,KINDEC,NITR,float,65,70,5,CORRECT,,,0,0,,0,0,,,
PERLND,MON-NITUPAM,OPNID,NITR,int,0,5,5,PROTECTED,,,,,,,,,,*** PLSs to which these data apply.
PERLND,MON-NITUPAM,OPNIDLAST,NITR,int,5,10,5,PROTECTED,,,,,,,,,,*** PLSs to which these data apply.
PERLND,MON-NITUPAM,KUAJAN,NITR,float,10,15,5,CORRECT,,,0,0,,0,0,,,*** KUAJAN is the maximum plant uptake rate for ammonia in January.
PERLND,MON-NITUPAM,KUAFEB,NITR,float,15,20,5,CORRECT,,,0,0,,0,0,,,
PERLND,MON-NITUPAM,KUAMAR,NITR,float,20,25,5,CORRECT,,,0,0,,0,0,,,
PERLND,MON-NITUPAM,KUAAPR,NITR,float,25,30,5,CORRECT,,,0,0,,0,0,,,
PERLND,MON-NITUPAM,KUAMAY,NITR,float,30,35,5,CORRECT,,,0,0,,0,0,,,
PERLND,MON-NITUPAM,KUAJUN,NITR,float,35,40,5,CORRECT,,,0,0,,0,0,,,
PERLND,MON-NITUPAM,KUAJUL,NITR,float,40,45,5,CORRECT,,,0,0,,0,0,,,
PERLND,MON-NITUPAM,KUAAUG,NITR,float,45,50,5,CORRECT,,,0,0,,0,0,,,
PERLND,MON-NITUPAM,KUASEP,NITR,float,50,55,5,CORRECT,,,0,0,,0,0,,,
PERLND,MON-NITUPAM,KUAOCT,NITR,float,55,60,5,CORRECT,,,0,0,,0,0,,,
PERLND,MON-NITUPAM,KUANOV,NITR,float,60,65,5,CORRECT,,,0,0,,0,0,,,
PERLND,MON-NITUPAM,KUADEC,NITR,float,65,70,5,CORRECT,,,0,0,,0,0,,,
PERLND,MON-NITUPNI,OPNID,NITR,int,0,5,5,PROTECTED,,,,,,,,,,*** PLSs to which these data apply.
PERLND,MON-NITUPNI,OPNIDLAST,NITR,int,5,10,5,PROTECTED,,,,,,,,,,*** PLSs to which these data apply.
PERLND,MON-NITUPNI,KUNJAN,NITR,float,10,15,5,CORRECT,,,0,0,,0,0,,,*** KUNJAN is the maximum plant uptake rate for nitrate in January.
PERLND,MON-NITUPNI,KUNFEB,NITR,float,15,20,5,CORRECT,,,0,0,,0,0,,,
PERLND,MON-NITUPNI,KUNMAR,NITR,float,20,25,5,CORRECT,,,0,0,,0,0,,,
PERLND,MON-NITUPNI,KUNAPR,NITR,float,25,30,5,CORRECT,,,0,0,,0,0,,,
PERLND,MON-NITUPNI,KUNMAY,NITR,float,30,35,5,CORRECT,,,0,0,,0,0,,,
PERLND,MON-NITUPNI,KUNJUN,NITR,float,35,40,5,CORRECT,,,0,0,,0,0,,,
PERLND,MON-NITUPNI,KUNJUL,NITR,float,40,45,5,CORRECT,,,0,0,,0,0,,,
PERLND,MON-NITUPNI,KUNAUG,NITR,float,45,50,5,CORRECT,,,0,0,,0,0,,,
PERLND,MON-NITUPNI,KUNSEP,NITR,float,50,55,5,CORRECT,,,0,0,,0,0,,,
PERLND,MON-NITUPNI,KUNOCT,NITR,float,55,60,5,CORRECT,,,0,0,,0,0,,,
PERLND,MON-NITUPNI,KUNNOV,NITR,float,60,65,5,CORRECT,,,0,0,,0,0,,,
PERLND,MON-NITUPNI,KUNDEC,NITR,float,65,70,5,CORRECT,,,0,0,,0,0,,,
PERLND,MON-NITUPT,OPNID,NITR,int,0,5,5,PROTECTED,,,,,,,,,,*** PLSs to which these data apply.
PERLND,MON-NITUPT,OPNIDLAST,NITR,int,5,10,5,PROTECTED,,,,,,,,,,*** PLSs to which these data apply.
PERLND,MON-NITUPT,KPLJAN,NITR,float,10,15,5,CORRECT,,,0,0,,0,0,,,*** KPLJAN is the plant uptake parameter for nitrogen in January.
PERLND,MON-NITUPT,KPLFEB,NITR,float,15,20,5,CORRECT,,,0,0,,0,0,,,
PERLND,MON-NITUPT,KPLMAR,NITR,float,20,25,5,CORRECT,,,0,0,,0,0,,,
PERLND,MON-NITUPT,KPLAPR,NITR,float,25,30,5,CORRECT,,,0,0,,0,0,,,
PERLND,MON-NITUPT,KPLMAY,NITR,float,30,35,5,CORRECT,,,0,0,,0,0,,,
PERLND,MON-NITUPT,KPLJUN,NITR,float,35,40,5,CORRECT,,,0,0,,0,0,,,
PERLND,MON-NITUPT,KPLJUL,NITR,float,40,45,5,CORRECT,,,0,0,,0,0,,,
PERLND,MON-NITUPT,KPLAUG,NITR,float,45,50,5,CORRECT,,,0,0,,0,0,,,
PERLND,MON-NITUPT,KPLSEP,NITR,float,50,55,5,CORRECT,,,0,0,,0,0,,,
PERLND,MON-NITUPT,KPLOCT,NITR,float,55,60,5,CORRECT,,,0,0,,0,0,,,
PERLND,MON-NITUPT,KPLNOV,NITR,float,60,65,5,CORRECT,,,0,0,,0,0,,,
PERLND,MON-NITUPT,KPLDEC,NITR,float,65,70,5,CORRECT,,,0,0,,0,0,,,
PERLND,MON-NPRETAG,OPNID,NITR,int,0,5,5,PROTECTED,,,,,,,,,,*** PLSs to which these data apply.
PERLND,MON-NPRETAG,OPNIDLAST,NITR,int,5,10,5,PROTECTED,,,,,,,,,,*** PLSs to which these data apply.
PERLND,MON-NPRETAG,ANRJAN,NITR,float,10,15,5,CORRECT,,,0,0,,0,0,,,"*** ANRJAN is the first-order return rate for above-ground plant N to the
*** litter compartment in January."
PERLND,MON-NPRETAG,ANRFEB,NITR,float,15,20,5,CORRECT,,,0,0,,0,0,,,
PERLND,MON-NPRETAG,ANRMAR,NITR,float,20,25,5,CORRECT,,,0,0,,0,0,,,
PERLND,MON-NPRETAG,ANRAPR,NITR,float,25,30,5,CORRECT,,,0,0,,0,0,,,
PERLND,MON-NPRETAG,ANRMAY,NITR,float,30,35,5,CORRECT,,,0,0,,0,0,,,
PERLND,MON-NPRETAG,ANRJUN,NITR,float,35,40,5,CORRECT,,,0,0,,0,0,,,
PERLND,MON-NPRETAG,ANRJUL,NITR,float,40,45,5,CORRECT,,,0,0,,0,0,,,
PERLND,MON-NPRETAG,ANRAUG,NITR,float,45,50,5,CORRECT,,,0,0,,0,0,,,
PERLND,MON-NPRETAG,ANRSEP,NITR,float,50,55,5,CORRECT,,,0,0,,0,0,,,
PERLND,MON-NPRETAG,ANROCT,NITR,float,55,60,5,CORRECT,,,0,0,,0,0,,,
PERLND,MON-NPRETAG,ANRNOV,NITR,float,60,65,5,CORRECT,,,0,0,,0,0,,,
PERLND,MON-NPRETAG,ANRDEC,NITR,float,65,70,5,CORRECT,,,0,0,,0,0,,,
PERLND,MON-NPRETBG,OPNID,NITR,int,0,5,5,PROTECTED,,,,,,,,,,*** PLSs to which these data apply.
PERLND,MON-NPRETBG,OPNIDLAST,NITR,int,5,10,5,PROTECTED,,,,,,,,,,*** PLSs to which these data apply.
PERLND,MON-NPRETBG,BNRJAN,NITR,float,10,15,5,CORRECT,,,0,0,1,0,0,1,,"*** BNRJAN is the first-order return rate for below-ground plant N to the
*** soil layer in January."
PERLND,MON-NPRETBG,BNRFEB,NITR,float,15,20,5,CORRECT,,,0,0,1,0,0,1,,
PERLND,MON-NPRETBG,BNRMAR,NITR,float,20,25,5,CORRECT,,,0,0,1,0,0,1,,
PERLND,MON-NPRETBG,BNRAPR,NITR,float,25,30,5,CORRECT,,,0,0,1,0,0,1,,
PERLND,MON-NPRETBG,BNRMAY,NITR,float,30,35,5,CORRECT,,,0,0,1,0,0,1,,
PERLND,MON-NPRETBG,BNRJUN,NITR,float,35,40,5,CORRECT,,,0,0,1,0,0,1,,
PERLND,MON-NPRETBG,BNRJUL,NITR,float,40,45,5,CORRECT,,,0,0,1,0,0,1,,
PERLND,MON-NPRETBG,BNRAUG,NITR,float,45,50,5,CORRECT,,,0,0,1,0,0,1,,
PERLND,MON-NPRETBG,BNRSEP,NITR,float,50,55,5,CORRECT,,,0,0,1,0,0,1,,
PERLND,MON-NPRETBG,BNROCT,NITR,float,55,60,5,CORRECT,,,0,0,1,0,0,1,,
PERLND,MON-NPRETBG,BNRNOV,NITR,float,60,65,5,CORRECT,,,0,0,1,0,0,1,,
PERLND,MON-NPRETBG,BNRDEC,NITR,float,65,70,5,CORRECT,,,0,0,1,0,0,1,,
PERLND,MON-NPRETFBG,OPNID,NITR,int,0,5,5,PROTECTED,,,,,,,,,,*** PLSs to which these data apply.
PERLND,MON-NPRETFBG,OPNIDLAST,NITR,int,5,10,5,PROTECTED,,,,,,,,,,*** PLSs to which these data apply.
PERLND,MON-NPRETFBG,BNFJAN,NITR,float,10,15,5,CORRECT,,,0,0,1,0,0,1,,"*** BNFJAN is the fraction of below-ground plant N return which returns as
*** particulate refractory organic N instead of particulate labile organic N
*** in January."
PERLND,MON-NPRETFBG,BNFFEB,NITR,float,15,20,5,CORRECT,,,0,0,1,0,0,1,,
PERLND,MON-NPRETFBG,BNFMAR,NITR,float,20,25,5,CORRECT,,,0,0,1,0,0,1,,
PERLND,MON-NPRETFBG,BNFAPR,NITR,float,25,30,5,CORRECT,,,0,0,1,0,0,1,,
PERLND,MON-NPRETFBG,BNFMAY,NITR,float,30,35,5,CORRECT,,,0,0,1,0,0,1,,
PERLND,MON-NPRETFBG,BNFJUN,NITR,float,35,40,5,CORRECT,,,0,0,1,0,0,1,,
PERLND,MON-NPRETFBG,BNFJUL,NITR,float,40,45,5,CORRECT,,,0,0,1,0,0,1,,
PERLND,MON-NPRETFBG,BNFAUG,NITR,float,45,50,5,CORRECT,,,0,0,1,0,0,1,,
PERLND,MON-NPRETFBG,BNFSEP,NITR,float,50,55,5,CORRECT,,,0,0,1,0,0,1,,
PERLND,MON-NPRETFBG,BNFOCT,NITR,float,55,60,5,CORRECT,,,0,0,1,0,0,1,,
PERLND,MON-NPRETFBG,BNFNOV,NITR,float,60,65,5,CORRECT,,,0,0,1,0,0,1,,
PERLND,MON-NPRETFBG,BNFDEC,NITR,float,65,70,5,CORRECT,,,0,0,1,0,0,1,,
PERLND,MON-NPRETFLI,OPNID,NITR,int,0,5,5,PROTECTED,,,,,,,,,,*** PLSs to which these data apply.
PERLND,MON-NPRETFLI,OPNIDLAST,NITR,int,5,10,5,PROTECTED,,,,,,,,,,*** PLSs to which these data apply.
PERLND,MON-NPRETFLI,LNFJAN,NITR,float,10,15,5,CORRECT,,,0,0,1,0,0,1,,"*** LNFJAN is the fraction of litter N return which returns as particulate
*** refractory organic N instead of particulate labile organic N in
*** January."
PERLND,MON-NPRETFLI,LNFFEB,NITR,float,15,20,5,CORRECT,,,0,0,1,0,0,1,,
PERLND,MON-NPRETFLI,LNFMAR,NITR,float,20,25,5,CORRECT,,,0,0,1,0,0,1,,
PERLND,MON-NPRETFLI,LNFAPR,NITR,float,25,30,5,CORRECT,,,0,0,1,0,0,1,,
PERLND,MON-NPRETFLI,LNFMAY,NITR,float,30,35,5,CORRECT,,,0,0,1,0,0,1,,
PERLND,MON-NPRETFLI,LNFJUN,NITR,float,35,40,5,CORRECT,,,0,0,1,0,0,1,,
PERLND,MON-NPRETFLI,LNFJUL,NITR,float,40,45,5,CORRECT,,,0,0,1,0,0,1,,
PERLND,MON-NPRETFLI,LNFAUG,NITR,float,45,50,5,CORRECT,,,0,0,1,0,0,1,,
PERLND,MON-NPRETFLI,LNFSEP,NITR,float,50,55,5,CORRECT,,,0,0,1,0,0,1,,
PERLND,MON-NPRETFLI,LNFOCT,NITR,float,55,60,5,CORRECT,,,0,0,1,0,0,1,,
PERLND,MON-NPRETFLI,LNFNOV,NITR,float,60,65,5,CORRECT,,,0,0,1,0,0,1,,
PERLND,MON-NPRETFLI,LNFDEC,NITR,float,65,70,5,CORRECT,,,0,0,1,0,0,1,,
PERLND,MON-NPRETLI,OPNID,NITR,int,0,5,5,PROTECTED,,,,,,,,,,*** PLSs to which these data apply.
PERLND,MON-NPRETLI,OPNIDLAST,NITR,int,5,10,5,PROTECTED,,,,,,,,,,*** PLSs to which these data apply.
PERLND,MON-NPRETLI,LNRJAN,NITR,float,10,15,5,CORRECT,,,0,0,,0,0,,,"*** LNRJAN is the first-order return rate for litter compartment nitrogen to
*** the soil layer in January."
PERLND,MON-NPRETLI,LNRFEB,NITR,float,15,20,5,CORRECT,,,0,0,,0,0,,,
PERLND,MON-NPRETLI,LNRMAR,NITR,float,20,25,5,CORRECT,,,0,0,,0,0,,,
PERLND,MON-NPRETLI,LNRAPR,NITR,float,25,30,5,CORRECT,,,0,0,,0,0,,,
PERLND,MON-NPRETLI,LNRMAY,NITR,float,30,35,5,CORRECT,,,0,0,,0,0,,,
PERLND,MON-NPRETLI,LNRJUN,NITR,float,35,40,5,CORRECT,,,0,0,,0,0,,,
PERLND,MON-NPRETLI,LNRJUL,NITR,float,40,45,5,CORRECT,,,0,0,,0,0,,,
PERLND,MON-NPRETLI,LNRAUG,NITR,float,45,50,5,CORRECT,,,0,0,,0,0,,,
PERLND,MON-NPRETLI,LNRSEP,NITR,float,50,55,5,CORRECT,,,0,0,,0,0,,,
PERLND,MON-NPRETLI,LNROCT,NITR,float,55,60,5,CORRECT,,,0,0,,0,0,,,
PERLND,MON-NPRETLI,LNRNOV,NITR,float,60,65,5,CORRECT,,,0,0,,0,0,,,
PERLND,MON-NPRETLI,LNRDEC,NITR,float,65,70,5,CORRECT,,,0,0,,0,0,,,
PERLND,MON-NUPT-FR1,OPNID,NITR,int,0,5,5,PROTECTED,,,,,,,,,,*** PLSs to which these data apply.
PERLND,MON-NUPT-FR1,OPNIDLAST,NITR,int,5,10,5,PROTECTED,,,,,,,,,,*** PLSs to which these data apply.
PERLND,MON-NUPT-FR1,TNUJAN,NITR,float,10,15,5,CORRECT,,,0,0,1,0,0,1,,*** TNUJAN is the fraction of the total annual N uptake in January.
PERLND,MON-NUPT-FR1,TNUFEB,NITR,float,15,20,5,CORRECT,,,0,0,1,0,0,1,,
PERLND,MON-NUPT-FR1,TNUMAR,NITR,float,20,25,5,CORRECT,,,0,0,1,0,0,1,,
PERLND,MON-NUPT-FR1,TNUAPR,NITR,float,25,30,5,CORRECT,,,0,0,1,0,0,1,,
PERLND,MON-NUPT-FR1,TNUMAY,NITR,float,30,35,5,CORRECT,,,0,0,1,0,0,1,,
PERLND,MON-NUPT-FR1,TNUJUN,NITR,float,35,40,5,CORRECT,,,0,0,1,0,0,1,,
PERLND,MON-NUPT-FR1,TNUJUL,NITR,float,40,45,5,CORRECT,,,0,0,1,0,0,1,,
PERLND,MON-NUPT-FR1,TNUAUG,NITR,float,45,50,5,CORRECT,,,0,0,1,0,0,1,,
PERLND,MON-NUPT-FR1,TNUSEP,NITR,float,50,55,5,CORRECT,,,0,0,1,0,0,1,,
PERLND,MON-NUPT-FR1,TNUOCT,NITR,float,55,60,5,CORRECT,,,0,0,1,0,0,1,,
PERLND,MON-NUPT-FR1,TNUNOV,NITR,float,60,65,5,CORRECT,,,0,0,1,0,0,1,,
PERLND,MON-NUPT-FR1,TNUDEC,NITR,float,65,70,5,CORRECT,,,0,0,1,0,0,1,,
PERLND,MON-NUPT-FR2,OPNID,NITR,int,0,5,5,PROTECTED,,,,,,,,,,*** PLSs to which these data apply.
PERLND,MON-NUPT-FR2,OPNIDLAST,NITR,int,5,10,5,PROTECTED,,,,,,,,,,*** PLSs to which these data apply.
PERLND,MON-NUPT-FR2,LNUJAN,NITR,float,10,15,5,CORRECT,,,0,0,1,0,0,1,,"*** LNUJAN is the fraction of the monthly N uptake taken from the soil layer
*** in January."
PERLND,MON-NUPT-FR2,LNUFEB,NITR,float,15,20,5,CORRECT,,,0,0,1,0,0,1,,
PERLND,MON-NUPT-FR2,LNUMAR,NITR,float,20,25,5,CORRECT,,,0,0,1,0,0,1,,
PERLND,MON-NUPT-FR2,LNUAPR,NITR,float,25,30,5,CORRECT,,,0,0,1,0,0,1,,
PERLND,MON-NUPT-FR2,LNUMAY,NITR,float,30,35,5,CORRECT,,,0,0,1,0,0,1,,
PERLND,MON-NUPT-FR2,LNUJUN,NITR,float,35,40,5,CORRECT,,,0,0,1,0,0,1,,
PERLND,MON-NUPT-FR2,LNUJUL,NITR,float,40,45,5,CORRECT,,,0,0,1,0,0,1,,
PERLND,MON-NUPT-FR2,LNUAUG,NITR,float,45,50,5,CORRECT,,,0,0,1,0,0,1,,
PERLND,MON-NUPT-FR2,LNUSEP,NITR,float,50,55,5,CORRECT,,,0,0,1,0,0,1,,
PERLND,MON-NUPT-FR2,LNUOCT,NITR,float,55,60,5,CORRECT,,,0,0,1,0,0,1,,
PERLND,MON-NUPT-FR2,LNUNOV,NITR,float,60,65,5,CORRECT,,,0,0,1,0,0,1,,
PERLND,MON-NUPT-FR2,LNUDEC,NITR,float,65,70,5,CORRECT,,,0,0,1,0,0,1,,
PERLND,MON-NVSI,OPNID,SEDMNT,int,0,5,5,PROTECTED,,,,,,,,,,*** PLSs to which these data apply.
PERLND,MON-NVSI,OPNIDLAST,SEDMNT,int,5,10,5,PROTECTED,,,,,,,,,,*** PLSs to which these data apply.
PERLND,MON-NVSI,NVSJAN,SEDMNT,float,10,15,5,CORRECT,,,0,,,0,,,,*** NVSJAN is the net vertical sediment input in January.
PERLND,MON-NVSI,NVSFEB,SEDMNT,float,15,20,5,CORRECT,,,0,,,0,,,,
PERLND,MON-NVSI,NVSMAR,SEDMNT,float,20,25,5,CORRECT,,,0,,,0,,,,
PERLND,MON-NVSI,NVSAPR,SEDMNT,float,25,30,5,CORRECT,,,0,,,0,,,,
PERLND,MON-NVSI,NVSMAY,SEDMNT,float,30,35,5,CORRECT,,,0,,,0,,,,
PERLND,MON-NVSI,NVSJUN,SEDMNT,float,35,40,5,CORRECT,,,0,,,0,,,,
PERLND,MON-NVSI,NVSJUL,SEDMNT,float,40,45,5,CORRECT,,,0,,,0,,,,
PERLND,MON-NVSI,NVSAUG,SEDMNT,float,45,50,5,CORRECT,,,0,,,0,,,,
PERLND,MON-NVSI,NVSSEP,SEDMNT,float,50,55,5,CORRECT,,,0,,,0,,,,
PERLND,MON-NVSI,NVSOCT,SEDMNT,float,55,60,5,CORRECT,,,0,,,0,,,,
PERLND,MON-NVSI,NVSNOV,SEDMNT,float,60,65,5,CORRECT,,,0,,,0,,,,
PERLND,MON-NVSI,NVSDEC,SEDMNT,float,65,70,5,CORRECT,,,0,,,0,,,,
PERLND,MON-PHOSUPT,OPNID,PHOS,int,0,5,5,PROTECTED,,,,,,,,,,*** PLSs to which these data apply.
PERLND,MON-PHOSUPT,OPNIDLAST,PHOS,int,5,10,5,PROTECTED,,,,,,,,,,*** PLSs to which these data apply.
PERLND,MON-PHOSUPT,PLPJAN,PHOS,float,10,15,5,CORRECT,,,0,0,,0,0,,,*** PLPJAN is the phosphorus uptake parameter in January.
PERLND,MON-PHOSUPT,PLPFEB,PHOS,float,15,20,5,CORRECT,,,0,0,,0,0,,,
PERLND,MON-PHOSUPT,PLPMAR,PHOS,float,20,25,5,CORRECT,,,0,0,,0,0,,,
PERLND,MON-PHOSUPT,PLPAPR,PHOS,float,25,30,5,CORRECT,,,0,0,,0,0,,,
PERLND,MON-PHOSUPT,PLPMAY,PHOS,float,30,35,5,CORRECT,,,0,0,,0,0,,,
PERLND,MON-PHOSUPT,PLPJUN,PHOS,float,35,40,5,CORRECT,,,0,0,,0,0,,,
PERLND,MON-PHOSUPT,PLPJUL,PHOS,float,40,45,5,CORRECT,,,0,0,,0,0,,,
PERLND,MON-PHOSUPT,PLPAUG,PHOS,float,45,50,5,CORRECT,,,0,0,,0,0,,,
PERLND,MON-PHOSUPT,PLPSEP,PHOS,float,50,55,5,CORRECT,,,0,0,,0,0,,,
PERLND,MON-PHOSUPT,PLPOCT,PHOS,float,55,60,5,CORRECT,,,0,0,,0,0,,,
PERLND,MON-PHOSUPT,PLPNOV,PHOS,float,60,65,5,CORRECT,,,0,0,,0,0,,,
PERLND,MON-PHOSUPT,PLPDEC,PHOS,float,65,70,5,CORRECT,,,0,0,,0,0,,,
PERLND,MON-POTFS,OPNID,PQUAL,int,0,5,5,PROTECTED,,,,,,,,,,*** PLSs to which these data apply.
PERLND,MON-POTFS,OPNIDLAST,PQUAL,int,5,10,5,PROTECTED,,,,,,,,,,*** PLSs to which these data apply.
PERLND,MON-POTFS,SPFJAN,PQUAL,float,10,15,5,CORRECT,,,0,0,,0,0,,,*** SPFJAN is the scour potency factor at the start of January.
PERLND,MON-POTFS,SPFFEB,PQUAL,float,15,20,5,CORRECT,,,0,0,,0,0,,,
PERLND,MON-POTFS,SPFMAR,PQUAL,float,20,25,5,CORRECT,,,0,0,,0,0,,,
PERLND,MON-POTFS,SPFAPR,PQUAL,float,25,30,5,CORRECT,,,0,0,,0,0,,,
PERLND,MON-POTFS,SPFMAY,PQUAL,float,30,35,5,CORRECT,,,0,0,,0,0,,,
PERLND,MON-POTFS,SPFJUN,PQUAL,float,35,40,5,CORRECT,,,0,0,,0,0,,,
PERLND,MON-POTFS,SPFJUL,PQUAL,float,40,45,5,CORRECT,,,0,0,,0,0,,,
PERLND,MON-POTFS,SPFAUG,PQUAL,float,45,50,5,CORRECT,,,0,0,,0,0,,,
PERLND,MON-POTFS,SPFSEP,PQUAL,float,50,55,5,CORRECT,,,0,0,,0,0,,,
PERLND,MON-POTFS,SPFOCT,PQUAL,float,55,60,5,CORRECT,,,0,0,,0,0,,,
PERLND,MON-POTFS,SPFNOV,PQUAL,float,60,65,5,CORRECT,,,0,0,,0,0,,,
PERLND,MON-POTFS,SPFDEC,PQUAL,float,65,70,5,CORRECT,,,0,0,,0,0,,,
PERLND,MON-POTFW,OPNID,PQUAL,int,0,5,5,PROTECTED,,,,,,,,,,*** PLSs to which these data apply.
PERLND,MON-POTFW,OPNIDLAST,PQUAL,int,5,10,5,PROTECTED,,,,,,,,,,*** PLSs to which these data apply.
PERLND,MON-POTFW,WPFJAN,PQUAL,float,10,15,5,CORRECT,,,0,0,,0,0,,,*** WPFJAN is the washoff potency factor at the start of January.
PERLND,MON-POTFW,WPFFEB,PQUAL,float,15,20,5,CORRECT,,,0,0,,0,0,,,
PERLND,MON-POTFW,WPFMAR,PQUAL,float,20,25,5,CORRECT,,,0,0,,0,0,,,
PERLND,MON-POTFW,WPFAPR,PQUAL,float,25,30,5,CORRECT,,,0,0,,0,0,,,
PERLND,MON-POTFW,WPFMAY,PQUAL,float,30,35,5,CORRECT,,,0,0,,0,0,,,
PERLND,MON-POTFW,WPFJUN,PQUAL,float,35,40,5,CORRECT,,,0,0,,0,0,,,
PERLND,MON-POTFW,WPFJUL,PQUAL,float,40,45,5,CORRECT,,,0,0,,0,0,,,
PERLND,MON-POTFW,WPFAUG,PQUAL,float,45,50,5,CORRECT,,,0,0,,0,0,,,
PERLND,MON-POTFW,WPFSEP,PQUAL,float,50,55,5,CORRECT,,,0,0,,0,0,,,
PERLND,MON-POTFW,WPFOCT,PQUAL,float,55,60,5,CORRECT,,,0,0,,0,0,,,
PERLND,MON-POTFW,WPFNOV,PQUAL,float,60,65,5,CORRECT,,,0,0,,0,0,,,
PERLND,MON-POTFW,WPFDEC,PQUAL,float,65,70,5,CORRECT,,,0,0,,0,0,,,
PERLND,MON-PUPT-FR1,OPNID,PHOS,int,0,5,5,PROTECTED,,,,,,,,,,*** PLSs to which these data apply.
PERLND,MON-PUPT-FR1,OPNIDLAST,PHOS,int,5,10,5,PROTECTED,,,,,,,,,,*** PLSs to which these data apply.
PERLND,MON-PUPT-FR1,TPUJAN,PHOS,float,10,15,5,CORRECT,,,0,0,1,0,0,1,,*** TPUJAN is the fraction of the total annual P uptake in January.
PERLND,MON-PUPT-FR1,TPUFEB,PHOS,float,15,20,5,CORRECT,,,0,0,1,0,0,1,,
PERLND,MON-PUPT-FR1,TPUMAR,PHOS,float,20,25,5,CORRECT,,,0,0,1,0,0,1,,
PERLND,MON-PUPT-FR1,TPUAPR,PHOS,float,25,30,5,CORRECT,,,0,0,1,0,0,1,,
PERLND,MON-PUPT-FR1,TPUMAY,PHOS,float,30,35,5,CORRECT,,,0,0,1,0,0,1,,
PERLND,MON-PUPT-FR1,TPUJUN,PHOS,float,35,40,5,CORRECT,,,0,0,1,0,0,1,,
PERLND,MON-PUPT-FR1,TPUJUL,PHOS,float,40,45,5,CORRECT,,,0,0,1,0,0,1,,
PERLND,MON-PUPT-FR1,TPUAUG,PHOS,float,45,50,5,CORRECT,,,0,0,1,0,0,1,,
PERLND,MON-PUPT-FR1,TPUSEP,PHOS,float,50,55,5,CORRECT,,,0,0,1,0,0,1,,
PERLND,MON-PUPT-FR1,TPUOCT,PHOS,float,55,60,5,CORRECT,,,0,0,1,0,0,1,,
PERLND,MON-PUPT-FR1,TPUNOV,PHOS,float,60,65,5,CORRECT,,,0,0,1,0,0,1,,
PERLND,MON-PUPT-FR1,TPUDEC,PHOS,float,65,70,5,CORRECT,,,0,0,1,0,0,1,,
PERLND,MON-PUPT-FR2,OPNID,PHOS,int,0,5,5,PROTECTED,,,,,,,,,,*** PLSs to which these data apply.
PERLND,MON-PUPT-FR2,OPNIDLAST,PHOS,int,5,10,5,PROTECTED,,,,,,,,,,*** PLSs to which these data apply.
PERLND,MON-PUPT-FR2,LPUJAN,PHOS,float,10,15,5,CORRECT,,,0,0,1,0,0,1,,"*** LPUJAN is the fraction of the monthly P uptake taken from the soil layer
*** in January."
PERLND,MON-PUPT-FR2,LPUFEB,PHOS,float,15,20,5,CORRECT,,,0,0,1,0,0,1,,
PERLND,MON-PUPT-FR2,LPUMAR,PHOS,float,20,25,5,CORRECT,,,0,0,1,0,0,1,,
PERLND,MON-PUPT-FR2,LPUAPR,PHOS,float,25,30,5,CORRECT,,,0,0,1,0,0,1,,
PERLND,MON-PUPT-FR2,LPUMAY,PHOS,float,30,35,5,CORRECT,,,0,0,1,0,0,1,,
PERLND,MON-PUPT-FR2,LPUJUN,PHOS,float,35,40,5,CORRECT,,,0,0,1,0,0,1,,
PERLND,MON-PUPT-FR2,LPUJUL,PHOS,float,40,45,5,CORRECT,,,0,0,1,0,0,1,,
PERLND,MON-PUPT-FR2,LPUAUG,PHOS,float,45,50,5,CORRECT,,,0,0,1,0,0,1,,
PERLND,MON-PUPT-FR2,LPUSEP,PHOS,float,50,55,5,CORRECT,,,0,0,1,0,0,1,,
PERLND,MON-PUPT-FR2,LPUOCT,PHOS,float,55,60,5,CORRECT,,,0,0,1,0,0,1,,
PERLND,MON-PUPT-FR2,LPUNOV,PHOS,float,60,65,5,CORRECT,,,0,0,1,0,0,1,,
PERLND,MON-PUPT-FR2,LPUDEC,PHOS,float,65,70,5,CORRECT,,,0,0,1,0,0,1,,
PERLND,MON-SQOLIM,OPNID,PQUAL,int,0,5,5,PROTECTED,,,,,,,,,,*** PLSs to which these data apply.
PERLND,MON-SQOLIM,OPNIDLAST,PQUAL,int,5,10,5,PROTECTED,,,,,,,,,,*** PLSs to which these data apply.
PERLND,MON-SQOLIM,SQOJAN,PQUAL,float,10,15,5,CORRECT,,,0.000001,0.000002,,0.000001,0.000002,,,*** SQOJAN is the limiting storage of QUALOF at the start of January
PERLND,MON-SQOLIM,SQOFEB,PQUAL,float,15,20,5,CORRECT,,,0.000001,0.000002,,0.000001,0.000002,,,
PERLND,MON-SQOLIM,SQOMAR,PQUAL,float,20,25,5,CORRECT,,,0.000001,0.000002,,0.000001,0.000002,,,
PERLND,MON-SQOLIM,SQOAPR,PQUAL,float,25,30,5,CORRECT,,,0.000001,0.000002,,0.000001,0.000002,,,
PERLND,MON-SQOLIM,SQOMAY,PQUAL,float,30,35,5,CORRECT,,,0.000001,0.000002,,0.000001,0.000002,,,
PERLND,MON-SQOLIM,SQOJUN,PQUAL,float,35,40,5,CORRECT,,,0.000001,0.000002,,0.000001,0.000002,,,
PERLND,MON-SQOLIM,SQOJUL,PQUAL,float,40,45,5,CORRECT,,,0.000001,0.000002,,0.000001,0.000002,,,
PERLND,MON-SQOLIM,SQOAUG,PQUAL,float,45,50,5,CORRECT,,,0.000001,0.000002,,0.000001,0.000002,,,
PERLND,MON-SQOLIM,SQOSEP,PQUAL,float,50,55,5,CORRECT,,,0.000001,0.000002,,0.000001,0.000002,,,
PERLND,MON-SQOLIM,SQOOCT,PQUAL,float,55,60,5,CORRECT,,,0.000001,0.000002,,0.000001,0.000002,,,
PERLND,MON-SQOLIM,SQONOV,PQUAL,float,60,65,5,CORRECT,,,0.000001,0.000002,,0.000001,0.000002,,,
PERLND,MON-SQOLIM,SQODEC,PQUAL,float,65,70,5,CORRECT,,,0.000001,0.000002,,0.000001,0.000002,,,
PERLND,MON-ULTP1,OPNID,PSTEMP,int,0,5,5,PROTECTED,,,,,,,,,,*** PLSs to which these data apply.
PERLND,MON-ULTP1,OPNIDLAST,PSTEMP,int,5,10,5,PROTECTED,,,,,,,,,,*** PLSs to which these data apply.
PERLND,MON-ULTP1,UT1JAN,PSTEMP,float,10,15,5,CORRECT,,,,,,,,,,"*** UT1JAN is the smoothing factor in upper layer temperature calculation at
*** the start of January."
PERLND,MON-ULTP1,UT1FEB,PSTEMP,float,15,20,5,CORRECT,,,,,,,,,,
PERLND,MON-ULTP1,UT1MAR,PSTEMP,float,20,25,5,CORRECT,,,,,,,,,,
PERLND,MON-ULTP1,UT1APR,PSTEMP,float,25,30,5,CORRECT,,,,,,,,,,
PERLND,MON-ULTP1,UT1MAY,PSTEMP,float,30,35,5,CORRECT,,,,,,,,,,
PERLND,MON-ULTP1,UT1JUN,PSTEMP,float,35,40,5,CORRECT,,,,,,,,,,
PERLND,MON-ULTP1,UT1JUL,PSTEMP,float,40,45,5,CORRECT,,,,,,,,,,
PERLND,MON-ULTP1,UT1AUG,PSTEMP,float,45,50,5,CORRECT,,,,,,,,,,
PERLND,MON-ULTP1,UT1SEP,PSTEMP,float,50,55,5,CORRECT,,,,,,,,,,
PERLND,MON-ULTP1,UT1OCT,PSTEMP,float,55,60,5,CORRECT,,,,,,,,,,
PERLND,MON-ULTP1,UT1NOV,PSTEMP,float,60,65,5,CORRECT,,,,,,,,,,
PERLND,MON-ULTP1,UT1DEC,PSTEMP,float,65,70,5,CORRECT,,,,,,,,,,
PERLND,MON-ULTP2,OPNID,PSTEMP,int,0,5,5,PROTECTED,,,,,,,,,,*** PLSs to which these data apply.
PERLND,MON-ULTP2,OPNIDLAST,PSTEMP,int,5,10,5,PROTECTED,,,,,,,,,,*** PLSs to which these data apply.
PERLND,MON-ULTP2,UT2JAN,PSTEMP,float,10,15,5,CORRECT,,,,,,,,,,"*** UT2JAN is the mean difference between upper layer soil temperature and
*** air temperature at the start of January."
PERLND,MON-ULTP2,UT2FEB,PSTEMP,float,15,20,5,CORRECT,,,,,,,,,,
PERLND,MON-ULTP2,UT2MAR,PSTEMP,float,20,25,5,CORRECT,,,,,,,,,,
PERLND,MON-ULTP2,UT2APR,PSTEMP,float,25,30,5,CORRECT,,,,,,,,,,
PERLND,MON-ULTP2,UT2MAY,PSTEMP,float,30,35,5,CORRECT,,,,,,,,,,
PERLND,MON-ULTP2,UT2JUN,PSTEMP,float,35,40,5,CORRECT,,,,,,,,,,
PERLND,MON-ULTP2,UT2JUL,PSTEMP,float,40,45,5,CORRECT,,,,,,,,,,
PERLND,MON-ULTP2,UT2AUG,PSTEMP,float,45,50,5,CORRECT,,,,,,,,,,
PERLND,MON-ULTP2,UT2SEP,PSTEMP,float,50,55,5,CORRECT,,,,,,,,,,
PERLND,MON-ULTP2,UT2OCT,PSTEMP,float,55,60,5,CORRECT,,,,,,,,,,
PERLND,MON-ULTP2,UT2NOV,PSTEMP,float,60,65,5,CORRECT,,,,,,,,,,
PERLND,MON-ULTP2,UT2DEC,PSTEMP,float,65,70,5,CORRECT,,,,,,,,,,
PERLND,MON-UZSN,OPNID,PWATER,int,0,5,5,PROTECTED,,,,,,,,,,*** PLSs to which these data apply.
PERLND,MON-UZSN,OPNIDLAST,PWATER,int,5,10,5,PROTECTED,,,,,,,,,,*** PLSs to which these data apply.
PERLND,MON-UZSN,UZSJAN,PWATER,float,10,15,5,CORRECT,,,,0.25,250,,0.01,10,,*** UZSJAN is the upper zone storage at the start of January.
PERLND,MON-UZSN,UZSFEB,PWATER,float,15,20,5,CORRECT,,,,0.25,250,,0.01,10,,
PERLND,MON-UZSN,UZSMAR,PWATER,float,20,25,5,CORRECT,,,,0.25,250,,0.01,10,,
PERLND,MON-UZSN,UZSAPR,PWATER,float,25,30,5,CORRECT,,,,0.25,250,,0.01,10,,
PERLND,MON-UZSN,UZSMAY,PWATER,float,30,35,5,CORRECT,,,,0.25,250,,0.01,10,,
PERLND,MON-UZSN,UZSJUN,PWATER,float,35,40,5,CORRECT,,,,0.25,250,,0.01,10,,
PERLND,MON-UZSN,UZSJUL,PWATER,float,40,45,5,CORRECT,,,,0.25,250,,0.01,10,,
PERLND,MON-UZSN,UZSAUG,PWATER,float,45,50,5,CORRECT,,,,0.25,250,,0.01,10,,
PERLND,MON-UZSN,UZSSEP,PWATER,float,50,55,5,CORRECT,,,,0.25,250,,0.01,10,,
PERLND,MON-UZSN,UZSOCT,PWATER,float,55,60,5,CORRECT,,,,0.25,250,,0.01,10,,
PERLND,MON-UZSN,UZSNOV,PWATER,float,60,65,5,CORRECT,,,,0.25,250,,0.01,10,,
PERLND,MON-UZSN,UZSDEC,PWATER,float,65,70,5,CORRECT,,,,0.25,250,,0.01,10,,
PERLND,MST-PARM,OPNID,MSTLAY,int,0,5,5,PROTECTED,,,,,,,,,,*** PLSs to which these data apply.
PERLND,MST-PARM,OPNIDLAST,MSTLAY,int,5,10,5,PROTECTED,,,,,,,,,,*** PLSs to which these data apply.
PERLND,MST-PARM,SLMPF,MSTLAY,float,10,20,10,CORRECT,,,1,0.001,1,1,0.001,1,,"*** SLMPF is a factor used to adjust the solute percolation (leaching) rate
*** from the surface layer storage to the upper layer principal storage."
PERLND,MST-PARM,ULPF,MSTLAY,float,20,30,10,CORRECT,,,1,1,10,1,1,10,,"*** ULPF is a factor used to adjust the solute percolation (leaching) rate
*** from the upper layer principal storage to the lower layer storage."
PERLND,MST-PARM,LLPF,MSTLAY,float,30,40,10,CORRECT,,,1,1,10,1,1,10,,"*** LLPF is a factor used to adjust the solute percolation (leaching) rate
*** from the lower layer storage to the active and inactive groundwater."
PERLND,MST-SUBFLX,OPNID,MSTLAY,int,0,5,5,PROTECTED,,,,,,,,,,*** PLSs to which these data apply.
PERLND,MST-SUBFLX,OPNIDLAST,MSTLAY,int,5,10,5,PROTECTED,,,,,,,,,,*** PLSs to which these data apply.
PERLND,MST-SUBFLX,FLP,MSTLAY,float,10,20,10,CORRECT,,,0,0,1,0,0,1,,"*** FLP is the initial fraction of lower layer solutes in storage being
*** percolated to active groundwater."
PERLND,MST-SUBFLX,FLDP,MSTLAY,float,20,30,10,CORRECT,,,0,0,1,0,0,1,,"*** FLDP is the initial fraction of lower layer solutes in storage being
*** percolated to inactive groundwater by deep percolation."
PERLND,MST-SUBFLX,FAO,MSTLAY,float,30,40,10,CORRECT,,,0,0,1,0,0,1,,"*** FAO is the initial fraction of active groundwater solutes in storage
*** being removed by groundwater outflow."
PERLND,MST-SUBSTOR,OPNID,MSTLAY,int,0,5,5,PROTECTED,,,,,,,,,,*** PLSs to which these data apply.
PERLND,MST-SUBSTOR,OPNIDLAST,MSTLAY,int,5,10,5,PROTECTED,,,,,,,,,,*** PLSs to which these data apply.
PERLND,MST-SUBSTOR,LMSTM,MSTLAY,float,10,20,10,CORRECT,,,0,0,,0,0,,,*** LMSTM is the initial moisture storage in the lower layer.
PERLND,MST-SUBSTOR,AMSTM,MSTLAY,float,20,30,10,CORRECT,,,0,0,,0,0,,,"*** AMSTM is the initial moisture storage in the active groundwater
*** layer."
PERLND,MST-TOPFLX,OPNID,MSTLAY,int,0,5,5,PROTECTED,,,,,,,,,,*** PLSs to which these data apply.
PERLND,MST-TOPFLX,OPNIDLAST,MSTLAY,int,5,10,5,PROTECTED,,,,,,,,,,*** PLSs to which these data apply.
PERLND,MST-TOPFLX,FSO,MSTLAY,float,10,20,10,CORRECT,,,0,0,1,0,0,1,,"*** FSO is the initial fraction of surface layer solutes in storage being
*** removed by surface runoff."
PERLND,MST-TOPFLX,FSP,MSTLAY,float,20,30,10,CORRECT,,,0,0,1,0,0,1,,"*** FSP is the initial fraction of surface layer solutes in storage being
*** percolated to the upper layer principal storage."
PERLND,MST-TOPFLX,FII,MSTLAY,float,30,40,10,CORRECT,,,0,0,1,0,0,1,,"*** FII is the initial fraction of upper layer solutes in storage going to
*** upper layer transitory (interflow) storage."
PERLND,MST-TOPFLX,FUP,MSTLAY,float,40,50,10,CORRECT,,,0,0,1,0,0,1,,"*** FUP is the initial fraction of upper layer solutes in storage being
*** percolated to the lower layer storage."
PERLND,MST-TOPFLX,FIO,MSTLAY,float,50,60,10,CORRECT,,,0,0,1,0,0,1,,"*** FIO is the initial fraction of upper layer solutes in transitory
*** (interflow) moisture storage being removed by interflow outflow."
PERLND,MST-TOPSTOR,OPNID,MSTLAY,int,0,5,5,PROTECTED,,,,,,,,,,*** PLSs to which these data apply.
PERLND,MST-TOPSTOR,OPNIDLAST,MSTLAY,int,5,10,5,PROTECTED,,,,,,,,,,*** PLSs to which these data apply.
PERLND,MST-TOPSTOR,SMSTM,MSTLAY,float,10,20,10,CORRECT,,,0,0,,0,0,,,*** SMSTM is the initial moisture content in the surface storage.
PERLND,MST-TOPSTOR,UMSTM,MSTLAY,float,20,30,10,CORRECT,,,0,0,,0,0,,,*** UMSTM is the initial moisture content in the upper principal storage.
PERLND,MST-TOPSTOR,IMSTM,MSTLAY,float,30,40,10,CORRECT,,,0,0,,0,0,,,"*** IMSTM is the initial moisture content in the upper transitory (interflow)
*** storage."
PERLND,NIT-AD-FLAGS,OPNID,NITR,int,0,5,5,PROTECTED,,,,,,,,,,*** PLSs to which these data apply.
PERLND,NIT-AD-FLAGS,OPNIDLAST,NITR,int,5,10,5,PROTECTED,,,,,,,,,,*** PLSs to which these data apply.
PERLND,NIT-AD-FLAGS,NIADFG1,NITR,int,11,14,3,CORRECT,-999,,0,-1,999,0,-1,999,,"*** Value of 0 indicates that atmospheric deposition flux of NO3 to the
*** surface layer is absent. A value of -1 indicates that it is supplied as
*** a direct time series as NIADFX. A value greater than 0 indicates the
*** index number of the MONTH-DATA block to be used to supply atmospheric
*** deposition data. _PNAME NIADFG(1)"
PERLND,NIT-AD-FLAGS,NIADFG2,NITR,int,14,17,3,CORRECT,-999,,0,-1,999,0,-1,999,,"*** Value of 0 indicates that concentration of NO3 to the surface layer in
*** precipitation is absent. A value of -1 indicates that it is supplied as
*** a direct time series as NIADCN. A value greater than 0 indicates the
*** index number of the MONTH-DATA block to be used to supply atmospheric
*** deposition data. _PNAME NIADFG(2)"
PERLND,NIT-AD-FLAGS,NIADFG3,NITR,int,18,21,3,CORRECT,-999,,0,-1,999,0,-1,999,,"*** Value of 0 indicates that atmospheric deposition flux of NO3 to the
*** upper layer is absent. A value of -1 indicates that it is supplied as a
*** direct time series as NIADFX. A value greater than 0 indicates the index
*** number of the MONTH-DATA block to be used to supply atmospheric
*** deposition data. _PNAME NIADFG(3)"
PERLND,NIT-AD-FLAGS,NIADFG4,NITR,int,21,24,3,CORRECT,-999,,0,-1,999,0,-1,999,,"*** Value of 0 indicates that concentration of NO3 to the upper layer in
*** precipitation is absent. A value of -1 indicates that it is supplied as
*** a direct time series as NIADCN. A value greater than 0 indicates the
*** index number of the MONTH-DATA block to be used to supply atmospheric
*** deposition data. _PNAME NIADFG(4)"
PERLND,NIT-AD-FLAGS,NIADFG5,NITR,int,26,29,3,CORRECT,-999,,0,-1,999,0,-1,999,,"*** Value of 0 indicates that atmospheric deposition flux of NH3 to the
*** surface layer is absent. A value of -1 indicates that it is supplied as
*** a direct time series as NIADFX. A value greater than 0 indicates the
*** index number of the MONTH-DATA block to be used to supply atmospheric
*** deposition data. _PNAME NIADFG(5)"
PERLND,NIT-AD-FLAGS,NIADFG6,NITR,int,29,32,3,CORRECT,-999,,0,-1,999,0,-1,999,,"*** Value of 0 indicates that concentration of NH3 to the surface layer in
*** precipitation is absent. A value of -1 indicates that it is supplied as
*** a direct time series as NIADCN. A value greater than 0 indicates the
*** index number of the MONTH-DATA block to be used to supply atmospheric
*** deposition data. _PNAME NIADFG(6)"
PERLND,NIT-AD-FLAGS,NIADFG7,NITR,int,33,36,3,CORRECT,-999,,0,-1,999,0,-1,999,,"*** Value of 0 indicates that atmospheric deposition flux of NH3 to the
*** upper layer is absent. A value of -1 indicates that it is supplied as a
*** direct time series as NIADFX. A value greater than 0 indicates the index
*** number of the MONTH-DATA block to be used to supply atmospheric
*** deposition data. _PNAME NIADFG(7)"
PERLND,NIT-AD-FLAGS,NIADFG8,NITR,int,36,39,3,CORRECT,-999,,0,-1,999,0,-1,999,,"*** Value of 0 indicates that concentration of NH3 to the upper layer in
*** precipitation is absent. A value of -1 indicates that it is supplied as
*** a direct time series as NIADCN. A value greater than 0 indicates the
*** index number of the MONTH-DATA block to be used to supply atmospheric
*** deposition data. _PNAME NIADFG(8)"
PERLND,NIT-AD-FLAGS,NIADFG9,NITR,int,41,44,3,CORRECT,-999,,0,-1,999,0,-1,999,,"*** Value of 0 indicates that atmospheric deposition flux of organic N to
*** the surface layer is absent. A value of -1 indicates that it is supplied
*** as a direct time series as NIADFX. A value greater than 0 indicates the
*** index number of the MONTH-DATA block to be used to supply atmospheric
*** deposition data. _PNAME NIADFG(9)"
PERLND,NIT-AD-FLAGS,NIADFG10,NITR,int,44,47,3,CORRECT,-999,,0,-1,999,0,-1,999,,"*** Value of 0 indicates that concentration of organic N to the surface
*** layer in precipitation is absent. A value of -1 indicates that it is
*** supplied as a direct time series as NIADCN. A value greater than 0
*** indicates the index number of the MONTH-DATA block to be used to supply
*** atmospheric deposition data. _PNAME NIADFG(10)"
PERLND,NIT-AD-FLAGS,NIADFG11,NITR,int,48,51,3,CORRECT,-999,,0,-1,999,0,-1,999,,"*** Value of 0 indicates that atmospheric deposition flux of organic N to
*** the upper layer is absent. A value of -1 indicates that it is supplied
*** as a direct time series as NIADFX. A value greater than 0 indicates the
*** index number of the MONTH-DATA block to be used to supply atmospheric
*** deposition data. _PNAME NIADFG(11)"
PERLND,NIT-AD-FLAGS,NIADFG12,NITR,int,51,54,3,CORRECT,-999,,0,-1,999,0,-1,999,,"*** Value of 0 indicates that concentration of organic N to the upper layer
*** in precipitation is absent. A value of -1 indicates that it is supplied
*** as a direct time series as NIADCN. A value greater than 0 indicates the
*** index number of the MONTH-DATA block to be used to supply atmospheric
*** deposition data. _PNAME NIADFG(12)"
PERLND,NIT-AGPLRET,OPNID,NITR,int,0,5,5,PROTECTED,,,,,,,,,,*** PLSs to which these data apply.
PERLND,NIT-AGPLRET,OPNIDLAST,NITR,int,5,10,5,PROTECTED,,,,,,,,,,*** PLSs to which these data apply.
PERLND,NIT-AGPLRET,AGKPRN,NITR,float,10,20,10,CORRECT,-999,,0,0,,0,0,,,"*** AGKPRN is the first-order rate of return of above-ground plant N to
*** litter N. _PNAME AGKPRN"
PERLND,NIT-AGPLRET,SKPRLN,NITR,float,20,30,10,CORRECT,-999,,0,0,,0,0,,,"*** SKPRLN is the first-order rate of return of litter N to organic N in the
*** surface soil layer. _PNAME SKPRLN"
PERLND,NIT-AGPLRET,UKPRLN,NITR,float,30,40,10,CORRECT,-999,,0,0,,0,0,,,"*** UKPRLN is the first-order rate of return of litter N to organic N in the
*** upper soil layer. _PNAME UKPRLN"
PERLND,NIT-AGPLRET,LINPRF,NITR,float,40,50,10,CORRECT,-999,,0,0,,0,0,,,"*** LINPRF is the fraction of litter nitrogen return which is refractory.
*** _PNAME LINPRF"
PERLND,NIT-AGUTF,OPNID,NITR,int,0,5,5,PROTECTED,,,,,,,,,,*** PLSs to which these data apply.
PERLND,NIT-AGUTF,OPNIDLAST,NITR,int,5,10,5,PROTECTED,,,,,,,,,,*** PLSs to which these data apply.
PERLND,NIT-AGUTF,SANUTF,NITR,float,10,20,10,CORRECT,-999,,0,0,1,0,0,1,,"*** SANUTF is the fraction of plant nitrogen uptake from the surface soil
*** layer which goes to above-ground plant storage. _PNAME SANUTF"
PERLND,NIT-AGUTF,UANUTF,NITR,float,20,30,10,CORRECT,-999,,0,0,1,0,0,1,,"*** UANUTF is the fraction of plant nitrogen uptake from the upper soil
*** layer which goes to above-ground plant storage. _PNAME UANUTF"
PERLND,NIT-AGUTF,LANUTF,NITR,float,30,40,10,CORRECT,-999,,0,0,1,0,0,1,,"*** LANUTF is the fraction of plant nitrogen uptake from the lower soil
*** layer which goes to above-ground plant storage. _PNAME LANUTF"
PERLND,NIT-AGUTF,AANUTF,NITR,float,40,50,10,CORRECT,-999,,0,0,1,0,0,1,,"*** AANUTF is the fraction of plant nitrogen uptake from the active
*** groundwater layer which goes to above-ground plant storage. _PNAME
*** AANUTF"
PERLND,NIT-AMVOLAT,OPNID,NITR,int,0,5,5,PROTECTED,,,,,,,,,,*** PLSs to which these data apply.
PERLND,NIT-AMVOLAT,OPNIDLAST,NITR,int,5,10,5,PROTECTED,,,,,,,,,,*** PLSs to which these data apply.
PERLND,NIT-AMVOLAT,SKVOL,NITR,float,10,20,10,CORRECT,-999,,0,0,,0,0,,,"*** SKVOL is the ammonia volatilization rate at 20 degrees Celsius in the
*** surface soil layer. _PNAME SKVOL"
PERLND,NIT-AMVOLAT,UKVOL,NITR,float,20,30,10,CORRECT,-999,,0,0,,0,0,,,"*** UKVOL is the ammonia volatilization rate at 20 degrees Celsius in the
*** upper soil layer. _PNAME UKVOL"
PERLND,NIT-AMVOLAT,LKVOL,NITR,float,30,40,10,CORRECT,-999,,0,0,,0,0,,,"*** LKVOL is the ammonia volatilization rate at 20 degrees Celsius in the
*** lower soil layer. _PNAME LKVOL"
PERLND,NIT-AMVOLAT,AKVOL,NITR,float,40,50,10,CORRECT,-999,,0,0,,0,0,,,"*** AKVOL is the ammonia volatilization rate at 20 degrees Celsius in the
*** active groundwater layer. _PNAME AKVOL"
PERLND,NIT-AMVOLAT,THVOL,NITR,float,50,60,10,CORRECT,-999,,1.07,1,2,1.07,1,2,,"*** THVOL is the temperature correction coefficient for ammonia volatilization.
*** _PNAME THVOL"
PERLND,NIT-AMVOLAT,TRFVOL,NITR,float,60,70,10,CORRECT,-999,,20,0,35,20,0,35,,"*** TRFVOL is the reference temperature for the temperature correction of
*** ammonia volatilization. _PNAME TRFVOL"
PERLND,NIT-BGPLRET,OPNID,NITR,int,0,5,5,PROTECTED,,,,,,,,,,*** PLSs to which these data apply.
PERLND,NIT-BGPLRET,OPNIDLAST,NITR,int,5,10,5,PROTECTED,,,,,,,,,,*** PLSs to which these data apply.
PERLND,NIT-BGPLRET,SKPRBN,NITR,float,10,20,10,CORRECT,-999,,0,0,,0,0,,,"*** SKPRBN is the first-order rate of return of plant N to particulate
*** organic N in the surface soil layer. _PNAME SKPRBN"
PERLND,NIT-BGPLRET,UKPRBN,NITR,float,20,30,10,CORRECT,-999,,0,0,,0,0,,,"*** UKPRBN is the first-order rate of return of plant N to particulate
*** organic N in the upper soil layer. _PNAME UKPRBN"
PERLND,NIT-BGPLRET,LKPRBN,NITR,float,30,40,10,CORRECT,-999,,0,0,,0,0,,,"*** LKPRBN is the first-order rate of return of plant N to particulate
*** organic N in the lower soil layer. _PNAME LKPRBN"
PERLND,NIT-BGPLRET,AKPRBN,NITR,float,40,50,10,CORRECT,-999,,0,0,,0,0,,,"*** AKPRBN is the first-order rate of return of plant N to particulate
*** organic N in the active groundwater layer. _PNAME AKPRBN"
PERLND,NIT-BGPLRET,BGPRFR,NITR,float,50,60,10,CORRECT,-999,,0,0,,0,0,,,"*** BGNPRF is the fraction of below-ground plant nitrogen return which is
*** refractory. _PNAME BGPRFR"
PERLND,NIT-CMAX,OPNID,NITR,int,0,5,5,PROTECTED,,,,,,,,,,*** PLSs to which these data apply.
PERLND,NIT-CMAX,OPNIDLAST,NITR,int,5,10,5,PROTECTED,,,,,,,,,,*** PLSs to which these data apply.
PERLND,NIT-CMAX,CMAX,NITR,float,10,20,10,CORRECT,,,0,0,,0,0,,,*** CMAX is the maximum solubility of ammonium in water.
PERLND,NIT-FLAGS,OPNID,NITR,int,0,5,5,PROTECTED,,,,,,,,,,*** PLSs to which these data apply.
PERLND,NIT-FLAGS,OPNIDLAST,NITR,int,5,10,5,PROTECTED,,,,,,,,,,*** PLSs to which these data apply.
PERLND,NIT-FLAGS,VNUTFG,NITR,int,10,15,5,CORRECT,,,0,0,1,0,0,1,,"*** If VNUTFG is 1 the first-order plant uptake parameters for nitrogen are
*** allowed to vary monthly."
PERLND,NIT-FLAGS,FORAFG,NITR,int,15,20,5,CORRECT,,,0,0,1,0,0,1,,"*** FORAFG indicates which method is to be used to simulate adsorption and
*** desorption of ammonium: 0 first-order kinetics; 1 single-value
*** Freundlich method."
PERLND,NIT-FLAGS,ITMAXA,NITR,int,20,25,5,CORRECT,,,30,1,100,30,1,100,,"*** ITMAXA is the maximum number of iterations that will be attempted in
*** solving the Freundlich equation; applicable only if FORAFG= 1."
PERLND,NIT-FLAGS,BNUMN,NITR,int,25,30,5,CORRECT,,,,1,1000,,1,1000,,"*** BNUMN is the number of time steps that will elapse between recalculation
*** of biochemical reaction fluxes. All reactions except adsorption/desorption
*** fall into this category."
PERLND,NIT-FLAGS,CNUMN,NITR,int,30,35,5,CORRECT,,,,1,1000,,1,1000,,"*** CNUMN is the number of time steps that will elapse between recalculation
*** of chemical (adsorption/desorption) reactions."
PERLND,NIT-FLAGS,NUPTFG,NITR,int,35,40,5,CORRECT,,,0,-2,2,0,-2,2,,"*** NUPTFG is a flag indicating the method of simulating plant uptake and
*** immobilization of nutrients. A value of zero indicates first-order
*** reactions. A value of 1 indicates a yield-based algorithm. A value of 2
*** indicates saturation kinetics with different parameter values for each
*** soil layer. A value of -2 indicates the same algorithm with the same
*** parameters for each soil layer."
PERLND,NIT-FLAGS,FIXNFG,NITR,int,40,45,5,CORRECT,,,0,0,1,0,0,1,,*** FIXNFG is a flag indicating whether nitrogen fixing is being simulated.
PERLND,NIT-FLAGS,AMVOFG,NITR,int,45,50,5,CORRECT,,,0,0,1,0,0,1,,"*** AMVOFG is a flag indicating whether ammonia volatilization is being
*** simulated."
PERLND,NIT-FLAGS,ALPNFG,NITR,int,50,55,5,CORRECT,,,0,0,1,0,0,1,,"*** ALPNFG is a flag indicating whether to simulate the above- ground and
*** litter compartments for plant nitrogen."
PERLND,NIT-FLAGS,VNPRFG,NITR,int,55,60,5,CORRECT,,,0,0,1,0,0,1,,"*** If VNPRFG is 1, then the plant return parameters for nitrogen are
*** allowed to vary monthly."
PERLND,NIT-FSTGEN,OPNID,NITR,int,0,5,5,PROTECTED,,,,,,,,,,*** PLSs to which these data apply.
PERLND,NIT-FSTGEN,OPNIDLAST,NITR,int,5,10,5,PROTECTED,,,,,,,,,,*** PLSs to which these data apply.
PERLND,NIT-FSTGEN,NO3UTF,NITR,float,10,15,5,CORRECT,,,1,0.001,1,1,0.001,1,,"*** NO3UTF designates which fraction of nitrogen uptake comes from nitrate.
*** The sum of NO3UTF and NH4UTF should be 1. 0."
PERLND,NIT-FSTGEN,NH4UTF,NITR,float,15,20,5,CORRECT,,,0,0,1,0,0,1,,"*** NH4UTF designates which fraction of nitrogen uptake comes from ammonium.
*** The sum of NO3UTF and NH4UTF should be 1. 0."
PERLND,NIT-FSTGEN,THPLN,NITR,float,20,25,5,CORRECT,,,1.07,1,2,1.07,1,2,,"*** THPLN is the temperature coefficient (theta) for plant uptake (Only
*** relevant if NUPTFG= 0)."
PERLND,NIT-FSTGEN,THKDSA,NITR,float,25,30,5,CORRECT,,,1.05,1,2,1.05,1,2,,"*** THKDSA is the temperature coefficient (theta) for ammonium desorption
*** (only relevant if FORAFG= 0)."
PERLND,NIT-FSTGEN,THKADA,NITR,float,30,35,5,CORRECT,,,1.05,1,2,1.05,1,2,,"*** THKADA is the temperature coefficient (theta) for ammonium adsorption
*** (only relevant if FORAFG= 0)."
PERLND,NIT-FSTGEN,THKIMN,NITR,float,35,40,5,CORRECT,,,1.07,1,2,1.07,1,2,,*** THKIMN is the temperature coefficient (theta) for nitrate immobilization.
PERLND,NIT-FSTGEN,THKAM,NITR,float,40,45,5,CORRECT,,,1.07,1,2,1.07,1,2,,*** THKAM is the temperature coefficient (theta) for organic N ammonification.
PERLND,NIT-FSTGEN,THKDNI,NITR,float,45,50,5,CORRECT,,,1.07,1,2,1.07,1,2,,*** THKDNI is the temperature coefficient for NO3 denitrification.
PERLND,NIT-FSTGEN,THKNI,NITR,float,50,55,5,CORRECT,,,1.05,1,2,1.05,1,2,,*** THKNI is the temperature coefficient (theta) for nitrification.
PERLND,NIT-FSTGEN,THKIMA,NITR,float,55,60,5,CORRECT,,,1.07,1,2,1.07,1,2,,*** THKIMA is the temperature coefficient (theta) for ammonium immobilization.
PERLND,NIT-FSTPM,OPNID,NITR,int,0,5,5,PROTECTED,,,,,,,,,,*** PLSs to which these data apply.
PERLND,NIT-FSTPM,OPNIDLAST,NITR,int,5,10,5,PROTECTED,,,,,,,,,,*** PLSs to which these data apply.
PERLND,NIT-FSTPM,KDSAM,NITR,float,10,20,10,CORRECT,,,0,0,,0,0,,,"*** KDSAM is the first-order reaction rate parameter for ammonium desorption
*** (irrelevant if FORAFG= 1)"
PERLND,NIT-FSTPM,KADAM,NITR,float,20,30,10,CORRECT,,,0,0,,0,0,,,"*** KADAM is the first-order reaction rate parameter for ammonium adsorption
*** (irrelevant if FORAFG= 1)."
PERLND,NIT-FSTPM,KIMNI,NITR,float,30,40,10,CORRECT,,,0,0,,0,0,,,"*** KIMNI is the first-order reaction rate parameter for nitrate immobilization
*** (irrelevant if NUPFTG= 2)."
PERLND,NIT-FSTPM,KAM,NITR,float,40,50,10,CORRECT,,,0,0,,0,0,,,*** KAM is the first-order reaction rate parameter for organic N ammonification.
PERLND,NIT-FSTPM,KDNI,NITR,float,50,60,10,CORRECT,,,0,0,,0,0,,,*** KDNI is the first-order reaction rate parameter for denitrification.
PERLND,NIT-FSTPM,KNI,NITR,float,60,70,10,CORRECT,,,0,0,,0,0,,,*** KNI is the first-order reaction rate parameter for nitrification.
PERLND,NIT-FSTPM,KIMAM,NITR,float,70,80,10,CORRECT,,,0,0,,0,0,,,*** KIMAM is the first-order reaction rate parameter for ammonium immobilization.
PERLND,NIT-ORGPM,OPNID,NITR,int,0,5,5,PROTECTED,,,,,,,,,,*** PLSs to which these data apply.
PERLND,NIT-ORGPM,OPNIDLAST,NITR,int,5,10,5,PROTECTED,,,,,,,,,,*** PLSs to which these data apply.
PERLND,NIT-ORGPM,KLON,NITR,float,10,20,10,CORRECT,-999,,1E+020,0,1E+020,1E+020,0,1E+020,,"*** KLON is the partition coefficient for labile organic N. _PNAME
*** KLON"
PERLND,NIT-ORGPM,KRON,NITR,float,20,30,10,CORRECT,-999,,1E+020,0,1E+020,1E+020,0,1E+020,,"*** KRON is the partition coefficient for refractory organic N. _PNAME
*** KRON"
PERLND,NIT-ORGPM,KONLR,NITR,float,30,40,10,CORRECT,-999,,0,0,,0,0,,,"*** KONLR is the first-order conversion rate of particulate labile organic N
*** to particulate refractory organic N. _PNAME KONLR"
PERLND,NIT-ORGPM,THNLR,NITR,float,40,50,10,CORRECT,-999,,1.07,1,2,1.07,1,2,,"*** THNLR is the temperature correction coefficient for the conversion of
*** particulate labile organic N to particulate refractory organic N. _PNAME
*** THNLR"
PERLND,NIT-STOR1,OPNID,NITR,int,0,5,5,PROTECTED,,,,,,,,,,*** PLSs to which these data apply.
PERLND,NIT-STOR1,OPNIDLAST,NITR,int,5,10,5,PROTECTED,,,,,,,,,,*** PLSs to which these data apply.
PERLND,NIT-STOR1,LORGN,NITR,float,10,20,10,CORRECT,,,0,0,,0,0,,,"*** LORGN is the initial total labile organic N storage (solution plus
*** particulate)."
PERLND,NIT-STOR1,AMAD,NITR,float,20,30,10,CORRECT,,,0,0,,0,0,,,*** AMAD is the initial adsorbed ammonium storage.
PERLND,NIT-STOR1,AMSU,NITR,float,30,40,10,CORRECT,,,0,0,,0,0,,,*** AMSU is the initial solution ammonium storage.
PERLND,NIT-STOR1,NO3,NITR,float,40,50,10,CORRECT,,,0,0,,0,0,,,*** NO3 is the initial nitrate storage.
PERLND,NIT-STOR1,PLTN,NITR,float,50,60,10,CORRECT,,,0,0,,0,0,,,*** PLTN is the initial N stored in plants.
PERLND,NIT-STOR1,RORGN,NITR,float,60,70,10,CORRECT,,,0,0,,0,0,,,"*** RORGN is the initial total refractory organic N storage (solution plus
*** particulate)."
PERLND,NIT-STOR2,OPNID,NITR,int,0,5,5,PROTECTED,,,,,,,,,,*** PLSs to which these data apply.
PERLND,NIT-STOR2,OPNIDLAST,NITR,int,5,10,5,PROTECTED,,,,,,,,,,*** PLSs to which these data apply.
PERLND,NIT-STOR2,IAMSU,NITR,float,10,20,10,CORRECT,,,0,0,,0,0,,,"*** IAMSU specifies the initial storage of ammonium in the upper layer
*** transitory (interflow) storage."
PERLND,NIT-STOR2,INO3,NITR,float,20,30,10,CORRECT,,,0,0,,0,0,,,"*** INO3 specifies the initial storage of nitrate in the upper layer
*** transitory (interflow) storage."
PERLND,NIT-STOR2,ISLON,NITR,float,30,40,10,CORRECT,,,0,0,,0,0,,,"*** ISLON specifies the initial storage of solution labile organic N in the
*** upper layer transitory (interflow) storage."
PERLND,NIT-STOR2,ISRON,NITR,float,40,50,10,CORRECT,,,0,0,,0,0,,,"*** ISRON specifies the initial storage of solution refractory organic N in
*** the upper layer transitory (interflow) storage."
PERLND,NIT-STOR2,AGPLTN,NITR,float,50,60,10,CORRECT,,,0,0,,0,0,,,"*** AGPLTN specifies the initial storage of N in the above-ground plant
*** compartment."
PERLND,NIT-STOR2,LITTRN,NITR,float,60,70,10,CORRECT,,,0,0,,0,0,,,*** LITTRN specifies the initial storage of N in the litter compartment.
PERLND,NIT-SVALPM,OPNID,NITR,int,0,5,5,PROTECTED,,,,,,,,,,*** PLSs to which these data apply.
PERLND,NIT-SVALPM,OPNIDLAST,NITR,int,5,10,5,PROTECTED,,,,,,,,,,*** PLSs to which these data apply.
PERLND,NIT-SVALPM,XFIX,NITR,float,10,20,10,CORRECT,,,0,0,,0,0,,,"*** XFIX is the maximum concentration (on the soil) of ammonium which is
*** permanently fixed to the soil. The system expects this table to appear
*** four times: surface layer, upper layer, lower layer, groundwater
*** layer."
PERLND,NIT-SVALPM,K1,NITR,float,20,30,10,CORRECT,,,0,0,,0,0,,,"*** K1 is the coefficient parameter for the single-value Freundlich
*** adsorption/desorption equation. The system expects this table to appear
*** four times: surface layer, upper layer, lower layer, groundwater
*** layer."
PERLND,NIT-SVALPM,N1,NITR,float,30,40,10,CORRECT,,,,1,,,1,,,"*** N1 is the exponent parameter for the single-value Freundlich adsorption/
*** desorption equation. The system expects this table to appear four times:
*** surface layer, upper layer, lower layer, groundwater layer."
PERLND,NIT-UPIMCSAT,OPNID,NITR,int,0,5,5,PROTECTED,,,,,,,,,,*** PLSs to which these data apply.
PERLND,NIT-UPIMCSAT,OPNIDLAST,NITR,int,5,10,5,PROTECTED,,,,,,,,,,*** PLSs to which these data apply.
PERLND,NIT-UPIMCSAT,CSUNI,NITR,float,10,20,10,CORRECT,-999,,0,0,,0,0,,,"*** CSUNI is the nitrate half saturation constant for plant uptake. _PNAME
*** CSUNI"
PERLND,NIT-UPIMCSAT,CSUAM,NITR,float,20,30,10,CORRECT,-999,,0,0,,0,0,,,"*** CSUAM is the ammonia half saturation constant for plant uptake. _PNAME
*** CSUAM"
PERLND,NIT-UPIMCSAT,CSINI,NITR,float,30,40,10,CORRECT,-999,,0,0,,0,0,,,"*** CSINI is the nitrate half saturation constant for immobilization. _PNAME
*** CSINI"
PERLND,NIT-UPIMCSAT,CSIAM,NITR,float,40,50,10,CORRECT,-999,,0,0,,0,0,,,"*** CSIAM is the ammonia half saturation constant for immobilization. _PNAME
*** CSIAM"
PERLND,NIT-UPIMKMAX,OPNID,NITR,int,0,5,5,PROTECTED,,,,,,,,,,*** PLSs to which these data apply.
PERLND,NIT-UPIMKMAX,OPNIDLAST,NITR,int,5,10,5,PROTECTED,,,,,,,,,,*** PLSs to which these data apply.
PERLND,NIT-UPIMKMAX,KUPNI,NITR,float,10,20,10,CORRECT,-999,,0,0,,0,0,,,*** KUPNI is the maximum plant uptake rate for nitrate. _PNAME KUPNI
PERLND,NIT-UPIMKMAX,KUPAM,NITR,float,20,30,10,CORRECT,-999,,0,0,,0,0,,,*** KUPAM is the maximum plant uptake rate for ammonia. _PNAME KUPAM
PERLND,NIT-UPIMKMAX,KIMNI,NITR,float,30,40,10,CORRECT,-999,,0,0,,0,0,,,*** KIMNI is the maximum immobilization rate for nitrate. _PNAME KIMNI
PERLND,NIT-UPIMKMAX,KIMAM,NITR,float,40,50,10,CORRECT,-999,,0,0,,0,0,,,*** KIMAM is the maximum immobilization rate for ammonia. _PNAME KIMAM
PERLND,NIT-UPTAKE,OPNID,NITR,int,0,5,5,PROTECTED,,,,,,,,,,*** PLSs to which these data apply.
PERLND,NIT-UPTAKE,OPNIDLAST,NITR,int,5,10,5,PROTECTED,,,,,,,,,,*** PLSs to which these data apply.
PERLND,NIT-UPTAKE,SKPLN,NITR,float,10,20,10,CORRECT,,,0,0,,0,0,,,"*** SKPLN is the plant nitrogen uptake reaction rate parameter for the
*** surface layer."
PERLND,NIT-UPTAKE,UKPLN,NITR,float,20,30,10,CORRECT,,,0,0,,0,0,,,"*** UKPLN is the plant nitrogen uptake reaction rate parameter for the upper
*** layer."
PERLND,NIT-UPTAKE,LKPLN,NITR,float,30,40,10,CORRECT,,,0,0,,0,0,,,"*** LKPLN is the plant nitrogen uptake reaction rate parameter for the lower
*** layer."
PERLND,NIT-UPTAKE,AKPLN,NITR,float,40,50,10,CORRECT,,,0,0,,0,0,,,"*** AKPLN is the plant nitrogen uptake reaction rate parameter for the
*** active groundwater layer."
PERLND,NIT-YIELD,OPNID,NITR,int,0,5,5,PROTECTED,,,,,,,,,,*** PLSs to which these data apply.
PERLND,NIT-YIELD,OPNIDLAST,NITR,int,5,10,5,PROTECTED,,,,,,,,,,*** PLSs to which these data apply.
PERLND,NIT-YIELD,NUPTGT,NITR,float,10,20,10,CORRECT,-999,,0,0,,0,0,,,*** NUPTGT is the total annual uptake target for nitrogen. _PNAME NUPTGT
PERLND,NIT-YIELD,NMXRAT,NITR,float,20,30,10,CORRECT,-999,,1,1,,1,1,,,"*** NMXRAT is the ratio of maximum possible N uptake to optimum uptake rate.
*** _PNAME NMXRAT"
PERLND,NQUALS,OPNID,PQUAL,int,0,5,5,PROTECTED,,,,,,,,,,*** PLSs to which these data apply.
PERLND,NQUALS,OPNIDLAST,PQUAL,int,5,10,5,PROTECTED,,,,,,,,,,*** PLSs to which these data apply.
PERLND,NQUALS,NQUAL,PQUAL,int,10,15,5,CORRECT,,,1,1,10,1,1,10,,*** NQUAL is the total number of quality constituents.
PERLND,PEST-AD-FLAGS,OPNID,PEST,int,0,5,5,PROTECTED,,,,,,,,,,*** PLSs to which these data apply.
PERLND,PEST-AD-FLAGS,OPNIDLAST,PEST,int,5,10,5,PROTECTED,,,,,,,,,,*** PLSs to which these data apply.
PERLND,PEST-AD-FLAGS,PEADFG1,PEST,int,11,14,3,CORRECT,-999,,0,-1,999,0,-1,999,,"*** Value of 0 indicates that atmospheric deposition flux of pesticide #1 in
*** crystalline form is absent. A value of -1 indicates that it is supplied
*** as a direct time series as PEADFX. A value greater than 0 indicates the
*** index number of the MONTH-DATA block to be used to supply atmospheric
*** deposition data. _PNAME PEADFG(1)"
PERLND,PEST-AD-FLAGS,PEADFG2,PEST,int,14,17,3,CORRECT,-999,,0,-1,999,0,-1,999,,"*** Value of 0 indicates that concentration of pesticide #1 in crystalline
*** form in precipitation is absent. A value of -1 indicates that it is
*** supplied as a direct time series as PEADCN. A value greater than 0
*** indicates the index number of the MONTH-DATA block to be used to supply
*** atmospheric deposition data. _PNAME PEADFG(2)"
PERLND,PEST-AD-FLAGS,PEADFG3,PEST,int,18,21,3,CORRECT,-999,,0,-1,999,0,-1,999,,"*** Value of 0 indicates that atmospheric deposition flux of pesticide #1 in
*** adsorbed form is absent. A value of -1 indicates that it is supplied as
*** a direct time series as PEADFX. A value greater than 0 indicates the
*** index number of the MONTH-DATA block to be used to supply atmospheric
*** deposition data. _PNAME PEADFG(3)"
PERLND,PEST-AD-FLAGS,PEADFG4,PEST,int,21,24,3,CORRECT,-999,,0,-1,999,0,-1,999,,"*** Value of 0 indicates that concentration of pesticide #1 in adsorbed form
*** in precipitation is absent. A value of -1 indicates that it is supplied
*** as a direct time series as PEADCN. A value greater than 0 indicates the
*** index number of the MONTH-DATA block to be used to supply atmospheric
*** deposition data. _PNAME PEADFG(4)"
PERLND,PEST-AD-FLAGS,PEADFG5,PEST,int,25,28,3,CORRECT,-999,,0,-1,999,0,-1,999,,"*** Value of 0 indicates that atmospheric deposition flux of pesticide #1 in
*** solution form is absent. A value of -1 indicates that it is supplied as
*** a direct time series as PEADFX. A value greater than 0 indicates the
*** index number of the MONTH-DATA block to be used to supply atmospheric
*** deposition data. _PNAME PEADFG(5)"
PERLND,PEST-AD-FLAGS,PEADFG6,PEST,int,28,31,3,CORRECT,-999,,0,-1,999,0,-1,999,,"*** Value of 0 indicates that concentration of pesticide #1 in solution form
*** in precipitation is absent. A value of -1 indicates that it is supplied
*** as a direct time series as PEADCN. A value greater than 0 indicates the
*** index number of the MONTH-DATA block to be used to supply atmospheric
*** deposition data. _PNAME PEADFG(6)"
PERLND,PEST-AD-FLAGS,PEADFG7,PEST,int,33,36,3,CORRECT,-999,,0,-1,999,0,-1,999,,"*** Value of 0 indicates that atmospheric deposition flux of pesticide #2 in
*** crystalline form is absent. A value of -1 indicates that it is supplied
*** as a direct time series as PEADFX. A value greater than 0 indicates the
*** index number of the MONTH-DATA block to be used to supply atmospheric
*** deposition data. _PNAME PEADFG(7)"
PERLND,PEST-AD-FLAGS,PEADFG8,PEST,int,36,39,3,CORRECT,-999,,0,-1,999,0,-1,999,,"*** Value of 0 indicates that concentration of pesticide #2 in crystalline
*** form in precipitation is absent. A value of -1 indicates that it is
*** supplied as a direct time series as PEADCN. A value greater than 0
*** indicates the index number of the MONTH-DATA block to be used to supply
*** atmospheric deposition data. _PNAME PEADFG(8)"
PERLND,PEST-AD-FLAGS,PEADFG9,PEST,int,40,43,3,CORRECT,-999,,0,-1,999,0,-1,999,,"*** Value of 0 indicates that atmospheric deposition flux of pesticide #2 in
*** adsorbed form is absent. A value of -1 indicates that it is supplied as
*** a direct time series as PEADFX. A value greater than 0 indicates the
*** index number of the MONTH-DATA block to be used to supply atmospheric
*** deposition data. _PNAME PEADFG(9)"
PERLND,PEST-AD-FLAGS,PEADFG10,PEST,int,43,46,3,CORRECT,-999,,0,-1,999,0,-1,999,,"*** Value of 0 indicates that concentration of pesticide #2 in adsorbed form
*** in precipitation is absent. A value of -1 indicates that it is supplied
*** as a direct time series as PEADCN. A value greater than 0 indicates the
*** index number of the MONTH-DATA block to be used to supply atmospheric
*** deposition data. _PNAME PEADFG(10)"
PERLND,PEST-AD-FLAGS,PEADFG11,PEST,int,47,50,3,CORRECT,-999,,0,-1,999,0,-1,999,,"*** Value of 0 indicates that atmospheric deposition flux of pesticide #2 in
*** solution form is absent. A value of -1 indicates that it is supplied as
*** a direct time series as PEADFX. A value greater than 0 indicates the
*** index number of the MONTH-DATA block to be used to supply atmospheric
*** deposition data. _PNAME PEADFG(11)"
PERLND,PEST-AD-FLAGS,PEADFG12,PEST,int,50,53,3,CORRECT,-999,,0,-1,999,0,-1,999,,"*** Value of 0 indicates that concentration of pesticide #2 in solution form
*** in precipitation is absent. A value of -1 indicates that it is supplied
*** as a direct time series as PEADCN. A value greater than 0 indicates the
*** index number of the MONTH-DATA block to be used to supply atmospheric
*** deposition data. _PNAME PEADFG(12)"
PERLND,PEST-AD-FLAGS,PEADFG13,PEST,int,55,58,3,CORRECT,-999,,0,-1,999,0,-1,999,,"*** Value of 0 indicates that atmospheric deposition flux of pesticide #3 in
*** crystalline form is absent. A value of -1 indicates that it is supplied
*** as a direct time series as PEADFX. A value greater than 0 indicates the
*** index number of the MONTH-DATA block to be used to supply atmospheric
*** deposition data. _PNAME PEADFG(13)"
PERLND,PEST-AD-FLAGS,PEADFG14,PEST,int,58,61,3,CORRECT,-999,,0,-1,999,0,-1,999,,"*** Value of 0 indicates that concentration of pesticide #3 in crystalline
*** form in precipitation is absent. A value of -1 indicates that it is
*** supplied as a direct time series as PEADCN. A value greater than 0
*** indicates the index number of the MONTH-DATA block to be used to supply
*** atmospheric deposition data. _PNAME PEADFG(14)"
PERLND,PEST-AD-FLAGS,PEADFG15,PEST,int,62,65,3,CORRECT,-999,,0,-1,999,0,-1,999,,"*** Value of 0 indicates that atmospheric deposition flux of pesticide #3 in
*** adsorbed form is absent. A value of -1 indicates that it is supplied as
*** a direct time series as PEADFX. A value greater than 0 indicates the
*** index number of the MONTH-DATA block to be used to supply atmospheric
*** deposition data. _PNAME PEADFG(15)"
PERLND,PEST-AD-FLAGS,PEADFG16,PEST,int,65,68,3,CORRECT,-999,,0,-1,999,0,-1,999,,"*** Value of 0 indicates that concentration of pesticide #3 in adsorbed form
*** in precipitation is absent. A value of -1 indicates that it is supplied
*** as a direct time series as PEADCN. A value greater than 0 indicates the
*** index number of the MONTH-DATA block to be used to supply atmospheric
*** deposition data. _PNAME PEADFG(16)"
PERLND,PEST-AD-FLAGS,PEADFG17,PEST,int,69,72,3,CORRECT,-999,,0,-1,999,0,-1,999,,"*** Value of 0 indicates that atmospheric deposition flux of pesticide #3 in
*** solution form is absent. A value of -1 indicates that it is supplied as
*** a direct time series as PEADFX. A value greater than 0 indicates the
*** index number of the MONTH-DATA block to be used to supply atmospheric
*** deposition data. _PNAME PEADFG(17)"
PERLND,PEST-AD-FLAGS,PEADFG18,PEST,int,72,75,3,CORRECT,-999,,0,-1,999,0,-1,999,,"*** Value of 0 indicates that concentration of pesticide #3 in solution form
*** in precipitation is absent. A value of -1 indicates that it is supplied
*** as a direct time series as PEADCN. A value greater than 0 indicates the
*** index number of the MONTH-DATA block to be used to supply atmospheric
*** deposition data. _PNAME PEADFG(18)"
PERLND,PEST-CMAX,OPNID,PEST,int,0,5,5,PROTECTED,,,,,,,,,,*** PLSs to which these data apply.
PERLND,PEST-CMAX,OPNIDLAST,PEST,int,5,10,5,PROTECTED,,,,,,,,,,*** PLSs to which these data apply.
PERLND,PEST-CMAX,CMAX,PEST,float,10,20,10,CORRECT,,,0,0,,0,0,,,*** CMAX is the maximum solubility of the pesticide in water.
PERLND,PEST-DEGRAD,OPNID,PEST,int,0,5,5,PROTECTED,,,,,,,,,,*** PLSs to which these data apply.
PERLND,PEST-DEGRAD,OPNIDLAST,PEST,int,5,10,5,PROTECTED,,,,,,,,,,*** PLSs to which these data apply.
PERLND,PEST-DEGRAD,SDGCON,PEST,float,10,20,10,CORRECT,,,0,0,1,0,0,1,,*** SDGCON is the degradation rate of pesticide in the surface layer.
PERLND,PEST-DEGRAD,UDGCON,PEST,float,20,30,10,CORRECT,,,0,0,1,0,0,1,,*** UDGCON is the degradation rate of pesticide in the upper layer.
PERLND,PEST-DEGRAD,LDGCON,PEST,float,30,40,10,CORRECT,,,0,0,1,0,0,1,,*** LDGCON is the degradation rate of pesticide in the lower layer.
PERLND,PEST-DEGRAD,ADGCON,PEST,float,40,50,10,CORRECT,,,0,0,1,0,0,1,,"*** ADGCON is the degradation rate of pesticide in the groundwater
*** layer."
PERLND,PEST-FIRSTPM,OPNID,PEST,int,0,5,5,PROTECTED,,,,,,,,,,*** PLSs to which these data apply.
PERLND,PEST-FIRSTPM,OPNIDLAST,PEST,int,5,10,5,PROTECTED,,,,,,,,,,*** PLSs to which these data apply.
PERLND,PEST-FIRSTPM,KDSPS,PEST,float,10,20,10,CORRECT,,,0,0,,0,0,,,*** KDSPS is the first-order desorption rate at 35 deg C.
PERLND,PEST-FIRSTPM,KADPS,PEST,float,20,30,10,CORRECT,,,0,0,,0,0,,,*** KADPS is the first-order adsorption rate at 35 deg C.
PERLND,PEST-FLAGS,OPNID,PEST,int,0,5,5,PROTECTED,,,,,,,,,,*** PLSs to which these data apply.
PERLND,PEST-FLAGS,OPNIDLAST,PEST,int,5,10,5,PROTECTED,,,,,,,,,,*** PLSs to which these data apply.
PERLND,PEST-FLAGS,NPST,PEST,int,10,15,5,CORRECT,,,1,1,3,1,1,3,,*** NPST is the number of pesticides being simulated in the operation.
PERLND,PEST-FLAGS,ITMXP1,PEST,int,15,20,5,CORRECT,,,30,1,100,30,1,100,,"*** ITMXPS(1)-(3) are the maximum number of iterations that will be made in
*** trying to solve for adsorbed and dissolved equilibrium using the
*** Freundlich isotherm. A separate value may be supplied for each pesticide
*** being handled (up to 3). If the Freundlich method is not being used,
*** these values have no effect."
PERLND,PEST-FLAGS,ITMXP2,PEST,int,20,25,5,CORRECT,,,30,1,100,30,1,100,,
PERLND,PEST-FLAGS,ITMXP3,PEST,int,25,30,5,CORRECT,,,30,1,100,30,1,100,,
PERLND,PEST-FLAGS,ADOPF1,PEST,int,30,35,5,CORRECT,,,2,1,3,2,1,3,,"*** ADOPFG(1) is the flag which indicates which method will be used to
*** simulate adsorption/desorption, for pesticide 1; value of 1 means
*** first-order kinetics, 2 means single-value Freundlich method, and 3
*** means non-single value Freundlich method."
PERLND,PEST-FLAGS,ADOPF2,PEST,int,35,40,5,CORRECT,,,2,1,3,2,1,3,,"*** ADOPFG(2) is the flag which indicates which method will be used to
*** simulate adsorption/desorption, for pesticide 2; value of 1 means
*** first-order kinetics, 2 means single-value Freundlich method, and 3
*** means non-single value Freundlich method."
PERLND,PEST-FLAGS,ADOPF3,PEST,int,40,45,5,CORRECT,,,2,1,3,2,1,3,,"*** ADOPFG(3) is the flag which indicates which method will be used to
*** simulate adsorption/desorption, for pesticide 3; value of 1 means
*** first-order kinetics, 2 means single-value Freundlich method, and 3
*** means non-single value Freundlich method."
PERLND,PEST-ID,OPNID,PEST,int,0,5,5,PROTECTED,,,,,,,,,,*** PLSs to which these data apply.
PERLND,PEST-ID,OPNIDLAST,PEST,int,5,10,5,PROTECTED,,,,,,,,,,*** PLSs to which these data apply.
PERLND,PEST-ID,PESTID,PEST,string,10,30,20,CORRECT,,,,,,,,,,"*** PESTID(*) is a string of up to 20 characters which specifies the
*** pesticide name."
PERLND,PEST-NONSVPM,OPNID,PEST,int,0,5,5,PROTECTED,,,,,,,,,,*** PLSs to which these data apply.
PERLND,PEST-NONSVPM,OPNIDLAST,PEST,int,5,10,5,PROTECTED,,,,,,,,,,*** PLSs to which these data apply.
PERLND,PEST-NONSVPM,XFIX,PEST,float,10,20,10,CORRECT,,,0,0,,0,0,,,"*** XFIX is the maximum concentration (on the soil) of pesticide which is
*** permanently fixed in the soil."
PERLND,PEST-NONSVPM,K1,PEST,float,20,30,10,CORRECT,,,0,0,,0,0,,,"*** K1 is the coefficient parameter for the non-single-value Freundlich
*** curve used for adsorption."
PERLND,PEST-NONSVPM,N1,PEST,float,30,40,10,CORRECT,,,,1,,,1,,,"*** N1 is the exponent parameter for the non-single-value Freundlich curve
*** used for adsorption."
PERLND,PEST-NONSVPM,N2,PEST,float,40,50,10,CORRECT,,,,1,,,1,,,"*** N2 is the exponent parameter for the auxiliary (""desorption"") curve for
*** the non-single-value Freundlich method."
PERLND,PEST-STOR1,OPNID,PEST,int,0,5,5,PROTECTED,,,,,,,,,,*** PLSs to which these data apply.
PERLND,PEST-STOR1,OPNIDLAST,PEST,int,5,10,5,PROTECTED,,,,,,,,,,*** PLSs to which these data apply.
PERLND,PEST-STOR1,PSCY,PEST,float,10,20,10,CORRECT,,,0,0,,0,0,,,"*** PSCY is the initial pesticide storage in crystalline form. The values
*** given in this table apply to one of the following four soil storages:
*** surface, upper principal, lower or groundwater."
PERLND,PEST-STOR1,PSAD,PEST,float,20,30,10,CORRECT,,,0,0,,0,0,,,"*** PSAD is the initial pesticide storage in adsorbed form. The values given
*** in this table apply to one of the following four soil storages: surface,
*** upper principal, lower or groundwater."
PERLND,PEST-STOR1,PSSU,PEST,float,30,40,10,CORRECT,,,0,0,,0,0,,,"*** PSSU is the initial pesticide storage in solution. The values given in
*** this table apply to one of the following four soil storages: surface,
*** upper principal, lower or groundwater."
PERLND,PEST-STOR2,OPNID,PEST,int,0,5,5,PROTECTED,,,,,,,,,,*** PLSs to which these data apply.
PERLND,PEST-STOR2,OPNIDLAST,PEST,int,5,10,5,PROTECTED,,,,,,,,,,*** PLSs to which these data apply.
PERLND,PEST-STOR2,IPS,PEST,float,10,20,10,CORRECT,,,0,0,,0,0,,,"*** IPS is the initial storage of pesticide in the upper layer transitory
*** (interflow) storage. Since only dissolved pesticide is modeled in that
*** storage, only one value is needed (no crystalline or adsorbed material)."
PERLND,PEST-SVALPM,OPNID,PEST,int,0,5,5,PROTECTED,,,,,,,,,,*** PLSs to which these data apply.
PERLND,PEST-SVALPM,OPNIDLAST,PEST,int,5,10,5,PROTECTED,,,,,,,,,,*** PLSs to which these data apply.
PERLND,PEST-SVALPM,XFIX,PEST,float,10,20,10,CORRECT,,,0,0,,0,0,,,"*** XFIX is the maximum concentration (on the soil) of pesticide which is
*** permanently fixed to the soil. The system expects this table to appear
*** four times for each pesticide: surface layer, upper layer, lower layer,
*** groundwater layer."
PERLND,PEST-SVALPM,K1,PEST,float,20,30,10,CORRECT,,,0,0,,0,0,,,"*** K1 is the coefficient parameter for the single-value Freundlich
*** adsorption/desorption equation. The system expects this table to appear
*** four times for each pesticide: surface layer, upper layer, lower layer,
*** groundwater layer."
PERLND,PEST-SVALPM,N1,PEST,float,30,40,10,CORRECT,,,,1,,,1,,,"*** N1 is the exponent parameter for the single-value Freundlich adsorption/desorption
*** equation. The system expects this table to appear four times for each
*** pesticide: surface layer, upper layer, lower layer, groundwater
*** layer."
PERLND,PEST-THETA,OPNID,PEST,int,0,5,5,PROTECTED,,,,,,,,,,*** PLSs to which these data apply.
PERLND,PEST-THETA,OPNIDLAST,PEST,int,5,10,5,PROTECTED,,,,,,,,,,*** PLSs to which these data apply.
PERLND,PEST-THETA,THDSPS,PEST,float,10,20,10,CORRECT,,,1.05,1,2,1.05,1,2,,"*** THDSPS is used to adjust the desorption rate parameter using a modified
*** Arrhenius equation; only applicable if first-order kinetics are used to
*** simulate adsorption/desorption."
PERLND,PEST-THETA,THADPS,PEST,float,20,30,10,CORRECT,,,1.05,1,2,1.05,1,2,,"*** THADPS is used to adjust the adsorption rate parameter using a modified
*** Arrhenius equation; only applicable if first-order kinetics are used to
*** simulate adsorption/desorption."
PERLND,PHOS-AD-FLAGS,OPNID,PHOS,int,0,5,5,PROTECTED,,,,,,,,,,*** PLSs to which these data apply.
PERLND,PHOS-AD-FLAGS,OPNIDLAST,PHOS,int,5,10,5,PROTECTED,,,,,,,,,,*** PLSs to which these data apply.
PERLND,PHOS-AD-FLAGS,PHADFG1,PHOS,int,11,14,3,CORRECT,-999,,0,-1,999,0,-1,999,,"*** Value of 0 indicates that atmospheric deposition flux of PO4 to the
*** surface layer is absent. A value of -1 indicates that it is supplied as
*** a direct time series as PHADFX. A value greater than 0 indicates the
*** index number of the MONTH-DATA block to be used to supply atmospheric
*** deposition data. _PNAME PHADFG(1)"
PERLND,PHOS-AD-FLAGS,PHADFG2,PHOS,int,14,17,3,CORRECT,-999,,0,-1,999,0,-1,999,,"*** Value of 0 indicates that concentration of PO4 to the surface layer in
*** precipitation is absent. A value of -1 indicates that it is supplied as
*** a direct time series as PHADCN. A value greater than 0 indicates the
*** index number of the MONTH-DATA block to be used to supply atmospheric
*** deposition data. _PNAME PHADFG(2)"
PERLND,PHOS-AD-FLAGS,PHADFG3,PHOS,int,18,21,3,CORRECT,-999,,0,-1,999,0,-1,999,,"*** Value of 0 indicates that atmospheric deposition flux of PO4 to the
*** upper layer is absent. A value of -1 indicates that it is supplied as a
*** direct time series as PHADFX. A value greater than 0 indicates the index
*** number of the MONTH-DATA block to be used to supply atmospheric
*** deposition data. _PNAME PHADFG(3)"
PERLND,PHOS-AD-FLAGS,PHADFG4,PHOS,int,21,24,3,CORRECT,-999,,0,-1,999,0,-1,999,,"*** Value of 0 indicates that concentration of PO4 to the upper layer in
*** precipitation is absent. A value of -1 indicates that it is supplied as
*** a direct time series as PHADCN. A value greater than 0 indicates the
*** index number of the MONTH-DATA block to be used to supply atmospheric
*** deposition data. _PNAME PHADFG(4)"
PERLND,PHOS-AD-FLAGS,PHADFG5,PHOS,int,26,29,3,CORRECT,-999,,0,-1,999,0,-1,999,,"*** Value of 0 indicates that atmospheric deposition flux of organic P to
*** the surface layer is absent. A value of -1 indicates that it is supplied
*** as a direct time series as PHADFX. A value greater than 0 indicates the
*** index number of the MONTH-DATA block to be used to supply atmospheric
*** deposition data. _PNAME PHADFG(5)"
PERLND,PHOS-AD-FLAGS,PHADFG6,PHOS,int,29,32,3,CORRECT,-999,,0,-1,999,0,-1,999,,"*** Value of 0 indicates that concentration of organic P to the surface
*** layer in precipitation is absent. A value of -1 indicates that it is
*** supplied as a direct time series as PHADCN. A value greater than 0
*** indicates the index number of the MONTH-DATA block to be used to supply
*** atmospheric deposition data. _PNAME PHADFG(6)"
PERLND,PHOS-AD-FLAGS,PHADFG7,PHOS,int,33,36,3,CORRECT,-999,,0,-1,999,0,-1,999,,"*** Value of 0 indicates that atmospheric deposition flux of organic P to
*** the upper layer is absent. A value of -1 indicates that it is supplied
*** as a direct time series as PHADFX. A value greater than 0 indicates the
*** index number of the MONTH-DATA block to be used to supply atmospheric
*** deposition data. _PNAME PHADFG(7)"
PERLND,PHOS-AD-FLAGS,PHADFG8,PHOS,int,36,39,3,CORRECT,-999,,0,-1,999,0,-1,999,,"*** Value of 0 indicates that concentration of organic P to the upper layer
*** in precipitation is absent. A value of -1 indicates that it is supplied
*** as a direct time series as PHADCN. A value greater than 0 indicates the
*** index number of the MONTH-DATA block to be used to supply atmospheric
*** deposition data. _PNAME PHADFG(8)"
PERLND,PHOS-CMAX,OPNID,PHOS,int,0,5,5,PROTECTED,,,,,,,,,,*** PLSs to which these data apply.
PERLND,PHOS-CMAX,OPNIDLAST,PHOS,int,5,10,5,PROTECTED,,,,,,,,,,*** PLSs to which these data apply.
PERLND,PHOS-CMAX,CMAX,PHOS,float,10,20,10,CORRECT,,,0,0,,0,0,,,*** CMAX is the maximum solubility of phosphate in water.
PERLND,PHOS-FLAGS,OPNID,PHOS,int,0,5,5,PROTECTED,,,,,,,,,,*** PLSs to which these data apply.
PERLND,PHOS-FLAGS,OPNIDLAST,PHOS,int,5,10,5,PROTECTED,,,,,,,,,,*** PLSs to which these data apply.
PERLND,PHOS-FLAGS,VPUTFG,PHOS,int,10,15,5,CORRECT,,,0,0,1,0,0,1,,"*** If VPUTFG is 1 the first-order plant uptake parameters for phosphorus
*** are allowed to vary monthly."
PERLND,PHOS-FLAGS,FORPFG,PHOS,int,15,20,5,CORRECT,,,0,0,1,0,0,1,,"*** FORPFG indicates which method is to be used to simulate adsorption and
*** desorption of phosphorus: 0 first-order kinetics; 1 single-value
*** Freundlich method."
PERLND,PHOS-FLAGS,ITMAXP,PHOS,int,20,25,5,CORRECT,,,30,1,100,30,1,100,,"*** ITMAXP is the maximum number of iterations that will be attempted in
*** solving the Freundlich equation; applicable only if FORAFG= 1."
PERLND,PHOS-FLAGS,BNUMP,PHOS,int,25,30,5,CORRECT,,,,1,1000,,1,1000,,"*** BNUMP is the number of time steps that will elapse between recalculation
*** of biochemical reaction fluxes. All reactions except adsorption/desorption
*** fall into this category."
PERLND,PHOS-FLAGS,CNUMP,PHOS,int,30,35,5,CORRECT,,,,1,1000,,1,1000,,"*** CNUMP is the number of time steps that will elapse between recalculation
*** of chemical (adsorption/desorption) reactions."
PERLND,PHOS-FLAGS,PUPTFG,PHOS,int,35,40,5,CORRECT,,,0,0,1,0,0,1,,"*** PUPTFG is a flag indicating the method of simulating plant uptake and
*** immobilization of nutrients. A value of zero indicates first-order
*** reactions. A value of 1 indicates a yield-based algorithm."
PERLND,PHOS-FSTGEN,OPNID,PHOS,int,0,5,5,PROTECTED,,,,,,,,,,*** PLSs to which these data apply.
PERLND,PHOS-FSTGEN,OPNIDLAST,PHOS,int,5,10,5,PROTECTED,,,,,,,,,,*** PLSs to which these data apply.
PERLND,PHOS-FSTGEN,THPLP,PHOS,float,10,20,10,CORRECT,,,1.07,1,2,1.07,1,2,,"*** THPLP is the temperature coefficient (theta) for plant uptake (only
*** relevant if PUPTFG=0)."
PERLND,PHOS-FSTGEN,THKDSP,PHOS,float,20,30,10,CORRECT,,,1.05,1,2,1.05,1,2,,"*** THKDSP is the temperature coefficient (theta) for phosphate desorption
*** (only relevant if FORPFG=0)."
PERLND,PHOS-FSTGEN,THKADP,PHOS,float,30,40,10,CORRECT,,,1.05,1,2,1.05,1,2,,"*** THKADP is the temperature coefficient (theta) for phosphate adsorption
*** (only relevant if FORAFG=0)."
PERLND,PHOS-FSTGEN,THKIMP,PHOS,float,40,50,10,CORRECT,,,1.07,1,2,1.07,1,2,,*** THKIMP is the temperature coefficient (theta) for phosphate immobilization.
PERLND,PHOS-FSTGEN,THKMP,PHOS,float,50,60,10,CORRECT,,,1.07,1,2,1.07,1,2,,*** THKMP is the temperature coefficient (theta) for organic P mineralization.
PERLND,PHOS-FSTPM,OPNID,PHOS,int,0,5,5,PROTECTED,,,,,,,,,,*** PLSs to which these data apply.
PERLND,PHOS-FSTPM,OPNIDLAST,PHOS,int,5,10,5,PROTECTED,,,,,,,,,,*** PLSs to which these data apply.
PERLND,PHOS-FSTPM,KDSP,PHOS,float,10,20,10,CORRECT,,,0,0,,0,0,,,"*** KDSP is the first-order reaction rate parameter for phosphate desorption
*** (only used if FORPFG=0)."
PERLND,PHOS-FSTPM,KADP,PHOS,float,20,30,10,CORRECT,,,0,0,,0,0,,,"*** KADP is the first-order reaction rate parameter for phosphate adsorption
*** (only used if FORAFG=0)."
PERLND,PHOS-FSTPM,KIMP,PHOS,float,30,40,10,CORRECT,,,0,0,,0,0,,,*** KIMP is the first-order reaction rate parameter for phosphate immobilization.
PERLND,PHOS-FSTPM,KMP,PHOS,float,40,50,10,CORRECT,,,0,0,,0,0,,,*** KMP is the first-order reaction rate parameter for organic P mineralization.
PERLND,PHOS-STOR1,OPNID,PHOS,int,0,5,5,PROTECTED,,,,,,,,,,*** PLSs to which these data apply.
PERLND,PHOS-STOR1,OPNIDLAST,PHOS,int,5,10,5,PROTECTED,,,,,,,,,,*** PLSs to which these data apply.
PERLND,PHOS-STOR1,ORGP,PHOS,float,10,20,10,CORRECT,,,0,0,,0,0,,,*** ORGP is the initial organic P storage.
PERLND,PHOS-STOR1,P4AD,PHOS,float,20,30,10,CORRECT,,,0,0,,0,0,,,*** P4AD is the initial adsorbed phosphate storage.
PERLND,PHOS-STOR1,P4SU,PHOS,float,30,40,10,CORRECT,,,0,0,,0,0,,,*** P4SU is the initial solution phosphate storage.
PERLND,PHOS-STOR1,PLTP,PHOS,float,40,50,10,CORRECT,,,0,0,,0,0,,,*** PLTP is the initial P stored in plants.
PERLND,PHOS-STOR2,OPNID,PHOS,int,0,5,5,PROTECTED,,,,,,,,,,*** PLSs to which these data apply.
PERLND,PHOS-STOR2,OPNIDLAST,PHOS,int,5,10,5,PROTECTED,,,,,,,,,,*** PLSs to which these data apply.
PERLND,PHOS-STOR2,IP4SU,PHOS,float,10,20,10,CORRECT,,,0,0,,0,0,,,"*** IP4SU specifies the initial storage of phosphate in the upper layer
*** transitory (interflow) storage."
PERLND,PHOS-SVALPM,OPNID,PHOS,int,0,5,5,PROTECTED,,,,,,,,,,*** PLSs to which these data apply.
PERLND,PHOS-SVALPM,OPNIDLAST,PHOS,int,5,10,5,PROTECTED,,,,,,,,,,*** PLSs to which these data apply.
PERLND,PHOS-SVALPM,XFIX,PHOS,float,10,20,10,CORRECT,,,0,0,,0,0,,,"*** XFIX is the maximum concentration (on the soil) of phosphorus which is
*** permanently fixed to the soil. The system expects this table to appear
*** four times: surface layer, upper layer, lower layer, groundwater
*** layer."
PERLND,PHOS-SVALPM,K1,PHOS,float,20,30,10,CORRECT,,,0,0,,0,0,,,"*** K1 is the coefficient parameter for the single-value Freundlich
*** adsorption/desorption equation. The system expects this table to appear
*** four times: surface layer, upper layer, lower layer, groundwater
*** layer."
PERLND,PHOS-SVALPM,N1,PHOS,float,30,40,10,CORRECT,,,,1,,,1,,,"*** N1 is the exponent parameter for the single-value Freundlich adsorption/
*** desorption equation. The system expects this table to appear four times:
*** surface layer, upper layer, lower layer, groundwater layer."
PERLND,PHOS-UPTAKE,OPNID,PHOS,int,0,5,5,PROTECTED,,,,,,,,,,*** PLSs to which these data apply.
PERLND,PHOS-UPTAKE,OPNIDLAST,PHOS,int,5,10,5,PROTECTED,,,,,,,,,,*** PLSs to which these data apply.
PERLND,PHOS-UPTAKE,SKPLP,PHOS,float,10,20,10,CORRECT,,,0,0,,0,0,,,"*** SKPLP is the plant phosphorus uptake reaction rate parameter for the
*** surface layer."
PERLND,PHOS-UPTAKE,UKPLP,PHOS,float,20,30,10,CORRECT,,,0,0,,0,0,,,"*** UKPLP is the plant phosphorus uptake reaction rate parameter for the
*** upper layer."
PERLND,PHOS-UPTAKE,LKPLP,PHOS,float,30,40,10,CORRECT,,,0,0,,0,0,,,"*** LKPLP is the plant phosphorus uptake reaction rate parameter for the
*** lower layer."
PERLND,PHOS-UPTAKE,AKPLP,PHOS,float,40,50,10,CORRECT,,,0,0,,0,0,,,"*** AKPLP is the plant phosphorus uptake reaction rate parameter for the
*** active groundwater layer."
PERLND,PHOS-YIELD,OPNID,PHOS,int,0,5,5,PROTECTED,,,,,,,,,,*** PLSs to which these data apply.
PERLND,PHOS-YIELD,OPNIDLAST,PHOS,int,5,10,5,PROTECTED,,,,,,,,,,*** PLSs to which these data apply.
PERLND,PHOS-YIELD,PUPTGT,PHOS,float,10,20,10,CORRECT,-999,,0,0,,0,0,,,"*** PUPTGT is the total annual uptake target for phosphorus. _PNAME
*** PUPTGT"
PERLND,PHOS-YIELD,PMXRAT,PHOS,float,20,30,10,CORRECT,-999,,1,1,2,1,1,2,,"*** PMXRAT is the ratio of maximum possible P uptake to optimum uptake rate.
*** _PNAME PMXRAT"
PERLND,PQL-AD-FLAGS,OPNID,PQUAL,int,0,5,5,PROTECTED,,,,,,,,,,*** PLSs to which these data apply.
PERLND,PQL-AD-FLAGS,OPNIDLAST,PQUAL,int,5,10,5,PROTECTED,,,,,,,,,,*** PLSs to which these data apply.
PERLND,PQL-AD-FLAGS,PQADFG1,PQUAL,int,11,14,3,CORRECT,-999,,0,-1,999,0,-1,999,,"*** Value of 0 indicates that atmospheric deposition flux of quality
*** constituent #1 is absent. A value of -1 indicates that it is supplied as
*** a direct time series as PQADFX. A value greater than 0 indicates the
*** index number of the MONTH-DATA block to be used to supply atmospheric
*** deposition data. _PNAME PQADFG(1)"
PERLND,PQL-AD-FLAGS,PQADFG2,PQUAL,int,14,17,3,CORRECT,-999,,0,-1,999,0,-1,999,,"*** Value of 0 indicates that concentration of quality constituent #1 in
*** precipitation is absent. A value of -1 indicates that it is supplied as
*** a direct time series as PQADCN. A value greater than 0 indicates the
*** index number of the MONTH-DATA block to be used to supply atmospheric
*** deposition data. _PNAME PQADFG(2)"
PERLND,PQL-AD-FLAGS,PQADFG3,PQUAL,int,18,21,3,CORRECT,-999,,0,-1,999,0,-1,999,,"*** Value of 0 indicates that atmospheric deposition flux of quality
*** constituent #2 is absent. A value of -1 indicates that it is supplied as
*** a direct time series as PQADFX. A value greater than 0 indicates the
*** index number of the MONTH-DATA block to be used to supply atmospheric
*** deposition data. _PNAME PQADFG(3)"
PERLND,PQL-AD-FLAGS,PQADFG4,PQUAL,int,21,24,3,CORRECT,-999,,0,-1,999,0,-1,999,,"*** Value of 0 indicates that concentration of quality constituent #2 in
*** precipitation is absent. A value of -1 indicates that it is supplied as
*** a direct time series as PQADCN. A value greater than 0 indicates the
*** index number of the MONTH-DATA block to be used to supply atmospheric
*** deposition data. _PNAME PQADFG(4)"
PERLND,PQL-AD-FLAGS,PQADFG5,PQUAL,int,25,28,3,CORRECT,-999,,0,-1,999,0,-1,999,,"*** Value of 0 indicates that atmospheric deposition flux of quality
*** constituent #3 is absent. A value of -1 indicates that it is supplied as
*** a direct time series as PQADFX. A value greater than 0 indicates the
*** index number of the MONTH-DATA block to be used to supply atmospheric
*** deposition data. _PNAME PQADFG(5)"
PERLND,PQL-AD-FLAGS,PQADFG6,PQUAL,int,28,31,3,CORRECT,-999,,0,-1,999,0,-1,999,,"*** Value of 0 indicates that concentration of quality constituent #3 in
*** precipitation is absent. A value of -1 indicates that it is supplied as
*** a direct time series as PQADCN. A value greater than 0 indicates the
*** index number of the MONTH-DATA block to be used to supply atmospheric
*** deposition data. _PNAME PQADFG(6)"
PERLND,PQL-AD-FLAGS,PQADFG7,PQUAL,int,32,35,3,CORRECT,-999,,0,-1,999,0,-1,999,,"*** Value of 0 indicates that atmospheric deposition flux of quality
*** constituent #4 is absent. A value of -1 indicates that it is supplied as
*** a direct time series as PQADFX. A value greater than 0 indicates the
*** index number of the MONTH-DATA block to be used to supply atmospheric
*** deposition data. _PNAME PQADFG(7)"
PERLND,PQL-AD-FLAGS,PQADFG8,PQUAL,int,35,38,3,CORRECT,-999,,0,-1,999,0,-1,999,,"*** Value of 0 indicates that concentration of quality constituent #4 in
*** precipitation is absent. A value of -1 indicates that it is supplied as
*** a direct time series as PQADCN. A value greater than 0 indicates the
*** index number of the MONTH-DATA block to be used to supply atmospheric
*** deposition data. _PNAME PQADFG(8)"
PERLND,PQL-AD-FLAGS,PQADFG9,PQUAL,int,39,42,3,CORRECT,-999,,0,-1,999,0,-1,999,,"*** Value of 0 indicates that atmospheric deposition flux of quality
*** constituent #5 is absent. A value of -1 indicates that it is supplied as
*** a direct time series as PQADFX. A value greater than 0 indicates the
*** index number of the MONTH-DATA block to be used to supply atmospheric
*** deposition data. _PNAME PQADFG(9)"
PERLND,PQL-AD-FLAGS,PQADFG10,PQUAL,int,42,45,3,CORRECT,-999,,0,-1,999,0,-1,999,,"*** Value of 0 indicates that concentration of quality constituent #5 in
*** precipitation is absent. A value of -1 indicates that it is supplied as
*** a direct time series as PQADCN. A value greater than 0 indicates the
*** index number of the MONTH-DATA block to be used to supply atmospheric
*** deposition data. _PNAME PQADFG(10)"
PERLND,PQL-AD-FLAGS,PQADFG11,PQUAL,int,46,49,3,CORRECT,-999,,0,-1,999,0,-1,999,,"*** Value of 0 indicates that atmospheric deposition flux of quality
*** constituent #6 is absent. A value of -1 indicates that it is supplied as
*** a direct time series as PQADFX. A value greater than 0 indicates the
*** index number of the MONTH-DATA block to be used to supply atmospheric
*** deposition data. _PNAME PQADFG(11)"
PERLND,PQL-AD-FLAGS,PQADFG12,PQUAL,int,49,52,3,CORRECT,-999,,0,-1,999,0,-1,999,,"*** Value of 0 indicates that concentration of quality constituent #6 in
*** precipitation is absent. A value of -1 indicates that it is supplied as
*** a direct time series as PQADCN. A value greater than 0 indicates the
*** index number of the MONTH-DATA block to be used to supply atmospheric
*** deposition data. _PNAME PQADFG(12)"
PERLND,PQL-AD-FLAGS,PQADFG13,PQUAL,int,53,56,3,CORRECT,-999,,0,-1,999,0,-1,999,,"*** Value of 0 indicates that atmospheric deposition flux of quality
*** constituent #7 is absent. A value of -1 indicates that it is supplied as
*** a direct time series as PQADFX. A value greater than 0 indicates the
*** index number of the MONTH-DATA block to be used to supply atmospheric
*** deposition data. _PNAME PQADFG(13)"
PERLND,PQL-AD-FLAGS,PQADFG14,PQUAL,int,56,59,3,CORRECT,-999,,0,-1,999,0,-1,999,,"*** Value of 0 indicates that concentration of quality constituent #7 in
*** precipitation is absent. A value of -1 indicates that it is supplied as
*** a direct time series as PQADCN. A value greater than 0 indicates the
*** index number of the MONTH-DATA block to be used to supply atmospheric
*** deposition data. _PNAME PQADFG(14)"
PERLND,PQL-AD-FLAGS,PQADFG15,PQUAL,int,60,63,3,CORRECT,-999,,0,-1,999,0,-1,999,,"*** Value of 0 indicates that atmospheric deposition flux of quality
*** constituent #8 is absent. A value of -1 indicates that it is supplied as
*** a direct time series as PQADFX. A value greater than 0 indicates the
*** index number of the MONTH-DATA block to be used to supply atmospheric
*** deposition data. _PNAME PQADFG(15)"
PERLND,PQL-AD-FLAGS,PQADFG16,PQUAL,int,63,66,3,CORRECT,-999,,0,-1,999,0,-1,999,,"*** Value of 0 indicates that concentration of quality constituent #8 in
*** precipitation is absent. A value of -1 indicates that it is supplied as
*** a direct time series as PQADCN. A value greater than 0 indicates the
*** index number of the MONTH-DATA block to be used to supply atmospheric
*** deposition data. _PNAME PQADFG(16)"
PERLND,PQL-AD-FLAGS,PQADFG17,PQUAL,int,67,70,3,CORRECT,-999,,0,-1,999,0,-1,999,,"*** Value of 0 indicates that atmospheric deposition flux of quality
*** constituent #9 is absent. A value of -1 indicates that it is supplied as
*** a direct time series as PQADFX. A value greater than 0 indicates the
*** index number of the MONTH-DATA block to be used to supply atmospheric
*** deposition data. _PNAME PQADFG(17)"
PERLND,PQL-AD-FLAGS,PQADFG18,PQUAL,int,70,73,3,CORRECT,-999,,0,-1,999,0,-1,999,,"*** Value of 0 indicates that concentration of quality constituent #9 in
*** precipitation is absent. A value of -1 indicates that it is supplied as
*** a direct time series as PQADCN. A value greater than 0 indicates the
*** index number of the MONTH-DATA block to be used to supply atmospheric
*** deposition data. _PNAME PQADFG(18)"
PERLND,PQL-AD-FLAGS,PQADFG19,PQUAL,int,74,77,3,CORRECT,-999,,0,-1,999,0,-1,999,,"*** Value of 0 indicates that atmospheric deposition flux of quality
*** constituent #10 is absent. A value of -1 indicates that it is supplied
*** as a direct time series as PQADFX. A value greater than 0 indicates the
*** index number of the MONTH-DATA block to be used to supply atmospheric
*** deposition data. _PNAME PQADFG(19)"
PERLND,PQL-AD-FLAGS,PQADFG20,PQUAL,int,77,80,3,CORRECT,-999,,0,-1,999,0,-1,999,,"*** Value of 0 indicates that concentration of quality constituent #10 in
*** precipitation is absent. A value of -1 indicates that it is supplied as
*** a direct time series as PQADCN. A value greater than 0 indicates the
*** index number of the MONTH-DATA block to be used to supply atmospheric
*** deposition data. _PNAME PQADFG(20)"
PERLND,PRINT-INFO,OPNID,GENERAL,int,0,5,5,PROTECTED,,,,1,,,1,,,*** PLSs to which these data apply.
PERLND,PRINT-INFO,OPNIDLAST,GENERAL,int,5,10,5,PROTECTED,,,,1,,,1,,,*** PLSs to which these data apply.
PERLND,PRINT-INFO,AIRTPR,GENERAL,int,10,15,5,CORRECT,,,4,2,6,4,2,6,,*** Printout level for section ATEMP
PERLND,PRINT-INFO,SNOWPR,GENERAL,int,15,20,5,CORRECT,,,4,2,6,4,2,6,,*** Printout level for section SNOW
PERLND,PRINT-INFO,PWATPR,GENERAL,int,20,25,5,CORRECT,,,4,2,6,4,2,6,,*** Printout level for section PWATER
PERLND,PRINT-INFO,SEDPR,GENERAL,int,25,30,5,CORRECT,,,4,2,6,4,2,6,,*** Printout level for section SEDMNT
PERLND,PRINT-INFO,PSTPR,GENERAL,int,30,35,5,CORRECT,,,4,2,6,4,2,6,,*** Printout level for section PSTEMP
PERLND,PRINT-INFO,PWGPR,GENERAL,int,35,40,5,CORRECT,,,4,2,6,4,2,6,,*** Printout level for section PWTGAS
PERLND,PRINT-INFO,PQALPR,GENERAL,int,40,45,5,CORRECT,,,4,2,6,4,2,6,,*** Printout level for section PQUAL
PERLND,PRINT-INFO,MSTLPR,GENERAL,int,45,50,5,CORRECT,,,4,2,6,4,2,6,,*** Printout level for section MSTLAY
PERLND,PRINT-INFO,PESTPR,GENERAL,int,50,55,5,CORRECT,,,4,2,6,4,2,6,,*** Printout level for section PEST
PERLND,PRINT-INFO,NITRPR,GENERAL,int,55,60,5,CORRECT,,,4,2,6,4,2,6,,*** Printout level for section NITR
PERLND,PRINT-INFO,PHOSPR,GENERAL,int,60,65,5,CORRECT,,,4,2,6,4,2,6,,*** Printout level for section PHOS
PERLND,PRINT-INFO,TRACPR,GENERAL,int,65,70,5,CORRECT,,,4,2,6,4,2,6,,*** Printout level for section TRACER
PERLND,PRINT-INFO,PIVL,GENERAL,int,70,75,5,CORRECT,,,1,1,1440,1,1,1440,,"*** A value need only be supplied for PIVL if one or more sections have a
*** printout level of 2. For those sections, printout will occur every PIVL
*** intervals (that is, every PDELT=PIVL*DELT mins). PIVL must be chosen
*** such that there are an integer no. of PDELT periods in a day."
PERLND,PRINT-INFO,PYREND,GENERAL,int,75,80,5,CORRECT,,,9,1,12,9,1,12,,"*** PYREND is the calendar month which will terminate the year for printout
*** purposes. Thus, the annual summary can reflect the situation over the
*** past water year or the past calendar year, etc."
PERLND,PSTEMP-PARM1,OPNID,PSTEMP,int,0,5,5,PROTECTED,,,,,,,,,,*** PLSs to which these data apply.
PERLND,PSTEMP-PARM1,OPNIDLAST,PSTEMP,int,5,10,5,PROTECTED,,,,,,,,,,*** PLSs to which these data apply.
PERLND,PSTEMP-PARM1,SLTVFG,PSTEMP,int,10,15,5,CORRECT,,,0,0,1,0,0,1,,"*** If SLTVFG is 1, parameters for estimating surface layer temperature can
*** vary monthly."
PERLND,PSTEMP-PARM1,ULTVFG,PSTEMP,int,15,20,5,CORRECT,,,0,0,1,0,0,1,,"*** If ULTVFG is 1, parameters for estimating upper layer temperature can
*** vary monthly."
PERLND,PSTEMP-PARM1,LGTVFG,PSTEMP,int,20,25,5,CORRECT,,,0,0,1,0,0,1,,"*** If LGTVFG is 1, parameters for estimating lower layer and active
*** groundwater layer temperature calculations can vary monthly."
PERLND,PSTEMP-PARM1,TSOPFG,PSTEMP,int,25,30,5,CORRECT,,,0,0,2,0,0,2,,"*** TSOPFG selects the method to estimate subsurface soil temperatures. If
*** it is 0, they are computed using a mean departure from air temperature,
*** together with smoothing factors. If TSOPFG is 1, upper layer soil
*** temperature is estimated by regression on air temperature (like surface
*** temperature). The lower layer/groundwater layer temperature is supplied
*** directly by the user (a different value may be specified for each
*** month). If it is 2, the same method is used as for a value of 0, except
*** that the upper layer temperature is used instead of the air temperature
*** to compute the lower layer/groundwater layer temperature."
PERLND,PSTEMP-PARM2,OPNID,PSTEMP,int,0,5,5,PROTECTED,,,,,,,,,,*** PLSs to which these data apply.
PERLND,PSTEMP-PARM2,OPNIDLAST,PSTEMP,int,5,10,5,PROTECTED,,,,,,,,,,*** PLSs to which these data apply.
PERLND,PSTEMP-PARM2,ASLT,PSTEMP,float,10,20,10,CORRECT,,,0,-18,38,32,0,100,,"*** ASLT is the surface layer temperature when the air temperature is 32
*** degrees F (0 degrees C). It is the intercept of the surface layer
*** temperature regression equation."
PERLND,PSTEMP-PARM2,BSLT,PSTEMP,float,20,30,10,CORRECT,,,1,0.001,2,1,0.001,2,,*** BSLT is the slope of the surface layer temperature regression equation.
PERLND,PSTEMP-PARM2,ULTP1,PSTEMP,float,30,40,10,CORRECT,,,,,,,,,,"*** ULTP1 is the smoothing factor in upper layer temperature calculation, if
*** TSOPFG = 0 or 2. ULTP1 is the intercept in the upper layer soil
*** temperature regression equation (like ASLT and BSLT for the surface
*** layer), if TSOPFG = 1."
PERLND,PSTEMP-PARM2,ULTP2,PSTEMP,float,40,50,10,CORRECT,,,,,,,,,,"*** ULTP2 is the mean difference between upper layer soil temperature and
*** air temperature, if TSOPFG = 0 or 2. ULTP2 is the slope in the upper
*** layer soil temperature regression equation (like ASLT and BSLT for the
*** surface layer), if TSOPFG = 1."
PERLND,PSTEMP-PARM2,LGTP1,PSTEMP,float,50,60,10,CORRECT,,,,,,,,,,"*** LGTP1 is the smoothing factor for calculating lower layer/groundwater
*** soil temperature, if TSOPFG = 0 or 2. LGTP1 is the lower layer/groundwater
*** layer soil temperature, if TOSPFG = 1."
PERLND,PSTEMP-PARM2,LGTP2,PSTEMP,float,60,70,10,CORRECT,,,,,,,,,,"*** LGTP2 is the mean departure from air temperature for calculating lower
*** layer/groundwater soil temperature, if TSOPFG = 0 or 2. LGTP2 is not
*** used, if TSOPFG = 1."
PERLND,PSTEMP-TEMPS,OPNID,PSTEMP,int,0,5,5,PROTECTED,,,,,,,,,,*** PLSs to which these data apply.
PERLND,PSTEMP-TEMPS,OPNIDLAST,PSTEMP,int,5,10,5,PROTECTED,,,,,,,,,,*** PLSs to which these data apply.
PERLND,PSTEMP-TEMPS,AIRTC,PSTEMP,float,10,20,10,CORRECT,,,16,-29,49,60,-20,120,,*** AIRTC is the initial air temperature.
PERLND,PSTEMP-TEMPS,SLTMP,PSTEMP,float,20,30,10,CORRECT,,,16,-29,49,60,-20,120,,*** SLTMP is the initial surface layer soil temperature.
PERLND,PSTEMP-TEMPS,ULTMP,PSTEMP,float,30,40,10,CORRECT,,,16,-29,49,60,-20,120,,*** ULTMP is the initial upper layer soil temperature.
PERLND,PSTEMP-TEMPS,LGTMP,PSTEMP,float,40,50,10,CORRECT,,,16,-29,49,60,-20,120,,*** LGTMP is the initial lower layer/groundwater layer soil temperature.
PERLND,PWAT-CANOPY,OPNID,CANOPY,int,0,5,5,PROTECTED,,,,,,,,,,*** PLSs to which these data apply.
PERLND,PWAT-CANOPY,OPNIDLAST,CANOPY,int,5,10,5,PROTECTED,,,,,,,,,,*** PLSs to which these data apply.
PERLND,PWAT-CANOPY,CANOPY,CANOPY,float,10,20,10,CORRECT,,,1,1,5,1,1,5,,"*** Canopy layer to which these parameters apply. This table is only
*** necessary if NCANOPY > 0."
PERLND,PWAT-CANOPY,CANNAM,CANOPY,string,23,35,12,,,,,,,,,,,*** A string of up to 12 characters which identifies this canopy layer.
PERLND,PWAT-CANOPY,CEPSC,CANOPY,float,35,45,10,CORRECT,,,0,0,250,0,0,250,,*** CEPSC is the interception storage capacity.
PERLND,PWAT-CANOPY,CEPS,CANOPY,float,45,55,10,CORRECT,,,0,0,2500,0,0,2500,,*** CEPS is the initial interception storage.
PERLND,PWAT-PARM1,OPNID,PWATER,int,0,5,5,PROTECTED,,,,,,,,,,*** PLSs to which these data apply.
PERLND,PWAT-PARM1,OPNIDLAST,PWATER,int,5,10,5,PROTECTED,,,,,,,,,,*** PLSs to which these data apply.
PERLND,PWAT-PARM1,CSNOFG,PWATER,int,10,15,5,CORRECT,,,0,0,1,0,0,1,,"*** If CSNOFG is 1, section PWATER assumes that snow accumulation and melt
*** is being considered. It will, therefore, expect that the time series
*** produced by section SNOW are available, either internally (produced in
*** this RUN) or from external sources (produced in a previous RUN). If
*** CSNOFG is 0, no such time series are expected. See the functional
*** description for further information."
PERLND,PWAT-PARM1,RTOPFG,PWATER,int,15,20,5,CORRECT,,,0,0,3,0,0,3,,"*** If RTOPFG is 1, routing of overland flow is done in exactly the same way
*** as in HSPX, ARM and NPS. A value of 0 results in a new algorithm being
*** used. A value of 2 results in the use of a simple power function method
*** (and HWTFG must be 1). A value of 3 results in the use of a table in the
*** FTABLE block to determine surface outflow as a function of surface
*** storage (HWTFG must be 1)."
PERLND,PWAT-PARM1,UZFG,PWATER,int,20,25,5,CORRECT,,,0,0,1,0,0,1,,"*** If UZFG is 1, inflow to the upper zone is computed in the same way as in
*** HSPX, ARM and NPS. A value of zero results in the use of a new
*** algorithm, which should be less sensitive to changes in DELT."
PERLND,PWAT-PARM1,VCSFG,PWATER,int,25,30,5,CORRECT,,,0,0,1,0,0,1,,"*** VCSFG:value of 1 means vary interception storage capacity monthly; 0
*** means use annual value. A value of -1 indicates that it is supplied as
*** direct time series CEPSC."
PERLND,PWAT-PARM1,VUZFG,PWATER,int,30,35,5,CORRECT,,,0,0,1,0,0,1,,"*** VUZFG:value of 1 means vary upper zone nominal storage monthly; 0 means
*** use annual value. A value of -1 indicates that it is supplied as direct
*** time series UZSN."
PERLND,PWAT-PARM1,VNNFG,PWATER,int,35,40,5,CORRECT,,,0,0,1,0,0,1,,"*** VNNFG:value of 1 means vary Manning's n for the overland flow plane
*** monthly; 0 means use annual value. A value of -1 indicates that it is
*** supplied as direct time series NSUR."
PERLND,PWAT-PARM1,VIFWFG,PWATER,int,40,45,5,CORRECT,,,0,0,1,0,0,1,,"*** VIFWFG:value of 1 means vary interflow inflow parameter monthly; 0 means
*** use annual value. A value of -1 indicates that it is supplied as direct
*** time series INTFW."
PERLND,PWAT-PARM1,VIRCFG,PWATER,int,45,50,5,CORRECT,,,0,0,1,0,0,1,,"*** VIRCFG:value of 1 means vary interflow recession constant monthly; 0
*** means use annual value. A value of -1 indicates that it is supplied as
*** direct time series IRC."
PERLND,PWAT-PARM1,VLEFG,PWATER,int,50,55,5,CORRECT,,,0,0,3,0,0,3,,"*** VLEFG:value of 1 means vary lower zone E-T parameter monthly; value of 2
*** means constant E-T with optional IHM method; value of 3 means variable
*** E-T with optional IHM method; 0 means use annual value. A value of -1
*** indicates that it is supplied as direct time series LZETP."
PERLND,PWAT-PARM1,IFFCFG,PWATER,int,55,60,5,CORRECT,,,1,1,2,1,1,2,,"*** Method for computing INFFAC, the effect of frozen ground on infiltration; 1
*** means use original method based on amount of ice in the snow pack (as
*** enhanced by the new parameters FZG and FZGL in table-type PWAT-PARM5); 2
*** means base INFFAC on temperature of the lower soil layer (section PSTEMP
*** must be active)."
PERLND,PWAT-PARM1,HWTFG,PWATER,int,60,65,5,CORRECT,,,0,0,1,0,0,1,,"*** If HWTFG=1, then high water table conditions (wetland) are prevalent on
*** the land segment, and different algorithms are used for some processes."
PERLND,PWAT-PARM1,IRRGFG,PWATER,int,65,70,5,CORRECT,,,0,0,3,0,0,3,,"*** Irrigation module flag; 0 means not used; 1 means demand is input
*** timeseries IRRDEM; 2 means demand is calculated based on allowable water
*** depletion in the crop root zone; 3 means demand is specified by schedule
*** in table-type IRRIG-SCHED."
PERLND,PWAT-PARM1,IFRDFG,PWATER,int,70,75,5,CORRECT,,,0,0,7,0,0,7,,"*** Infiltration redistribution flag for use with IHM; 0 means not used; 3-7
*** is assigned as the exponent in infiltration equation."
PERLND,PWAT-PARM1,NCANPY,PWATER,int,75,80,5,CORRECT,,,0,0,5,0,0,5,,"*** Number of canopy layers to be used in interception accounting; 0 means
*** multiple canopy feature is not is use; if 1-5 then table-type PWAT-CANOPY is
*** expected that number of times."
PERLND,PWAT-PARM2,OPNID,PWATER,int,0,5,5,PROTECTED,,,,,,,,,,*** PLSs to which these data apply.
PERLND,PWAT-PARM2,OPNIDLAST,PWATER,int,5,10,5,PROTECTED,,,,,,,,,,*** PLSs to which these data apply.
PERLND,PWAT-PARM2,FOREST,PWATER,float,10,20,10,CORRECT,,,0,0,1,0,0,1,,"*** FOREST is the fraction of the PLS which is covered by forest which will
*** continue to transpire in winter. Input only if CSNOFG=1."
PERLND,PWAT-PARM2,LZSN,PWATER,float,20,30,10,CORRECT,,,,0.25,2500,,0.01,100,,*** LZSN is the lower zone nominal storage.
PERLND,PWAT-PARM2,INFILT,PWATER,float,30,40,10,CORRECT,,,,0.0025,2500,,0.001,100,,*** INFILT is an index to the infiltration capacity of the soil.
PERLND,PWAT-PARM2,LSUR,PWATER,float,40,50,10,CORRECT,,,,0.3,,,1,,,*** LSUR is the length of the assumed overland flow plane.
PERLND,PWAT-PARM2,SLSUR,PWATER,float,50,60,10,CORRECT,,,,0.000001,10,,0.000001,10,,*** SLSUR is the slope of the assumed overland flow plane.
PERLND,PWAT-PARM2,KVARY,PWATER,float,60,70,10,CORRECT,,,0,0,,0,0,,,"*** KVARY is a parameter which affects the behavior of groundwater recession
*** flow, enabling it to be non exponential in its decay with time."
PERLND,PWAT-PARM2,AGWRC,PWATER,float,70,80,10,CORRECT,,,,0.001,0.999,,0.001,0.999,,"*** AGWRC is the basic groundwater recession rate if KVARY is zero and there
*** is no inflow to groundwater (rate of flow today/rate yesterday)."
PERLND,PWAT-PARM3,OPNID,PWATER,int,0,5,5,PROTECTED,,,,,,,,,,*** PLSs to which these data apply.
PERLND,PWAT-PARM3,OPNIDLAST,PWATER,int,5,10,5,PROTECTED,,,,,,,,,,*** PLSs to which these data apply.
PERLND,PWAT-PARM3,PETMAX,PWATER,float,10,20,10,CORRECT,,,40,,,4.4,,,,"*** PETMAX is the air temperature below which E-T will arbitrarily be
*** reduced below the value obtained from the input time series. Input only
*** if CSNOFG=1."
PERLND,PWAT-PARM3,PETMIN,PWATER,float,20,30,10,CORRECT,,,35,,,1.7,,,,"*** PETMIN is the temperature below which E-T will be zero regardless of the
*** value in the input time series. Input only if CSNOFG=1."
PERLND,PWAT-PARM3,INFEXP,PWATER,float,30,40,10,CORRECT,,,2,0,10,2,0,10,,*** INFEXP is the exponent in the infiltration equation.
PERLND,PWAT-PARM3,INFILD,PWATER,float,40,50,10,CORRECT,,,2,1,2,2,1,2,,"*** INFILD is the ratio between the maximum and mean infiltration capacities
*** over the PLS."
PERLND,PWAT-PARM3,DEEPFR,PWATER,float,50,60,10,CORRECT,,,0,0,1,0,0,1,,"*** DEEPFR is the fraction of groundwater inflow which will enter deep
*** (inactive) groundwater and, thus, be lost from the system as it is
*** defined in HSPF."
PERLND,PWAT-PARM3,BASETP,PWATER,float,60,70,10,CORRECT,,,0,0,1,0,0,1,,"*** BASETP is the fraction of remaining potential E-T which can be satisfied
*** from baseflow (groundwater outflow), if enough is available."
PERLND,PWAT-PARM3,AGWETP,PWATER,float,70,80,10,CORRECT,,,0,0,1,0,0,1,,"*** AGWETP is the fraction of remaining potential E-T which can be satisfied
*** from active groundwater storage if enough is available."
PERLND,PWAT-PARM4,OPNID,PWATER,int,0,5,5,PROTECTED,,,,,,,,,,*** PLSs to which these data apply.
PERLND,PWAT-PARM4,OPNIDLAST,PWATER,int,5,10,5,PROTECTED,,,,,,,,,,*** PLSs to which these data apply.
PERLND,PWAT-PARM4,CEPSC,PWATER,float,10,20,10,CORRECT,,,0,0,250,0,0,10,,*** CEPSC is the interception storage capacity.
PERLND,PWAT-PARM4,UZSN,PWATER,float,20,30,10,CORRECT,,,,0.25,250,,0.01,10,,*** UZSN is the upper zone nominal storage.
PERLND,PWAT-PARM4,NSUR,PWATER,float,30,40,10,CORRECT,,,0.1,0.001,1,0.1,0.001,1,,*** NSUR is Manning's n for the assumed overland flow plane.
PERLND,PWAT-PARM4,INTFW,PWATER,float,40,50,10,CORRECT,,,,0,,,0,,,*** INTFW is the interflow inflow parameter
PERLND,PWAT-PARM4,IRC,PWATER,float,50,60,10,CORRECT,,,,1E-30,0.999,,1E-30,0.999,,"*** IRC is the interflow recession parameter. Under zero inflow, this is the
*** ratio of interflow outflow rate today/rate yesterday."
PERLND,PWAT-PARM4,LZETP,PWATER,float,60,70,10,CORRECT,,,0,0,2,0,0,2,,"*** LZETP is the lower zone E-T parameter. It is an index to the density of
*** deep-rooted vegetation."
PERLND,PWAT-PARM5,OPNID,PWATER,int,0,5,5,PROTECTED,,,,,,,,,,*** PLSs to which these data apply.
PERLND,PWAT-PARM5,OPNIDLAST,PWATER,int,5,10,5,PROTECTED,,,,,,,,,,*** PLSs to which these data apply.
PERLND,PWAT-PARM5,FZG,PWATER,float,10,20,10,CORRECT,,,0.0394,0.0001,,1,0.0001,,,"*** FZG is the parameter to adjust the effect of ice in the snow pack on
*** infiltration when IFFCFG is 1. It is not used if IFFCFG is 2."
PERLND,PWAT-PARM5,FZGL,PWATER,float,20,30,10,CORRECT,,,0.1,0.0001,1,0.1,0.0001,1,,"*** If IFFCFG is 1, FZGL is the lower limit of INFFAC as adjusted by ice in
*** the snow pack. If IFFCFG is 2, FZGL is the value of INFFAC to use when
*** the lower layer temperature is at or below freezing."
PERLND,PWAT-PARM6,OPNID,PWATER,int,0,5,5,PROTECTED,,,,,,,,,,*** PLSs to which these data apply.
PERLND,PWAT-PARM6,OPNIDLAST,PWATER,int,5,10,5,PROTECTED,,,,,,,,,,*** PLSs to which these data apply.
PERLND,PWAT-PARM6,MELEV,PWATER,float,10,20,10,CORRECT,,,0,0,10000,0,0,30000,,"*** MELEV is the mean elevation of the ground surface of the PLS. If Section
*** SNOW is active, this field is ignored, and the value from SNOW-PARM1 is
*** used."
PERLND,PWAT-PARM6,BELV,PWATER,float,20,30,10,CORRECT,,,,,,,,,,"*** BELV is the base elevation for AGWO. It corresponds to the bottom
*** elevation of nearby channels; therefore, if the ground water elevation
*** is above BELV, there is outflow to the channels. Ground water below BELV
*** is considered inactive."
PERLND,PWAT-PARM6,GWDATM,PWATER,float,30,40,10,CORRECT,,,,,,,,,,"*** GWDATM is the datum for the groundwater elevation GWEL. Storage below
*** this elevation is not simulated."
PERLND,PWAT-PARM6,PCW,PWATER,float,40,50,10,CORRECT,,,,0.01,0.999,,0.01,0.999,,"*** PCW is the cohesion water porosity - i. e. the soil pore space in
*** micropores."
PERLND,PWAT-PARM6,PGW,PWATER,float,50,60,10,CORRECT,,,,0.01,0.999,,0.01,0.999,,"*** PGW is the gravitational water porosity - i. e. the soil pore space in
*** macropores."
PERLND,PWAT-PARM6,UPGW,PWATER,float,60,70,10,CORRECT,,,,0.01,0.999,,0.01,0.999,,"*** UPGW is the upper gravitaional water porosity - i. e. the soil pore
*** space in macropores in the upper layers of the soil column."
PERLND,PWAT-PARM7,OPNID,PWATER,int,0,5,5,PROTECTED,,,,,,,,,,*** PLSs to which these data apply.
PERLND,PWAT-PARM7,OPNIDLAST,PWATER,int,5,10,5,PROTECTED,,,,,,,,,,*** PLSs to which these data apply.
PERLND,PWAT-PARM7,STABNO,PWATER,float,10,20,10,CORRECT,,,0,0,999,0,0,999,,"*** STABNO is the user's number for the F-Table in the FTABLES block which
*** contains the outflow properties from the surface storage."
PERLND,PWAT-PARM7,SRRC,PWATER,float,20,30,10,CORRECT,,,,1E-10,0.999,,1E-10,0.999,,"*** SRRC is the surface runoff recession constant, which is used to
*** calculate surface runoff as a function of surface storage only."
PERLND,PWAT-PARM7,SREXP,PWATER,float,30,40,10,CORRECT,,,1,0,,1,0,,,*** SREXP is the surface runoff exponent.
PERLND,PWAT-PARM7,IFWSC,PWATER,float,40,50,10,CORRECT,,,,0.25,750,,0.01,30,,"*** IFWSC is the maximum interflow storage capacity if the groundwater
*** elevation is higher than the Upper Influence Elevation."
PERLND,PWAT-PARM7,DELTA,PWATER,float,50,60,10,CORRECT,,,0.025,0.000025,5,0.001,0.000001,0.2,,*** DELTA is the groundwater elevation tolerance level.
PERLND,PWAT-PARM7,UELFAC,PWATER,float,60,70,10,CORRECT,,,4,3,5,4,3,5,,*** UELFAC is the multiplier on UZSN which gives the upper zone capacity.
PERLND,PWAT-PARM7,LELFAC,PWATER,float,70,80,10,CORRECT,,,2.5,2,3,2.5,2,3,,*** LELFAC is the multiplier on LZSN which gives the lower zone capacity.
PERLND,PWAT-STATE1,OPNID,PWATER,int,0,5,5,PROTECTED,,,,,,,,,,*** PLSs to which these data apply.
PERLND,PWAT-STATE1,OPNIDLAST,PWATER,int,5,10,5,PROTECTED,,,,,,,,,,*** PLSs to which these data apply.
PERLND,PWAT-STATE1,CEPS,PWATER,float,10,20,10,CORRECT,,,0,0,2500,0,0,100,,*** CEPS is the initial interception storage.
PERLND,PWAT-STATE1,SURS,PWATER,float,20,30,10,CORRECT,,,0,0,2500,0,0,100,,*** SURS is the initial surface (overland flow) storage.
PERLND,PWAT-STATE1,UZS,PWATER,float,30,40,10,CORRECT,,,0.025,0.025,2500,0.001,0.001,100,,*** UZS is the initial upper zone storage.
PERLND,PWAT-STATE1,IFWS,PWATER,float,40,50,10,CORRECT,,,0,0,2500,0,0,100,,*** IFWS is the initial interflow storage.
PERLND,PWAT-STATE1,LZS,PWATER,float,50,60,10,CORRECT,,,0.025,0.025,2500,0.001,0.001,100,,*** LZS is the initial lower zone storage.
PERLND,PWAT-STATE1,AGWS,PWATER,float,60,70,10,CORRECT,,,0,0,2500,0,0,100,,*** AGWS is the initial active groundwater storage.
PERLND,PWAT-STATE1,GWVS,PWATER,float,70,80,10,CORRECT,,,0,0,2500,0,0,100,,"*** GWVS is the index to groundwater slope; it is a measure of antecedent
*** active groundwater inflow."
PERLND,PWT-GASES,OPNID,PWTGAS,int,0,5,5,PROTECTED,,,,,,,,,,*** PLSs to which these data apply.
PERLND,PWT-GASES,OPNIDLAST,PWTGAS,int,5,10,5,PROTECTED,,,,,,,,,,*** PLSs to which these data apply.
PERLND,PWT-GASES,SODOX,PWTGAS,float,10,20,10,CORRECT,,,0,0,20,0,0,20,,*** SODOX is the initial DO concentration in surface outflow.
PERLND,PWT-GASES,SOCO2,PWTGAS,float,20,30,10,CORRECT,,,0,0,1,0,0,1,,*** SOCO2 is the initial CO2 concentration in surface outflow.
PERLND,PWT-GASES,IODOX,PWTGAS,float,30,40,10,CORRECT,,,0,0,20,0,0,20,,*** IODOX is the initial DO concentration in interflow outflow.
PERLND,PWT-GASES,IOCO2,PWTGAS,float,40,50,10,CORRECT,,,0,0,1,0,0,1,,*** IOCO2 is the initial CO2 concentration in interflow outflow.
PERLND,PWT-GASES,AODOX,PWTGAS,float,50,60,10,CORRECT,,,0,0,20,0,0,20,,*** AODOX is the initial DO concentration in active groundwater outflow.
PERLND,PWT-GASES,AOCO2,PWTGAS,float,60,70,10,CORRECT,,,0,0,1,0,0,1,,*** AOCO2 is the initial CO2 concentration in active groundwater outflow.
PERLND,PWT-PARM1,OPNID,PWTGAS,int,0,5,5,PROTECTED,,,,,,,,,,*** PLSs to which these data apply.
PERLND,PWT-PARM1,OPNIDLAST,PWTGAS,int,5,10,5,PROTECTED,,,,,,,,,,*** PLSs to which these data apply.
PERLND,PWT-PARM1,IDVFG,PWTGAS,int,10,15,5,CORRECT,,,0,0,1,0,0,1,,"*** If IDVFG is 1, then interflow DO concentration may vary monthly."
PERLND,PWT-PARM1,ICVFG,PWTGAS,int,15,20,5,CORRECT,,,0,0,1,0,0,1,,"*** If ICVFG is 1, then interflow CO2 concentration may vary monthly."
PERLND,PWT-PARM1,GDVFG,PWTGAS,int,20,25,5,CORRECT,,,0,0,1,0,0,1,,"*** If GDVFG is 1, then groundwater DO concentration may vary monthly."
PERLND,PWT-PARM1,GCVFG,PWTGAS,int,25,30,5,CORRECT,,,0,0,1,0,0,1,,"*** If GCVFG is 1, then groundwater CO2 concentration may vary monthly."
PERLND,PWT-PARM2,OPNID,PWTGAS,int,0,5,5,PROTECTED,,,,,,,,,,*** PLSs to which these data apply.
PERLND,PWT-PARM2,OPNIDLAST,PWTGAS,int,5,10,5,PROTECTED,,,,,,,,,,*** PLSs to which these data apply.
PERLND,PWT-PARM2,ELEV,PWTGAS,float,10,20,10,CORRECT,,,0,-300,9100,0,-1000,30000,,"*** ELEV is the elevation of the PLS above sea level (used to adjust
*** saturation concentrations of dissolved gasses in surface outflow)."
PERLND,PWT-PARM2,IDOXP,PWTGAS,float,20,30,10,CORRECT,,,0,0,20,0,0,20,,*** IDOXP is the concentration of dissolved oxygen in interflow outflow.
PERLND,PWT-PARM2,ICO2P,PWTGAS,float,30,40,10,CORRECT,,,0,0,1,0,0,1,,*** ICO2P is the concentration of dissolved CO2 in interflow outflow.
PERLND,PWT-PARM2,ADOXP,PWTGAS,float,40,50,10,CORRECT,,,0,0,20,0,0,20,,"*** ADOXP is the concentration of dissolved oxygen in active groundwater
*** outflow."
PERLND,PWT-PARM2,ACO2P,PWTGAS,float,50,60,10,CORRECT,,,0,0,1,0,0,1,,"*** ACO2P is the concentration of dissolved CO2 in active groundwater
*** outflow."
PERLND,PWT-TEMPS,OPNID,PWTGAS,int,0,5,5,PROTECTED,,,,,,,,,,*** PLSs to which these data apply.
PERLND,PWT-TEMPS,OPNIDLAST,PWTGAS,int,5,10,5,PROTECTED,,,,,,,,,,*** PLSs to which these data apply.
PERLND,PWT-TEMPS,SOTMP,PWTGAS,float,10,20,10,CORRECT,,,16,0,38,60,32,100,,*** SOTMP is the initial surface outflow temperature.
PERLND,PWT-TEMPS,IOTMP,PWTGAS,float,20,30,10,CORRECT,,,16,0,38,60,32,100,,*** IOTMP is the initial interflow outflow temperature.
PERLND,PWT-TEMPS,AOTMP,PWTGAS,float,30,40,10,CORRECT,,,16,0,38,60,32,100,,*** AOTMP is the initial active groundwater outflow temperature.
PERLND,QUAL-INPUT,OPNID,PQUAL,int,0,5,5,PROTECTED,,,,,,,,,,*** PLSs to which these data apply.
PERLND,QUAL-INPUT,OPNIDLAST,PQUAL,int,5,10,5,PROTECTED,,,,,,,,,,*** PLSs to which these data apply.
PERLND,QUAL-INPUT,SQO,PQUAL,float,10,18,8,CORRECT,,,0,0,,0,0,,,*** SQO is the initial storage of QUALOF on the surface of the PLS.
PERLND,QUAL-INPUT,POTFW,PQUAL,float,18,26,8,CORRECT,,,0,0,,0,0,,,"*** POTFW is the washoff potency factor for a QUALSD. A potency factor is
*** the ratio of constituent yield to sediment (washoff or scour) outflow."
PERLND,QUAL-INPUT,POTFS,PQUAL,float,26,34,8,CORRECT,,,0,0,,0,0,,,"*** POTFS is the scour potency factor for a QUALSD. A potency factor is the
*** ratio of constituent yield to sediment (washoff or scour) outflow."
PERLND,QUAL-INPUT,ACQOP,PQUAL,float,34,42,8,CORRECT,,,0,0,,0,0,,,*** ACQOP is the rate of accumulation of QUALOF.
PERLND,QUAL-INPUT,SQOLIM,PQUAL,float,42,50,8,CORRECT,,,0.000002,0.000002,,0.000001,0.000001,,,*** SQOLIM is the maximum storage of QUALOF.
PERLND,QUAL-INPUT,WSQOP,PQUAL,float,50,58,8,CORRECT,,,41.7,0.25,,1.64,0.01,,,"*** WSQOP is the rate of surface runoff which will remove 90 percent of
*** stored QUALOF per hour."
PERLND,QUAL-INPUT,IOQC,PQUAL,float,58,66,8,CORRECT,,,0,0,,0,0,,,"*** IOQC is the concentration of the constituent in interflow outflow
*** (meaningful only if this is a QUALIF)."
PERLND,QUAL-INPUT,AOQC,PQUAL,float,66,74,8,CORRECT,,,0,0,,0,0,,,"*** AOQC is the concentration of the constituent in active groundwater
*** outflow (meaningful only if this is a QUALGW)."
PERLND,QUAL-PROPS,OPNID,PQUAL,int,0,5,5,PROTECTED,,,,,,,,,,*** PLSs to which these data apply.
PERLND,QUAL-PROPS,OPNIDLAST,PQUAL,int,5,10,5,PROTECTED,,,,,,,,,,*** PLSs to which these data apply.
PERLND,QUAL-PROPS,QUALID,PQUAL,string,10,22,12,,,,,,,,,,,"*** QUALID is a string of up to 10 characters which identifies the quality
*** constituent."
PERLND,QUAL-PROPS,QTYID,PQUAL,string,26,30,4,,,,,,,,,,,"*** QTYID is a string of up to 4 characters which identifies the units
*** associated with this constituent (e. g., kg, (for coliforms)). These are
*** the units refered to as ""qty"" in subsequent tables (eg. Table-type
*** QUAL-INPUT)."
PERLND,QUAL-PROPS,QSDFG,PQUAL,int,30,35,5,CORRECT,,,0,0,1,0,0,1,,"*** If QSDFG is 1, this constituent is a QUALSD (sediment associated)."
PERLND,QUAL-PROPS,VPFWFG,PQUAL,int,35,40,5,CORRECT,,,0,0,2,0,0,2,,"*** If VPFWFG is 1, the washoff potency factor may vary monthly. If VPWFG is
*** 2, the daily factors are not interpolated between monthly values."
PERLND,QUAL-PROPS,VPFSFG,PQUAL,int,40,45,5,CORRECT,,,0,0,1,0,0,1,,"*** If VPFSFG is 1, the scour potency factor may vary monthly."
PERLND,QUAL-PROPS,QSOFG,PQUAL,int,45,50,5,CORRECT,,,0,0,2,0,0,2,,"*** If QSOFG is 1 or 2, this constituent is a QUALOF (directly associated
*** with overland flow). If 1, then accumulation and removal are performed
*** daily, and the removal rate is dependent only on the accumulation and
*** storage limit parameters (ACQOP and SQOLIM). If 2, accumulation and
*** removel are performed every interval, and the removal rate also takes
*** into account atmospheric deposition plus lateral inflows."
PERLND,QUAL-PROPS,VQOFG,PQUAL,int,50,55,5,CORRECT,,,0,0,1,0,0,1,,"*** If VQOFG is 1 then the rate of accumulation and the limiting storage of
*** QUALOF may vary monthly."
PERLND,QUAL-PROPS,QIFWFG,PQUAL,int,55,60,5,CORRECT,,,0,0,1,0,0,1,,*** If QIFWFG is 1 this constituent is a QUALIF (interflow associated).
PERLND,QUAL-PROPS,VIQCFG,PQUAL,int,60,65,5,CORRECT,,,0,0,4,0,0,4,,"*** If VIQCFG is 1 or greater, then the concentration of this constituent in
*** interflow outflow may vary monthly. If 2 or 4, no interpolation is used.
*** If 3 or 4, units are mg/L. This requires QTYID to be LB (English) or KG
*** (Metric)."
PERLND,QUAL-PROPS,QAGWFG,PQUAL,int,65,70,5,CORRECT,,,0,0,1,0,0,1,,"*** If QAGWFG is 1, this constituent is a QUALGW (groundwater associated)."
PERLND,QUAL-PROPS,VAQCFG,PQUAL,int,70,75,5,CORRECT,,,0,0,4,0,0,4,,"*** If VAQCFG is 1, the concentration of this constituent in groundwater
*** outflow may vary monthly. If 2 or 4, no interpolation is used. If 3 or
*** 4, units are mg/L. This requires QTYID to be LB (English) or KG
*** (Metric)."
PERLND,SED-PARM1,OPNID,SEDMNT,int,0,5,5,PROTECTED,,,,,,,,,,*** PLSs to which these data apply.
PERLND,SED-PARM1,OPNIDLAST,SEDMNT,int,5,10,5,PROTECTED,,,,,,,,,,*** PLSs to which these data apply.
PERLND,SED-PARM1,CRVFG,SEDMNT,int,10,15,5,CORRECT,,,0,0,1,0,0,1,,"*** If CRVFG is 1, erosion-related cover may vary monthly. A value of -1
*** indicates that it is supplied as direct time series COVER."
PERLND,SED-PARM1,VSIVFG,SEDMNT,int,15,20,5,CORRECT,,,0,0,2,0,0,2,,"*** If VSIVFG is 1, the rate of net vertical sediment input may vary
*** monthly."
PERLND,SED-PARM1,SDOPFG,SEDMNT,int,20,25,5,CORRECT,,,0,0,1,0,0,1,,"*** If SDOPFG is 1, removal of sediment from the land surface will be
*** simulated with the algorithm used in the ARM and NPS models. If it is 0,
*** a new algorithm will be used."
PERLND,SED-PARM2,OPNID,SEDMNT,int,0,5,5,PROTECTED,,,,,,,,,,*** PLSs to which these data apply.
PERLND,SED-PARM2,OPNIDLAST,SEDMNT,int,5,10,5,PROTECTED,,,,,,,,,,*** PLSs to which these data apply.
PERLND,SED-PARM2,SMPF,SEDMNT,float,10,20,10,CORRECT,,,1,0.001,1,1,0.001,1,,"*** SMPF is a ""supporting management practice factor. "" It is used to
*** simulate the reduction in erosion achieved by use of erosion control
*** practices."
PERLND,SED-PARM2,KRER,SEDMNT,float,20,30,10,CORRECT,,,0,0,,0,0,,,*** KRER is the coefficient in the soil detachment equation.
PERLND,SED-PARM2,JRER,SEDMNT,float,30,40,10,CORRECT,,,,,,,,,,*** JRER is the exponent in the soil detachment equation.
PERLND,SED-PARM2,AFFIX,SEDMNT,float,40,50,10,CORRECT,,,0,0,1,0,0,1,,"*** AFFIX is the fraction by which detached sediment storage decreases each
*** day, as a result of soil compaction."
PERLND,SED-PARM2,COVER,SEDMNT,float,50,60,10,CORRECT,,,0,0,1,0,0,1,,"*** COVER is the fraction of land surface which is shielded from erosion by
*** rainfall (not considering snow cover, which can be handled by simulation)."
PERLND,SED-PARM2,NVSI,SEDMNT,float,60,70,10,CORRECT,,,0,,,0,,,,"*** NVSI is the rate at which sediment enters detached storage from the
*** atmosphere. A negative value can be supplied (e. g., to simulate removal
*** by human activity or wind)."
PERLND,SED-PARM3,OPNID,SEDMNT,int,0,5,5,PROTECTED,,,,,,,,,,*** PLSs to which these data apply.
PERLND,SED-PARM3,OPNIDLAST,SEDMNT,int,5,10,5,PROTECTED,,,,,,,,,,*** PLSs to which these data apply.
PERLND,SED-PARM3,KSER,SEDMNT,float,10,20,10,CORRECT,,,0,0,,0,0,,,*** KSER is the coefficient in the detached sediment washoff equation.
PERLND,SED-PARM3,JSER,SEDMNT,float,20,30,10,CORRECT,,,,,,,,,,*** JSER is the exponent in the detached sediment washoff equation.
PERLND,SED-PARM3,KGER,SEDMNT,float,30,40,10,CORRECT,,,0,0,,0,0,,,"*** KGER is the coefficient in the matrix soil scour equation (simulates
*** gully erosion, etc. )."
PERLND,SED-PARM3,JGER,SEDMNT,float,40,50,10,CORRECT,,,,,,,,,,"*** JGER is the exponent in the matrix soil scour equation (simulates gully
*** erosion, etc. )."
PERLND,SED-STOR,OPNID,SEDMNT,int,0,5,5,PROTECTED,,,,,,,,,,*** PLSs to which these data apply.
PERLND,SED-STOR,OPNIDLAST,SEDMNT,int,5,10,5,PROTECTED,,,,,,,,,,*** PLSs to which these data apply.
PERLND,SED-STOR,DETS,SEDMNT,float,10,20,10,CORRECT,,,0,0,,0,0,,,
PERLND,SNOW-FLAGS,OPNID,SNOW,int,0,5,5,PROTECTED,,,,,,,,,,*** PLSs to which these data apply.
PERLND,SNOW-FLAGS,OPNIDLAST,SNOW,int,5,10,5,PROTECTED,,,,,,,,,,*** PLSs to which these data apply.
PERLND,SNOW-FLAGS,SNOPFG,SNOW,int,10,15,5,CORRECT,,,0,0,1,0,0,1,,"*** A value of 0 means that the atmospheric heat exchange portion of
*** snowmelt will be based on the energy balance; 1 means it will be based
*** on a degree-day factor."
PERLND,SNOW-FLAGS,VKMFG,SNOW,int,15,20,5,CORRECT,,,0,0,1,0,0,1,,"*** VKMFG:value of 1 means vary degree-day factor monthly; 0 means use
*** annual value."
PERLND,SNOW-INIT1,OPNID,SNOW,int,0,5,5,PROTECTED,,,,,,,,,,*** PLSs to which these data apply.
PERLND,SNOW-INIT1,OPNIDLAST,SNOW,int,5,10,5,PROTECTED,,,,,,,,,,*** PLSs to which these data apply.
PERLND,SNOW-INIT1,PACKF,SNOW,float,10,20,10,CORRECT,,,0,0,,0,0,,,*** Pack-snow is the quantity of snow in the pack (water equivalent).
PERLND,SNOW-INIT1,PACKI,SNOW,float,20,30,10,CORRECT,,,0,0,,0,0,,,*** Pack-ice is the quantity of ice in the pack (water equivalent)
PERLND,SNOW-INIT1,PACKW,SNOW,float,30,40,10,CORRECT,,,0,0,,0,0,,,*** Pack-watr is the quantity of liquid water in the pack.
PERLND,SNOW-INIT1,RDENPF,SNOW,float,40,50,10,CORRECT,,,0.2,0.01,1,0.2,0.01,1,,"*** RDENPF is the density of the frozen contents (snow+ice) of the pack,
*** relative to water."
PERLND,SNOW-INIT1,DULL,SNOW,float,50,60,10,CORRECT,,,400,0,800,400,0,800,,"*** DULL is an index to the dullness of the pack surface, from which albedo
*** is estimated."
PERLND,SNOW-INIT1,PAKTMP,SNOW,float,60,70,10,CORRECT,,,0,,0,32,,32,,*** PAKTMP is the mean temperature of the frozen contents of the pack.
PERLND,SNOW-INIT2,OPNID,SNOW,int,0,5,5,PROTECTED,,,,,,,,,,*** PLSs to which these data apply.
PERLND,SNOW-INIT2,OPNIDLAST,SNOW,int,5,10,5,PROTECTED,,,,,,,,,,*** PLSs to which these data apply.
PERLND,SNOW-INIT2,COVINX,SNOW,float,10,20,10,CORRECT,,,0.25,0.25,,0.01,0.01,,,"*** COVINX is the current pack (water equivalent) required to obtain
*** complete areal coverage of the PLS. If the pack is less than this
*** amount, areal cover is prorated (PACKF/COVINX)."
PERLND,SNOW-INIT2,XLNMLT,SNOW,float,20,30,10,CORRECT,,,0,0,,0,0,,,"*** XLNMLT is the current remaining possible increment to ice storage in the
*** pack (see functional description). This value is only relevant if ice
*** formation is being simulated (ICEFG= 1)."
PERLND,SNOW-INIT2,SKYCLR,SNOW,float,30,40,10,CORRECT,,,1,0.15,1,1,0.15,1,,"*** SKYCLR is the fraction of sky which is assumed to be clear at the
*** present time."
PERLND,SNOW-PARM1,OPNID,SNOW,int,0,5,5,PROTECTED,,,,,,,,,,*** PLSs to which these data apply.
PERLND,SNOW-PARM1,OPNIDLAST,SNOW,int,5,10,5,PROTECTED,,,,,,,,,,*** PLSs to which these data apply.
PERLND,SNOW-PARM1,LAT,SNOW,float,10,20,10,CORRECT,,,40,-90,90,40,-90,90,,"*** LAT is the latitude of the PLS. It is positive for the northern
*** hemisphere, negative for the southern hemisphere."
PERLND,SNOW-PARM1,MELEV,SNOW,float,20,30,10,CORRECT,,,0,0,10000,0,0,30000,,*** MELEV is the mean elevation of the PLS.
PERLND,SNOW-PARM1,SHADE,SNOW,float,30,40,10,CORRECT,,,0,0,1,0,0,1,,"*** SHADE is the fraction of the PLS which is shaded from solar radiation
*** by, for example, trees."
PERLND,SNOW-PARM1,SNOWCF,SNOW,float,40,50,10,CORRECT,,,,1,100,,1,100,,"*** SNOWCF is the factor by which recorded precipitation data will be
*** multiplied if the simulation indicates it is snowfall, to account for
*** poor catch efficiency under snow conditions."
PERLND,SNOW-PARM1,COVIND,SNOW,float,50,60,10,CORRECT,,,,0.25,,,0.01,,,"*** COVIND is the maximum pack (water equivalent) at which the entire PLS
*** will be covered with snow (see functional description of SNOW section)."
PERLND,SNOW-PARM1,KMELT,SNOW,float,60,70,10,CORRECT,,,0,0,,0,0,,,*** KMELT is the degree-day snowmelt factor when SNOPFG=1
PERLND,SNOW-PARM1,TBASE,SNOW,float,70,80,10,CORRECT,,,0,-20,20,32,0,60,,"*** TBASE is the base temperature for the degree-day snowmelt calculation
*** when SNOPFG=1"
PERLND,SNOW-PARM2,OPNID,SNOW,int,0,5,5,PROTECTED,,,,,,,,,,*** PLSs to which these data apply.
PERLND,SNOW-PARM2,OPNIDLAST,SNOW,int,5,10,5,PROTECTED,,,,,,,,,,*** PLSs to which these data apply.
PERLND,SNOW-PARM2,RDCSN,SNOW,float,10,20,10,CORRECT,,,0.15,0.01,1,0.15,0.01,1,,"*** RDCSN is the density of cold, new snow relative to water. This value
*** applies to snow falling at air temps <= 0degF. At higher temperatures
*** the density of snow is adjusted."
PERLND,SNOW-PARM2,TSNOW,SNOW,float,20,30,10,CORRECT,,,0,-1,5,32,30,40,,"*** TSNOW is the air temperature below which precipitation will be snow,
*** under saturated conditions. Under non-saturated conditions the
*** temperature is adjusted slightly."
PERLND,SNOW-PARM2,SNOEVP,SNOW,float,30,40,10,CORRECT,,,0.1,0,1,0.1,0,1,,"*** SNOEVP is a parameter which adapts the snow evaporation (sublimation)
*** equation to field conditions."
PERLND,SNOW-PARM2,CCFACT,SNOW,float,40,50,10,CORRECT,,,1,0,10,1,0,10,,"*** CCFACT is a parameter which adapts the snow condensation/convection melt
*** equation to field conditions."
PERLND,SNOW-PARM2,MWATER,SNOW,float,50,60,10,CORRECT,,,0.03,0,1,0.03,0,1,,"*** MWATER is the maximum water content of the snow pack, in depth water per
*** depth water equivalent."
PERLND,SNOW-PARM2,MGMELT,SNOW,float,60,70,10,CORRECT,,,0.25,0,25,0.01,0,1,,"*** MGMELT is the maximum rate of snowmelt by ground heat, in depth of water
*** equivalent per day. This is the value which applies when the pack
*** temperature is at freezing point."
PERLND,SOIL-DATA,OPNID,PWATER,int,0,5,5,PROTECTED,,,,,,,,,,*** PLSs to which these data apply.
PERLND,SOIL-DATA,OPNIDLAST,PWATER,int,5,10,5,PROTECTED,,,,,,,,,,*** PLSs to which these data apply.
PERLND,SOIL-DATA,DSURF,PWATER,float,10,18,8,CORRECT,,,,0.0025,2500,,0.001,1000,,"*** Depth(1)-(4) are the depths (thicknesses) of the surface, upper, lower,
*** and groundwater layers, respectively."
PERLND,SOIL-DATA,DUPPER,PWATER,float,18,26,8,CORRECT,,,,0.0025,2500,,0.001,1000,,
PERLND,SOIL-DATA,DLOWER,PWATER,float,26,34,8,CORRECT,,,,0.0025,2500,,0.001,1000,,
PERLND,SOIL-DATA,DGRNDW,PWATER,float,34,42,8,CORRECT,,,,0.0025,2500,,0.001,1000,,
PERLND,SOIL-DATA,BDSURF,PWATER,float,42,50,8,CORRECT,,,1.65,0.8,2.4,103,50,150,,"*** Bulkden(1)-(4) are the bulk densities of the soil in the surface, upper,
*** lower, and groundwater layers, respectively."
PERLND,SOIL-DATA,BDUPPR,PWATER,float,50,58,8,CORRECT,,,1.65,0.8,2.4,103,50,150,,
PERLND,SOIL-DATA,BDLOWR,PWATER,float,58,66,8,CORRECT,,,1.65,0.8,2.4,103,50,150,,
PERLND,SOIL-DATA,BDGRDW,PWATER,float,66,74,8,CORRECT,,,1.65,0.8,2.4,103,50,150,,
PERLND,SOIL-DATA2,OPNID,PWATER,int,0,5,5,PROTECTED,,,,,,,,,,*** PLSs to which these data apply.
PERLND,SOIL-DATA2,OPNIDLAST,PWATER,int,5,10,5,PROTECTED,,,,,,,,,,*** PLSs to which these data apply.
PERLND,SOIL-DATA2,SWILTP,PWATER,float,10,20,10,CORRECT,-999,,0,0,1,0,0,1,,"*** SWILTP is the wilting point for the surface soil layer. _PNAME
*** SWILTP"
PERLND,SOIL-DATA2,UWILTP,PWATER,float,20,30,10,CORRECT,-999,,0,0,1,0,0,1,,*** UWILTP is the wilting point for the upper soil layer. _PNAME UWILTP
PERLND,SOIL-DATA2,LWILTP,PWATER,float,30,40,10,CORRECT,-999,,0,0,1,0,0,1,,*** LWILTP is the wilting point for the lower soil layer. _PNAME LWILTP
PERLND,SOIL-DATA2,AWILTP,PWATER,float,40,50,10,CORRECT,-999,,0,0,1,0,0,1,,"*** AWILTP is the wilting point for the active groundwater layer. _PNAME
*** AWILTP"
PERLND,SOIL-DATA3,OPNID,PWATER,int,0,5,5,PROTECTED,,,,,,,,,,*** PLSs to which these data apply.
PERLND,SOIL-DATA3,OPNIDLAST,PWATER,int,5,10,5,PROTECTED,,,,,,,,,,*** PLSs to which these data apply.
PERLND,SOIL-DATA3,SFDCAP,PWATER,float,10,20,10,CORRECT,-999,,0,0,1,0,0,1,,"*** SFDCAP is the field capacity for the surface soil layer. _PNAME
*** SFDCAP"
PERLND,SOIL-DATA3,UFDCAP,PWATER,float,20,30,10,CORRECT,-999,,0,0,1,0,0,1,,*** UFDCAP is the field capacity for the upper soil layer. _PNAME UFDCAP
PERLND,SOIL-DATA3,LFDCAP,PWATER,float,30,40,10,CORRECT,-999,,0,0,1,0,0,1,,*** LFDCAP is the field capacity for the lower soil layer. _PNAME LFDCAP
PERLND,SOIL-DATA3,AFDCAP,PWATER,float,40,50,10,CORRECT,-999,,0,0,1,0,0,1,,"*** AFDCAP is the field capacity for the active groundwater layer. _PNAME
*** AFDCAP"
PERLND,TRAC-AD-FLAGS,OPNID,TRACER,int,0,5,5,PROTECTED,,,,,,,,,,*** PLSs to which these data apply.
PERLND,TRAC-AD-FLAGS,OPNIDLAST,TRACER,int,5,10,5,PROTECTED,,,,,,,,,,*** PLSs to which these data apply.
PERLND,TRAC-AD-FLAGS,TRADFG1,TRACER,int,11,14,3,CORRECT,-999,,0,-1,999,0,-1,999,,"*** Value of 0 indicates that atmospheric deposition flux of tracer to the
*** surface layer is absent. A value of -1 indicates that it is supplied as
*** a direct time series as TRADFX. A value greater than 0 indicates the
*** index number of the MONTH-DATA block to be used to supply atmospheric
*** deposition data. _PNAME TRADFG(1)"
PERLND,TRAC-AD-FLAGS,TRADFG2,TRACER,int,14,17,3,CORRECT,-999,,0,-1,999,0,-1,999,,"*** Value of 0 indicates that concentration of tracer to the surface layer
*** in precipitation is absent. A value of -1 indicates that it is supplied
*** as a direct time series as TRADCN. A value greater than 0 indicates the
*** index number of the MONTH-DATA block to be used to supply atmospheric
*** deposition data. _PNAME TRADFG(2)"
PERLND,TRAC-AD-FLAGS,TRADFG3,TRACER,int,18,21,3,CORRECT,-999,,0,-1,999,0,-1,999,,"*** Value of 0 indicates that atmospheric deposition flux of tracer to the
*** upper layer is absent. A value of -1 indicates that it is supplied as a
*** direct time series as TRADFX. A value greater than 0 indicates the index
*** number of the MONTH-DATA block to be used to supply atmospheric
*** deposition data. _PNAME TRADFG(3)"
PERLND,TRAC-AD-FLAGS,TRADFG4,TRACER,int,21,24,3,CORRECT,-999,,0,-1,999,0,-1,999,,"*** Value of 0 indicates that concentration of tracer to the upper layer in
*** precipitation is absent. A value of -1 indicates that it is supplied as
*** a direct time series as TRADCN. A value greater than 0 indicates the
*** index number of the MONTH-DATA block to be used to supply atmospheric
*** deposition data. _PNAME TRADFG(4)"
PERLND,TRAC-ID,OPNID,TRACER,int,0,5,5,PROTECTED,,,,,,,,,,*** PLSs to which these data apply.
PERLND,TRAC-ID,OPNIDLAST,TRACER,int,5,10,5,PROTECTED,,,,,,,,,,*** PLSs to which these data apply.
PERLND,TRAC-ID,TRACID,TRACER,string,10,30,20,CORRECT,,,0,,,0,,,,"*** Any 20 character string can be supplied as the name of the tracer
*** substance."
PERLND,TRAC-SUBSTOR,OPNID,TRACER,int,0,5,5,PROTECTED,,,,,,,,,,*** PLSs to which these data apply.
PERLND,TRAC-SUBSTOR,OPNIDLAST,TRACER,int,5,10,5,PROTECTED,,,,,,,,,,*** PLSs to which these data apply.
PERLND,TRAC-SUBSTOR,LTRSU,TRACER,float,10,20,10,CORRECT,,,0,0,,0,0,,,"*** LTRSU specifies the initial storage of conservative (tracer) material in
*** the lower groundwater layer."
PERLND,TRAC-SUBSTOR,ATRSU,TRACER,float,20,30,10,CORRECT,,,0,0,,0,0,,,"*** ATRSU specifies the initial storage of conservative (tracer) material in
*** the active groundwater layer."
PERLND,TRAC-TOPSTOR,OPNID,TRACER,int,0,5,5,PROTECTED,,,,,,,,,,*** PLSs to which these data apply.
PERLND,TRAC-TOPSTOR,OPNIDLAST,TRACER,int,5,10,5,PROTECTED,,,,,,,,,,*** PLSs to which these data apply.
PERLND,TRAC-TOPSTOR,STRSU,TRACER,float,10,20,10,CORRECT,,,0,0,,0,0,,,"*** STRSU specifies the initial storage of tracer (conservative) in the
*** surface storage."
PERLND,TRAC-TOPSTOR,UTRSU,TRACER,float,20,30,10,CORRECT,,,0,0,,0,0,,,"*** UTRSU specifies the initial storage of tracer (conservative) in the
*** upper principal storage."
PERLND,TRAC-TOPSTOR,ITRSU,TRACER,float,30,40,10,CORRECT,,,0,0,,0,0,,,"*** ITRSU specifies the initial storage of tracer (conservative) in the
*** upper transitory storage."
PERLND,UZSN-LZSN,OPNID,MSTLAY,int,0,5,5,PROTECTED,,,,,,,,,,*** PLSs to which these data apply.
PERLND,UZSN-LZSN,OPNIDLAST,MSTLAY,int,5,10,5,PROTECTED,,,,,,,,,,*** PLSs to which these data apply.
PERLND,UZSN-LZSN,UZSN,MSTLAY,float,10,18,8,CORRECT,,,,0.25,250,,0.01,10,,*** UZSN is the nominal upper zone storage.
PERLND,UZSN-LZSN,LZSN,MSTLAY,float,18,26,8,CORRECT,,,,0.25,2500,,0.01,100,,*** LZSN is the nominal lower zone storage.
PERLND,UZSN-LZSN,SURS,MSTLAY,float,26,34,8,CORRECT,,,0.025,0.025,2500,0.001,0.001,100,,*** SURS is the initial surface detention storage.
PERLND,VUZFG,OPNID,MSTLAY,int,0,5,5,PROTECTED,,,,,,,,,,*** PLSs to which these data apply.
PERLND,VUZFG,OPNIDLAST,MSTLAY,int,5,10,5,PROTECTED,,,,,,,,,,*** PLSs to which these data apply.
PERLND,VUZFG,VUZFG,MSTLAY,int,10,15,5,CORRECT,,,0,0,1,0,0,1,,"*** VUZFG is a flag which indicates whether or not the upper zone nominal
*** storage varies throughout the year or not. A value of zero means it does
*** not vary, value 1 means it does. If it does vary, the system will expect
*** a table of type MON-UZSN in the User's Control Input. Table VUZFG is
*** only required if section PWATER is inactive. If that section is active
*** VUZFG would have already been provided in the input for PWATER
*** (Table-type PWAT-PARM1)"
PLTGEN,CURV-DATA,OPNID,,int,0,5,5,PROTECTED,,,,,,,,,,*** PLTGEN to which these data apply.
PLTGEN,CURV-DATA,OPNIDLAST,,int,5,10,5,PROTECTED,,,,,,,,,,*** PLTGEN to which these data apply.
PLTGEN,CURV-DATA,LABEL,,string,14,30,16,CORRECT,,,,,,,,,,"*** LABEL is the label (descriptor) for this particular curve. It is also
*** used in the FEQ DTSF header."
PLTGEN,CURV-DATA,LINTYP,,int,30,35,5,CORRECT,,,0,,,0,,,,"*** LINTYP describes the type of line to be drawn for this curve. It also
*** determines the frequency of plotted symbols: A zero value means points
*** are connected by straight lines; no symbols are drawn at individual data
*** points. A positive value means points are connected by straight lines;
*** the magnitude determines the frequency of plotted symbols (eg. 4 means
*** plot a symbol at every 4th point obtained from the plot file). A
*** negative value means no connecting lines are drawn. Only symbols are
*** plotted; the absolute value determines the frequency (as above)."
PLTGEN,CURV-DATA,INTEQ,,int,35,40,5,CORRECT,,,0,0,13,0,0,13,,"*** INTEQ is the ""integer equivalent"" of the symbols to be plotted for this
*** curve (ie. indicates which symbol to use). It is only meaningful if
*** LINTYP is not zero."
PLTGEN,CURV-DATA,COLCOD,,int,40,45,5,CORRECT,,,0,0,10,0,0,10,,"*** COLCOD is the color code for this curve. The meaning depends on how the
*** stand-alone plot program is set up; eg. 1 might mean red pen, 2 blue
*** pen, etc."
PLTGEN,CURV-DATA,TRAN,,string,46,50,4,CORRECT,,SUM,,,,,,,"['SUM', 'AVER', 'MAX', 'MIN', 'LAST']","*** TRAN is the ""transformation code"" used to aggregate data from the basic
*** interval (internal time step) to the PLOTFL Interval. Valid values are:
*** SUM, AVER, MAX, MIN, and LAST."
PLTGEN,GEN-LABELS,OPNID,,int,0,5,5,PROTECTED,,,,,,,,,,*** PLTGEN to which these data apply.
PLTGEN,GEN-LABELS,OPNIDLAST,,int,5,10,5,PROTECTED,,,,,,,,,,*** PLTGEN to which these data apply.
PLTGEN,GEN-LABELS,TITLE,,string,10,50,40,CORRECT,,,,,,,,,,"*** TITLE is the general plot title. It is also used in the FEQ DTSF
*** header."
PLTGEN,GEN-LABELS,YLABL,,string,60,80,20,CORRECT,,,,,,,,,,*** YLABL is the label to be placed on the Y-axis.
PLTGEN,PLOTINFO,OPNID,,int,0,5,5,PROTECTED,,,,,,,,,,*** PLTGEN to which these data apply.
PLTGEN,PLOTINFO,OPNIDLAST,,int,5,10,5,PROTECTED,,,,,,,,,,*** PLTGEN to which these data apply.
PLTGEN,PLOTINFO,PLOTFL,,int,10,15,5,CORRECT,,,30,30,99,30,30,99,,"*** PLOTFL is the Fortran unit number of the plot file (output of this
*** operation)."
PLTGEN,PLOTINFO,NPT,,int,15,20,5,CORRECT,,,0,0,20,0,0,20,,*** NPT is the number of point-valued time series to be plotted.
PLTGEN,PLOTINFO,NMN,,int,20,25,5,CORRECT,,,0,0,99,0,0,99,,*** NMN is the number of mean-valued time series to be plotted.
PLTGEN,PLOTINFO,LABLFG,,int,25,30,5,CORRECT,,,0,-1,1,0,-1,1,,"*** LABLFG indicates how the plot will be labeled: -1 means no labels, 0
*** means one set of X and Y axes and associated labels will be drawn for
*** entire plot, and 1 means separate X and Y axes and labels will be drawn
*** for each ""frame"" of the plot (eg. each water year)."
PLTGEN,PLOTINFO,PYREND,,int,30,35,5,CORRECT,,,9,1,12,9,1,12,,"*** PYREND is the calendar month which terminates a plot frame (eg. a water
*** year)."
PLTGEN,PLOTINFO,PIVL,,int,35,40,5,CORRECT,,,1,-2,1440,1,-2,1440,,"*** PIVL is the number of basic time intervals (DELT minutes each) to be
*** aggregated to get to the interval of the data written to the PLOTFL. A
*** PIVL of -1 causes a monthly file to be written. A PIVL of -2 causes an
*** annual file to be written."
PLTGEN,PLOTINFO,TYPEFG,,int,40,45,5,CORRECT,,,1,1,4,1,1,4,,"*** TYPEFG specifies the type of output file created. 1 means a formatted
*** text file containing up to 10 timeseries (PLTGEN/MUTSIN format). 2 means
*** an unformatted file containing up to 99 mean-valued timeseries (FEQ DTSF
*** format). 3 means an unformatted file containing exactly one point-valued
*** timeseries (FEQ PTSF format). 4 means the same as Type 2 with record 1
*** containing the length of all records in the file (revised FEQ DTSF
*** format)."
PLTGEN,SCALING,OPNID,,int,0,5,5,PROTECTED,,,,,,,,,,*** PLTGEN to which these data apply.
PLTGEN,SCALING,OPNIDLAST,,int,5,10,5,PROTECTED,,,,,,,,,,*** PLTGEN to which these data apply.
PLTGEN,SCALING,YMIN,,float,10,20,10,CORRECT,,,0,,,0,,,,*** YMIN is the minimum ordinate (Y axis) value.
PLTGEN,SCALING,YMAX,,float,20,30,10,CORRECT,,,,,,,,,,*** YMAX is the maximum ordinate value.
PLTGEN,SCALING,IVLIN,,float,30,40,10,CORRECT,,,,0,,,0,,,"*** IVLIN is the horizontal (time) scale; that is, number of intervals (in
*** plot file) per inch on graph."
PLTGEN,SCALING,THRESH,,float,40,50,10,CORRECT,,,-1E+030,,,-1E+030,,,,"*** THRESH is the write threshhold value. If the value for any curve is
*** greater than the threshhold, a record is written to the plotfile."
RCHRES,ACID-FLAGS,OPNID,ACID,int,0,5,5,PROTECTED,,,,,,,,,,*** RCHRES to which these data apply.
RCHRES,ACID-FLAGS,OPNIDLAST,ACID,int,5,10,5,PROTECTED,,,,,,,,,,*** RCHRES to which these data apply.
RCHRES,ACID-FLAGS,ACFLAG1,ACID,int,10,15,5,CORRECT,,,3,1,3,3,1,3,,*** ACFLAG(1) determines the units of printout for the acid mine module.
RCHRES,ACID-FLAGS,ACFLAG2,ACID,int,15,20,5,CORRECT,,,4,1,4,4,1,4,,"*** ACFLAG(2) selects one four optional methods for the chemical simulation
*** used by the acid mine module."
RCHRES,ACID-FLAGS,ACFLAG3,ACID,int,20,25,5,CORRECT,,,1,1,5,1,1,5,,"*** ACFLAG(3) selects the Gibbsite solubility product used if chemical
*** simulation method 1 is used."
RCHRES,ACID-FLAGS,ACFLAG4,ACID,int,25,30,5,CORRECT,,,0,0,100,0,0,100,,*** ACFLAG(*) are option flags for the acid mine module.
RCHRES,ACID-FLAGS,ACFLAG5,ACID,int,30,35,5,CORRECT,,,0,0,100,0,0,100,,*** ACFLAG(*) are option flags for the acid mine module.
RCHRES,ACID-FLAGS,ACFLAG6,ACID,int,35,40,5,CORRECT,,,0,0,100,0,0,100,,*** ACFLAG(*) are option flags for the acid mine module.
RCHRES,ACID-FLAGS,ACFLAG7,ACID,int,40,45,5,CORRECT,,,0,0,100,0,0,100,,*** ACFLAG(*) are option flags for the acid mine module.
RCHRES,ACID-FLAGS,ACFLAG8,ACID,int,45,50,5,CORRECT,,,0,0,100,0,0,100,,*** ACFLAG(*) are option flags for the acid mine module.
RCHRES,ACID-FLAGS,ACFLAG9,ACID,int,50,55,5,CORRECT,,,0,0,100,0,0,100,,*** ACFLAG(*) are option flags for the acid mine module.
RCHRES,ACID-FLAGS,ACFLAG10,ACID,int,55,60,5,CORRECT,,,0,0,100,0,0,100,,*** ACFLAG(*) are option flags for the acid mine module.
RCHRES,ACID-FLAGS,ACFLAG11,ACID,int,60,65,5,CORRECT,,,0,0,100,0,0,100,,*** ACFLAG(*) are option flags for the acid mine module.
RCHRES,ACID-FLAGS,ACFLAG12,ACID,int,65,70,5,CORRECT,,,0,0,100,0,0,100,,*** ACFLAG(*) are option flags for the acid mine module.
RCHRES,ACID-FLAGS,ACFLAG13,ACID,int,70,75,5,CORRECT,,,0,0,100,0,0,100,,*** ACFLAG(*) are option flags for the acid mine module.
RCHRES,ACID-FLAGS,ACFLAG14,ACID,int,75,80,5,CORRECT,,,0,0,100,0,0,100,,*** ACFLAG(*) are option flags for the acid mine module.
RCHRES,ACID-INIT,OPNID,ACID,int,0,5,5,PROTECTED,,,,,,,,,,*** RCHRES to which these data apply.
RCHRES,ACID-INIT,OPNIDLAST,ACID,int,5,10,5,PROTECTED,,,,,,,,,,*** RCHRES to which these data apply.
RCHRES,ACID-INIT,ACCONC1,ACID,float,10,20,10,CORRECT,,,0,0,,0,0,,,"*** ACCONC(*) are the initial concentrations for the acid mine drainage
*** module."
RCHRES,ACID-INIT,ACCONC2,ACID,float,20,30,10,CORRECT,,,0,0,,0,0,,,"*** ACCONC(*) are the initial concentrations for the acid mine drainage
*** module."
RCHRES,ACID-INIT,ACCONC3,ACID,float,30,40,10,CORRECT,,,0,0,,0,0,,,"*** ACCONC(*) are the initial concentrations for the acid mine drainage
*** module."
RCHRES,ACID-INIT,ACCONC4,ACID,float,40,50,10,CORRECT,,,0,0,,0,0,,,"*** ACCONC(*) are the initial concentrations for the acid mine drainage
*** module."
RCHRES,ACID-INIT,ACCONC5,ACID,float,50,60,10,CORRECT,,,0,0,,0,0,,,"*** ACCONC(*) are the initial concentrations for the acid mine drainage
*** module."
RCHRES,ACID-INIT,ACCONC6,ACID,float,60,70,10,CORRECT,,,0,0,,0,0,,,"*** ACCONC(*) are the initial concentrations for the acid mine drainage
*** module."
RCHRES,ACID-INIT,ACCONC7,ACID,float,70,80,10,CORRECT,,,0,0,,0,0,,,"*** ACCONC(*) are the initial concentrations for the acid mine drainage
*** module."
RCHRES,ACID-PARMS,OPNID,ACID,int,0,5,5,PROTECTED,,,,,,,,,,*** RCHRES to which these data apply.
RCHRES,ACID-PARMS,OPNIDLAST,ACID,int,5,10,5,PROTECTED,,,,,,,,,,*** RCHRES to which these data apply.
RCHRES,ACID-PARMS,ACPARM1,ACID,float,10,20,10,CORRECT,,,1,0.0001,10,1,0.0001,10,,"*** ACPARM(1) is the ratio of actual CO2 concentration in the RCHRES to the
*** value that would occur in equilibrium with the atmosphere."
RCHRES,ACID-PARMS,ACPARM2,ACID,float,20,30,10,CORRECT,,,6.5E-32,1E-35,1E-25,6.5E-32,1E-35,1E-25,,"*** ACPARM(2) is the user specified Gibbsite solubility product; this value
*** is used if ACFLAG(2) = 5."
RCHRES,ACID-PARMS,ACPARM3,ACID,float,30,40,10,CORRECT,,,-1,-1,212,-1,-1,212,,"*** ACPARM(3) is a constant value of water temperature to be used by the
*** acid mine drainage module."
RCHRES,ACID-PARMS,ACPARM4,ACID,float,40,50,10,CORRECT,,,0.95,0.5,1,0.95,0.5,1,,"*** ACPARM(4) is the coefficient to predict the removal efficiency for
*** precipitated metals; used when ACFLAG(2)= 4."
RCHRES,ACID-PARMS,ACPARM5,ACID,float,50,60,10,CORRECT,,,2.5,1.5,3,2.5,1.5,3,,"*** ACPARM(5) is the coefficient that adjusts the remaining metal concentration
*** that resists precipitation; used when ACFLAG(2)= 4."
RCHRES,ACID-PARMS,ACPARM6,ACID,float,60,70,10,CORRECT,,,0,0,,0,0,,,*** ACPARM(*) are parameters for the acid mine drainage module.
RCHRES,ACID-PARMS,ACPARM7,ACID,float,70,80,10,CORRECT,,,0,0,,0,0,,,*** ACPARM(*) are parameters for the acid mine drainage module.
RCHRES,ACTIVITY,OPNID,GENERAL,int,0,5,5,PROTECTED,,,,,,,,,,*** RCHRES to which these data apply.
RCHRES,ACTIVITY,OPNIDLAST,GENERAL,int,5,10,5,PROTECTED,,,,,,,,,,*** RCHRES to which these data apply.
RCHRES,ACTIVITY,HYDR,GENERAL,int,10,15,5,CORRECT,,,0,0,1,0,0,1,,*** Value of 1 indicates section HYDR is active.
RCHRES,ACTIVITY,ADCALC,GENERAL,int,15,20,5,CORRECT,,,0,0,2,0,0,2,,*** Value of 1 or 2 indicates section ADCALC is active.
RCHRES,ACTIVITY,CONS,GENERAL,int,20,25,5,CORRECT,,,0,0,1,0,0,1,,*** Value of 1 indicates section CONS is active.
RCHRES,ACTIVITY,HTRCH,GENERAL,int,25,30,5,CORRECT,,,0,0,1,0,0,1,,*** Value of 1 indicates section HTRCH is active.
RCHRES,ACTIVITY,SEDFG,GENERAL,int,30,35,5,CORRECT,,,0,0,1,0,0,1,,*** Value of 1 indicates section SEDTRN is active.
RCHRES,ACTIVITY,GQUAL,GENERAL,int,35,40,5,CORRECT,,,0,0,1,0,0,1,,*** Value of 1 indicates section GQUAL is active.
RCHRES,ACTIVITY,OXRX,GENERAL,int,40,45,5,CORRECT,,,0,0,1,0,0,1,,*** Value of 1 indicates section OXRX is active.
RCHRES,ACTIVITY,NUTRX,GENERAL,int,45,50,5,CORRECT,,,0,0,1,0,0,1,,*** Value of 1 indicates section NUTRX is active.
RCHRES,ACTIVITY,PLANK,GENERAL,int,50,55,5,CORRECT,,,0,0,1,0,0,1,,*** Value of 1 indicates section PLANK is active.
RCHRES,ACTIVITY,PHCARB,GENERAL,int,55,60,5,CORRECT,,,0,0,3,0,0,3,,"*** Value of 1 indicates section PHCARB is active. Value of 2 indicates
*** section ACIDPH is active. Value of 3 indicates both sections are
*** active."
RCHRES,ADCALC-DATA,OPNID,ADCALC,int,0,5,5,PROTECTED,,,,,,,,,,*** RCHRES to which these data apply.
RCHRES,ADCALC-DATA,OPNIDLAST,ADCALC,int,5,10,5,PROTECTED,,,,,,,,,,*** RCHRES to which these data apply.
RCHRES,ADCALC-DATA,CRRAT,ADCALC,float,10,20,10,CORRECT,,,1.5,1,,1.5,1,,,"*** CRRAT is the ratio of maximum velocity to mean velocity in the RCHRES
*** cross section under typical flow conditions."
RCHRES,ADCALC-DATA,VOL,ADCALC,float,20,30,10,CORRECT,,,0,0,,0,0,,,"*** VOL is the volume of water in the RCHRES at the start of the simulation.
*** Input of this value is not necessary if section HYDR is active."
RCHRES,BED-INIT,OPNID,SEDTRN,int,0,5,5,PROTECTED,,,,,,,,,,*** RCHRES to which these data apply.
RCHRES,BED-INIT,OPNIDLAST,SEDTRN,int,5,10,5,PROTECTED,,,,,,,,,,*** RCHRES to which these data apply.
RCHRES,BED-INIT,BEDDEP,SEDTRN,float,10,20,10,CORRECT,,,0,0,,0,0,,,*** BEDDEP is the initial total depth (thickness) of the bed.
RCHRES,BED-INIT,SANDFR,SEDTRN,float,20,30,10,CORRECT,,,1,0.0001,1,1,0.0001,1,,"*** The initial fraction (by weight) of sand in the bed material The sum of
*** the three fractions must be 1. 00."
RCHRES,BED-INIT,SILTFR,SEDTRN,float,30,40,10,CORRECT,,,0,0,0.9999,0,0,0.9999,,"*** The initial fraction (by weight) of silt in the bed material The sum of
*** the three fractions must be 1. 00."
RCHRES,BED-INIT,CLAYFR,SEDTRN,float,40,50,10,CORRECT,,,0,0,0.9999,0,0,0.9999,,"*** The initial fraction (by weight) of clay in the bed material The sum of
*** the three fractions must be 1. 00."
RCHRES,BENAL-FLAGS,OPNID,PLANK,int,0,5,5,PROTECTED,,,,,,,,,,*** RCHRES to which these data apply.
RCHRES,BENAL-FLAGS,OPNIDLAST,PLANK,int,5,10,5,PROTECTED,,,,,,,,,,*** RCHRES to which these data apply.
RCHRES,BENAL-FLAGS,NUMBAL,PLANK,int,10,15,5,CORRECT,,,0,0,4,0,0,4,,"*** NUMBAL is the number of benthic algae species simulated when BALFG=2 in
*** PLNK-FLAGS"
RCHRES,BENAL-FLAGS,BINVFG,PLANK,int,15,20,5,CORRECT,,,1,1,3,1,1,3,,"*** BINVFG indicates the source of benthal invertebrate data; 1 means a time
*** series (either input or computed), 2 means a constant value, and 3 means
*** twelve monthly values."
RCHRES,BENAL-FLAGS,BFIXFG1,PLANK,int,20,25,5,CORRECT,,,0,0,1,0,0,1,,"*** BFIXFG1: Value of 1 specifies that the first benthic algae species fixes
*** nitrogen, so that growth is not nitrogen limited"
RCHRES,BENAL-FLAGS,BFIXFG2,PLANK,int,25,30,5,CORRECT,,,0,0,1,0,0,1,,"*** BFIXFG2: Value of 1 specifies that the second benthic algae species
*** fixes nitrogen, so that growth is not nitrogen limited"
RCHRES,BENAL-FLAGS,BFIXFG3,PLANK,int,30,35,5,CORRECT,,,0,0,1,0,0,1,,"*** BFIXFG3: Value of 1 specifies that the third benthic algae species fixes
*** nitrogen, so that growth is not nitrogen limited"
RCHRES,BENAL-FLAGS,BFIXFG4,PLANK,int,35,40,5,CORRECT,,,0,0,1,0,0,1,,"*** BFIXFG4: Value of 1 specifies that the fourth benthic algae species
*** fixes nitrogen, so that growth is not nitrogen limited"
RCHRES,BENAL-GRAZE,OPNID,PLANK,int,0,5,5,PROTECTED,,,,,,,,,,*** RCHRES to which these data apply.
RCHRES,BENAL-GRAZE,OPNIDLAST,PLANK,int,5,10,5,PROTECTED,,,,,,,,,,*** RCHRES to which these data apply.
RCHRES,BENAL-GRAZE,CREMVL,PLANK,float,10,20,10,CORRECT,,,0.05,0.000001,,0.05,0.000001,,,*** CREMVL is the coefficient for grazing rate by invertebrates
RCHRES,BENAL-GRAZE,CMMBI,PLANK,float,20,30,10,CORRECT,,,0.05,0.000001,,0.05,0.000001,,,"*** CMMBI is the Michaelis-Menton half-saturation constant for grazing by
*** invertebrates"
RCHRES,BENAL-GRAZE,BINV,PLANK,float,30,40,10,CORRECT,,,0,0,,0,0,,,"*** BINV is the constant value of biomass of grazing invertebrates in the
*** reach if BINVFG=2."
RCHRES,BENAL-GRAZE,TCGRAZ,PLANK,float,40,50,10,CORRECT,,,1,1,2,1,1,2,,*** TCGRAZ is the temperature correction factor for invertebrate grazing.
RCHRES,BENAL-GROW,OPNID,PLANK,int,0,5,5,PROTECTED,,,,,,,,,,*** RCHRES to which these data apply.
RCHRES,BENAL-GROW,OPNIDLAST,PLANK,int,5,10,5,PROTECTED,,,,,,,,,,*** RCHRES to which these data apply.
RCHRES,BENAL-GROW,MBALGR,PLANK,float,10,20,10,CORRECT,,,0.3,0.000001,,0.3,0.000001,,,"*** MBALGR is the maximum benthic algae base growth rate for each species if
*** BALFG=2."
RCHRES,BENAL-GROW,TCBALG,PLANK,float,20,30,10,CORRECT,,,1.07,1,2,1.07,1,2,,"*** TCBALG is the temperature correction coefficient for growth for each
*** benthic algae species if BALFG=2."
RCHRES,BENAL-GROW,CMMNB,PLANK,float,30,40,10,CORRECT,,,0.045,0,,0.045,0,,,"*** CMMNB is the Michaelis-Menton half-saturation constant for nitrogen
*** limited growth for each species if BALFG=2. If the value is zero, then
*** growth is not limited (i. e. this species fixes nitrogen)."
RCHRES,BENAL-GROW,CMMPB,PLANK,float,40,50,10,CORRECT,,,0.015,0.000001,,0.015,0.000001,,,"*** CMMPB is the Michaelis-Menton half-saturation constant for phosphorus
*** limited growth for each species if BALFG=2."
RCHRES,BENAL-GROW,CMMD1,PLANK,float,50,60,10,CORRECT,,,0.1,0.000001,,0.1,0.000001,,,"*** CMMD1 is the coefficient for total benthic algae density in the
*** density-limited growth equation for each species if BALFG=2"
RCHRES,BENAL-GROW,CMMD2,PLANK,float,60,70,10,CORRECT,,,100,0.000001,,100,0.000001,,,"*** CMMD2 is the Michaelis-Menton half-saturation constant for density-limited
*** growth for each species if BALFG=2."
RCHRES,BENAL-GROW,CSLIT,PLANK,float,70,80,10,CORRECT,,,250,0.000001,,250,0.000001,,,*** CSLIT is the saturation light level for each species if BALFG=2.
RCHRES,BENAL-INIT,OPNID,PLANK,int,0,5,5,PROTECTED,,,,,,,,,,*** RCHRES to which these data apply.
RCHRES,BENAL-INIT,OPNIDLAST,PLANK,int,5,10,5,PROTECTED,,,,,,,,,,*** RCHRES to which these data apply.
RCHRES,BENAL-INIT,BENAL1,PLANK,float,10,20,10,CORRECT,,,0,0,,0,0,,,"*** BENAL(1) is the initial value of the first species of benthic algae, as
*** biomass."
RCHRES,BENAL-INIT,BENAL4,PLANK,float,20,30,10,CORRECT,,,0,0,,0,0,,,"*** BENAL(4) is the initial value of the fourth species of benthic algae, as
*** biomass."
RCHRES,BENAL-INIT,BENAL2,PLANK,float,30,40,10,CORRECT,,,0,0,,0,0,,,"*** BENAL(2) is the initial value of the second species of benthic algae, as
*** biomass."
RCHRES,BENAL-INIT,BENAL3,PLANK,float,40,50,10,CORRECT,,,0,0,,0,0,,,"*** BENAL(3) is the initial value of the third species of benthic algae, as
*** biomass."
RCHRES,BENAL-LIGHT,OPNID,PLANK,int,0,5,5,PROTECTED,,,,,,,,,,*** RCHRES to which these data apply.
RCHRES,BENAL-LIGHT,OPNIDLAST,PLANK,int,5,10,5,PROTECTED,,,,,,,,,,*** RCHRES to which these data apply.
RCHRES,BENAL-LIGHT,CTRBQ1,PLANK,float,10,20,10,CORRECT,,,0,0,,0,0,,,*** CTRBQ1
RCHRES,BENAL-LIGHT,CTRBQ2,PLANK,float,20,30,10,CORRECT,,,1,,,1,,,,*** CTRBQ2
RCHRES,BENAL-LIGHT,CKTRB1,PLANK,float,30,40,10,CORRECT,,,0,0,,0,0,,,*** CKTRB1
RCHRES,BENAL-LIGHT,CKTRB2,PLANK,float,40,50,10,CORRECT,,,1,,,1,,,,*** CKTRB2
RCHRES,BENAL-PARM,OPNID,PLANK,int,0,5,5,PROTECTED,,,,,,,,,,*** RCHRES to which these data apply.
RCHRES,BENAL-PARM,OPNIDLAST,PLANK,int,5,10,5,PROTECTED,,,,,,,,,,*** RCHRES to which these data apply.
RCHRES,BENAL-PARM,MBAL,PLANK,float,10,20,10,CORRECT,,,600,0.01,,600,0.01,,,*** MBAL is the maximum benthic algae density (as biomass) if BALFG=1.
RCHRES,BENAL-PARM,CFBALR,PLANK,float,20,30,10,CORRECT,,,1,0.01,1,1,0.01,1,,"*** CFBALR is the ratio of benthic algal to phytoplankton respiration if
*** BALFG=1."
RCHRES,BENAL-PARM,CFBALG,PLANK,float,30,40,10,CORRECT,,,1,0.01,1,1,0.01,1,,"*** CFBALG is the ratio of benthic algal to phytoplankton growth rate if
*** BALFG=1."
RCHRES,BENAL-PARM,MINBAL,PLANK,float,40,50,10,CORRECT,,,0.0001,0.000001,,0.0001,0.000001,,,"*** MINBAL is the minimum combined benthic algae density (as biomass) if
*** BALFG=2."
RCHRES,BENAL-PARM,CAMPR,PLANK,float,50,60,10,CORRECT,,,0.001,0.000001,,0.001,0.000001,,,"*** CAMPR is the Michaelis-Menton half-saturation constant for ammonia in
*** the nitrogen preference equation for benthic algae if BALFG=2."
RCHRES,BENAL-PARM,FRAVL,PLANK,float,60,70,10,CORRECT,,,0,0,1,0,0,1,,"*** FRAVL is the fraction of benthic algae death and scour that is
*** immediately available as inorganic nutrients, plus refractory organics."
RCHRES,BENAL-PARM,NMAXFX,PLANK,float,70,80,10,CORRECT,,,10,0,,10,0,,,"*** NMAXFX is the level of dissolved inorganic nitrogen concentration (NO3
*** plus TAM if simulated) above which nitrogen fixation will not occur."
RCHRES,BENAL-RESSCR,OPNID,PLANK,int,0,5,5,PROTECTED,,,,,,,,,,*** RCHRES to which these data apply.
RCHRES,BENAL-RESSCR,OPNIDLAST,PLANK,int,5,10,5,PROTECTED,,,,,,,,,,*** RCHRES to which these data apply.
RCHRES,BENAL-RESSCR,BALR20,PLANK,float,10,20,10,CORRECT,,,0.004,0.000001,,0.004,0.000001,,,"*** BALR20 is the benthic algae respiration rate at 20 C for each species if
*** BALFG=2."
RCHRES,BENAL-RESSCR,TCBALR,PLANK,float,20,30,10,CORRECT,,,1.07,1,2,1.07,1,2,,"*** TCBALR is the temperature correction coefficient for respiration for
*** each benthic algae species if BALFG=2."
RCHRES,BENAL-RESSCR,CSLOF1,PLANK,float,30,40,10,CORRECT,,,0.0007,0.000001,,0.0007,0.000001,,,"*** CSLOF1 is the coefficient in the benthic algae scour equation for each
*** benthic algae species if BALFG=2."
RCHRES,BENAL-RESSCR,CSLOF2,PLANK,float,40,50,10,CORRECT,,,0.0007,0.000001,2,0.0007,0.000001,2,,"*** CSLOF2 is the coefficient for velocity in the exponent in the benthic
*** algae scour equation for each benthic algae species if BALFG=2."
RCHRES,BENAL-RESSCR,GRORES,PLANK,float,50,60,10,CORRECT,,,0.075,0,1,0.075,0,1,,"*** GRORES is the fraction of photorespiration required to support growth
*** and photosynthesis for each benthic algae species if BALFG=2."
RCHRES,BENAL-RIFF1,OPNID,PLANK,int,0,5,5,PROTECTED,,,,,,,,,,*** RCHRES to which these data apply.
RCHRES,BENAL-RIFF1,OPNIDLAST,PLANK,int,5,10,5,PROTECTED,,,,,,,,,,*** RCHRES to which these data apply.
RCHRES,BENAL-RIFF1,FRRIF,PLANK,float,10,20,10,CORRECT,,,1,0.01,1,1,0.01,1,,"*** FRRIF is the fraction of the reach that is composed of riffles where
*** benthic algae can grow."
RCHRES,BENAL-RIFF1,CMMV,PLANK,float,20,30,10,CORRECT,,,1,0.000001,,1,0.000001,,,"*** CMMV is the Michaelis-Menton half-saturation constant for riffle
*** velocity in the nutrient availability equation."
RCHRES,BENAL-RIFF1,RIFCQ1,PLANK,float,30,40,10,CORRECT,,,0,0,,0,0,,,"*** RIFCQ1 is the first critical flow level for riffle velocity and average
*** depth."
RCHRES,BENAL-RIFF1,RIFCQ2,PLANK,float,40,50,10,CORRECT,,,0,0,,0,0,,,"*** RIFCQ2 is the second critical flow level for riffle velocity and average
*** depth."
RCHRES,BENAL-RIFF1,RIFCQ3,PLANK,float,50,60,10,CORRECT,,,0,0,,0,0,,,"*** RIFCQ3 is the third critical flow level for riffle velocity and average
*** depth."
RCHRES,BENAL-RIFF2,OPNID,PLANK,int,0,5,5,PROTECTED,,,,,,,,,,*** RCHRES to which these data apply.
RCHRES,BENAL-RIFF2,OPNIDLAST,PLANK,int,5,10,5,PROTECTED,,,,,,,,,,*** RCHRES to which these data apply.
RCHRES,BENAL-RIFF2,RIFVF1,PLANK,float,10,18,8,CORRECT,,,1,1,,1,1,,,"*** RIFVEL(1) is the riffle velocity multiplier below the first critical
*** flow value RIFCQ1"
RCHRES,BENAL-RIFF2,RIFVF2,PLANK,float,18,26,8,CORRECT,,,1,1,,1,1,,,"*** RIFVEL(2) is the riffle velocity multiplier below the second critical
*** flow value RIFCQ2"
RCHRES,BENAL-RIFF2,RIFVF3,PLANK,float,26,34,8,CORRECT,,,1,1,,1,1,,,"*** RIFVEL(3) is the riffle velocity multiplier below the third critical
*** flow value RIFCQ3"
RCHRES,BENAL-RIFF2,RIFVF4,PLANK,float,34,42,8,CORRECT,,,1,1,,1,1,,,"*** RIFVEL(4) is the riffle velocity multiplier above the third critical
*** flow value RIFCQ3"
RCHRES,BENAL-RIFF2,RIFDF1,PLANK,float,42,50,8,CORRECT,,,1,0.000001,1,1,0.000001,1,,"*** RIFDEP(1) is the riffle depth multiplier below the first critical flow
*** value RIFCQ1"
RCHRES,BENAL-RIFF2,RIFDF2,PLANK,float,50,58,8,CORRECT,,,1,0.000001,1,1,0.000001,1,,"*** RIFDEP(2) is the riffle depth multiplier below the second critical flow
*** value RIFCQ2"
RCHRES,BENAL-RIFF2,RIFDF3,PLANK,float,58,66,8,CORRECT,,,1,0.000001,1,1,0.000001,1,,"*** RIFDEP(3) is the riffle depth multiplier below the third critical flow
*** value RIFCQ3"
RCHRES,BENAL-RIFF2,RIFDF4,PLANK,float,66,74,8,CORRECT,,,1,0.000001,1,1,0.000001,1,,"*** RIFDEP(4) is the riffle depth multiplier above the third critical flow
*** value RIFCQ3"
RCHRES,BENTH-FLAG,OPNID,GQUAL,int,0,5,5,PROTECTED,,,,,,,,,,*** RCHRES to which these data apply.
RCHRES,BENTH-FLAG,OPNIDLAST,GQUAL,int,5,10,5,PROTECTED,,,,,,,,,,*** RCHRES to which these data apply.
RCHRES,BENTH-FLAG,BENRFG,GQUAL,int,10,15,5,CORRECT,,,0,0,1,0,0,1,,*** BENRFG: value of 1 means benthal influences are considered.
RCHRES,BINARY-INFO,OPNID,GENERAL,int,0,5,5,PROTECTED,,,,,,,,,,*** RCHRES to which these data apply.
RCHRES,BINARY-INFO,OPNIDLAST,GENERAL,int,5,10,5,PROTECTED,,,,,,,,,,*** RCHRES to which these data apply.
RCHRES,BINARY-INFO,HYDR,GENERAL,int,10,15,5,CORRECT,,,4,2,6,4,2,6,,*** Output level for section HYDR.
RCHRES,BINARY-INFO,ADCALC,GENERAL,int,15,20,5,CORRECT,,,4,2,6,4,2,6,,*** Output level for section ADCALC.
RCHRES,BINARY-INFO,CONS,GENERAL,int,20,25,5,CORRECT,,,4,2,6,4,2,6,,*** Output level for section CONS.
RCHRES,BINARY-INFO,HTRCH,GENERAL,int,25,30,5,CORRECT,,,4,2,6,4,2,6,,*** Output level for section HTRCH.
RCHRES,BINARY-INFO,SEDTRN,GENERAL,int,30,35,5,CORRECT,,,4,2,6,4,2,6,,*** Output level for section SEDTRN.
RCHRES,BINARY-INFO,GQUAL,GENERAL,int,35,40,5,CORRECT,,,4,2,6,4,2,6,,*** Output level for section GQUAL.
RCHRES,BINARY-INFO,OXRX,GENERAL,int,40,45,5,CORRECT,,,4,2,6,4,2,6,,*** Output level for section OXRX.
RCHRES,BINARY-INFO,NUTRX,GENERAL,int,45,50,5,CORRECT,,,4,2,6,4,2,6,,*** Output level for section NUTRX.
RCHRES,BINARY-INFO,PLANK,GENERAL,int,50,55,5,CORRECT,,,4,2,6,4,2,6,,*** Output level for section PLANK.
RCHRES,BINARY-INFO,PHCARB,GENERAL,int,55,60,5,CORRECT,,,4,2,6,4,2,6,,*** Output level for sections PHCARB and ACIDPH.
RCHRES,BINARY-INFO,PIVLPR,GENERAL,int,60,65,5,CORRECT,,,1,1,1440,1,1,1440,,"*** A value need only be supplied for PIVL if one or more sections have a
*** output level of 2. For those sections, output will occur every PIVL
*** intervals (that is, every PDELT=PIVL*DELT mins). PIVL must be chosen
*** such that there are an integer no. of PDELT periods in a day."
RCHRES,BINARY-INFO,PYREND,GENERAL,int,65,70,5,CORRECT,,,9,1,12,9,1,12,,"*** PYREND is the calendar month which will terminate the year for output
*** purposes. Thus, the annual summary can reflect the situation over the
*** past water year or the past calendar year, etc."
RCHRES,CONDUIT-PARM,OPNID,DYNAMIC,int,0,5,5,PROTECTED,,,,,,,,,,*** RCHRES to which these data apply.
RCHRES,CONDUIT-PARM,OPNIDLAST,DYNAMIC,int,5,10,5,PROTECTED,,,,,,,,,,*** RCHRES to which these data apply.
RCHRES,CONDUIT-PARM,FNODE,DYNAMIC,string,11,15,4,,,,,,,,,,,*** Starting node id for this conduit.
RCHRES,CONDUIT-PARM,TNODE,DYNAMIC,string,16,20,4,,,,,,,,,,,*** Ending node id for this conduit.
RCHRES,CONDUIT-PARM,CLEN,DYNAMIC,float,20,30,10,CORRECT,,,0,0,,0,0,,,*** Length of this conduit.
RCHRES,CONDUIT-PARM,CMANN,DYNAMIC,float,30,40,10,CORRECT,,,0.1,0.001,1,0.1,0.001,1,,*** Manning's n for this conduit.
RCHRES,CONDUIT-PARM,COFF1,DYNAMIC,float,40,50,10,CORRECT,,,0,0,,0,0,,,*** Inlet offset for this conduit.
RCHRES,CONDUIT-PARM,COFF2,DYNAMIC,float,50,60,10,CORRECT,,,0,0,,0,0,,,*** Outlet offset for this conduit.
RCHRES,CONDUIT-PARM,CINIT,DYNAMIC,float,60,70,10,CORRECT,,,0,0,,0,0,,,*** Initial flow for this conduit.
RCHRES,CONDUIT-XS,OPNID,DYNAMIC,int,0,5,5,PROTECTED,,,,,,,,,,*** RCHRES to which these data apply.
RCHRES,CONDUIT-XS,OPNIDLAST,DYNAMIC,int,5,10,5,PROTECTED,,,,,,,,,,*** RCHRES to which these data apply.
RCHRES,CONDUIT-XS,CTYPE,DYNAMIC,string,10,30,20,CORRECT,,,,,,,,,,*** Type of cross-section. Valid values include:
RCHRES,CONDUIT-XS,GEOM1,DYNAMIC,float,30,40,10,CORRECT,,,0,0,,0,0,,,*** GEOM1 is the first geometry parameter.
RCHRES,CONDUIT-XS,GEOM2,DYNAMIC,float,40,50,10,CORRECT,,,0,0,,0,0,,,*** GEOM2 is the first geometry parameter.
RCHRES,CONDUIT-XS,GEOM3,DYNAMIC,float,50,60,10,CORRECT,,,0,0,,0,0,,,*** GEOM3 is the first geometry parameter.
RCHRES,CONDUIT-XS,GEOM4,DYNAMIC,float,60,70,10,CORRECT,,,0,0,,0,0,,,*** GEOM4 is the first geometry parameter.
RCHRES,CONS-AD-FLAGS,OPNID,CONS,int,0,5,5,PROTECTED,,,,,,,,,,*** RCHRES to which these data apply.
RCHRES,CONS-AD-FLAGS,OPNIDLAST,CONS,int,5,10,5,PROTECTED,,,,,,,,,,*** RCHRES to which these data apply.
RCHRES,CONS-AD-FLAGS,COADFG1,CONS,int,11,14,3,CORRECT,-999,,0,-1,999,0,-1,999,,"*** Value of 0 indicates that atmospheric deposition flux of conservative
*** constituent #1 is either absent or is supplied as a direct time series
*** as COADFX. A value greater than 0 indicates the index number of the
*** MONTH-DATA block to be used to supply atmospheric deposition data.
*** _PNAME COADFG(1)"
RCHRES,CONS-AD-FLAGS,COADFG2,CONS,int,14,18,4,CORRECT,-999,,0,-1,999,0,-1,999,,"*** Value of 0 indicates that concentration of conservative constituent #1
*** in precipitation is either absent or is supplied as a direct time series
*** as COADCN. A value greater than 0 indicates the index number of the
*** MONTH-DATA block to be used to supply atmospheric deposition data.
*** _PNAME COADFG(2)"
RCHRES,CONS-AD-FLAGS,COADFG3,CONS,int,18,21,3,CORRECT,-999,,0,-1,999,0,-1,999,,"*** Value of 0 indicates that atmospheric deposition flux of conservative
*** constituent #2 is either absent or is supplied as a direct time series
*** as COADFX. A value greater than 0 indicates the index number of the
*** MONTH-DATA block to be used to supply atmospheric deposition data.
*** _PNAME COADFG(3)"
RCHRES,CONS-AD-FLAGS,COADFG4,CONS,int,21,25,4,CORRECT,-999,,0,-1,999,0,-1,999,,"*** Value of 0 indicates that concentration of conservative constituent #2
*** in precipitation is either absent or is supplied as a direct time series
*** as COADCN. A value greater than 0 indicates the index number of the
*** MONTH-DATA block to be used to supply atmospheric deposition data.
*** _PNAME COADFG(4)"
RCHRES,CONS-AD-FLAGS,COADFG5,CONS,int,25,28,3,CORRECT,-999,,0,-1,999,0,-1,999,,"*** Value of 0 indicates that atmospheric deposition flux of conservative
*** constituent #3 is either absent or is supplied as a direct time series
*** as COADFX. A value greater than 0 indicates the index number of the
*** MONTH-DATA block to be used to supply atmospheric deposition data.
*** _PNAME COADFG(5)"
RCHRES,CONS-AD-FLAGS,COADFG6,CONS,int,28,32,4,CORRECT,-999,,0,-1,999,0,-1,999,,"*** Value of 0 indicates that concentration of conservative constituent #3
*** in precipitation is either absent or is supplied as a direct time series
*** as COADCN. A value greater than 0 indicates the index number of the
*** MONTH-DATA block to be used to supply atmospheric deposition data.
*** _PNAME COADFG(6)"
RCHRES,CONS-AD-FLAGS,COADFG7,CONS,int,32,35,3,CORRECT,-999,,0,-1,999,0,-1,999,,"*** Value of 0 indicates that atmospheric deposition flux of conservative
*** constituent #4 is either absent or is supplied as a direct time series
*** as COADFX. A value greater than 0 indicates the index number of the
*** MONTH-DATA block to be used to supply atmospheric deposition data.
*** _PNAME COADFG(7)"
RCHRES,CONS-AD-FLAGS,COADFG8,CONS,int,35,39,4,CORRECT,-999,,0,-1,999,0,-1,999,,"*** Value of 0 indicates that concentration of conservative constituent #4
*** in precipitation is either absent or is supplied as a direct time series
*** as COADCN. A value greater than 0 indicates the index number of the
*** MONTH-DATA block to be used to supply atmospheric deposition data.
*** _PNAME COADFG(8)"
RCHRES,CONS-AD-FLAGS,COADFG9,CONS,int,39,42,3,CORRECT,-999,,0,-1,999,0,-1,999,,"*** Value of 0 indicates that atmospheric deposition flux of conservative
*** constituent #5 is either absent or is supplied as a direct time series
*** as COADFX. A value greater than 0 indicates the index number of the
*** MONTH-DATA block to be used to supply atmospheric deposition data.
*** _PNAME COADFG(9)"
RCHRES,CONS-AD-FLAGS,COADFG10,CONS,int,42,46,4,CORRECT,-999,,0,-1,999,0,-1,999,,"*** Value of 0 indicates that concentration of conservative constituent #5
*** in precipitation is either absent or is supplied as a direct time series
*** as COADCN. A value greater than 0 indicates the index number of the
*** MONTH-DATA block to be used to supply atmospheric deposition data.
*** _PNAME COADFG(10)"
RCHRES,CONS-AD-FLAGS,COADFG11,CONS,int,46,49,3,CORRECT,-999,,0,-1,999,0,-1,999,,"*** Value of 0 indicates that atmospheric deposition flux of conservative
*** constituent #6 is either absent or is supplied as a direct time series
*** as COADFX. A value greater than 0 indicates the index number of the
*** MONTH-DATA block to be used to supply atmospheric deposition data.
*** _PNAME COADFG(11)"
RCHRES,CONS-AD-FLAGS,COADFG12,CONS,int,49,53,4,CORRECT,-999,,0,-1,999,0,-1,999,,"*** Value of 0 indicates that concentration of conservative constituent #6
*** in precipitation is either absent or is supplied as a direct time series
*** as COADCN. A value greater than 0 indicates the index number of the
*** MONTH-DATA block to be used to supply atmospheric deposition data.
*** _PNAME COADFG(12)"
RCHRES,CONS-AD-FLAGS,COADFG13,CONS,int,53,56,3,CORRECT,-999,,0,-1,999,0,-1,999,,"*** Value of 0 indicates that atmospheric deposition flux of conservative
*** constituent #7 is either absent or is supplied as a direct time series
*** as COADFX. A value greater than 0 indicates the index number of the
*** MONTH-DATA block to be used to supply atmospheric deposition data.
*** _PNAME COADFG(13)"
RCHRES,CONS-AD-FLAGS,COADFG14,CONS,int,56,60,4,CORRECT,-999,,0,-1,999,0,-1,999,,"*** Value of 0 indicates that concentration of conservative constituent #7
*** in precipitation is either absent or is supplied as a direct time series
*** as COADCN. A value greater than 0 indicates the index number of the
*** MONTH-DATA block to be used to supply atmospheric deposition data.
*** _PNAME COADFG(14)"
RCHRES,CONS-AD-FLAGS,COADFG15,CONS,int,60,63,3,CORRECT,-999,,0,-1,999,0,-1,999,,"*** Value of 0 indicates that atmospheric deposition flux of conservative
*** constituent #8 is either absent or is supplied as a direct time series
*** as COADFX. A value greater than 0 indicates the index number of the
*** MONTH-DATA block to be used to supply atmospheric deposition data.
*** _PNAME COADFG(15)"
RCHRES,CONS-AD-FLAGS,COADFG16,CONS,int,63,67,4,CORRECT,-999,,0,-1,999,0,-1,999,,"*** Value of 0 indicates that concentration of conservative constituent #8
*** in precipitation is either absent or is supplied as a direct time series
*** as COADCN. A value greater than 0 indicates the index number of the
*** MONTH-DATA block to be used to supply atmospheric deposition data.
*** _PNAME COADFG(16)"
RCHRES,CONS-AD-FLAGS,COADFG17,CONS,int,67,70,3,CORRECT,-999,,0,-1,999,0,-1,999,,"*** Value of 0 indicates that atmospheric deposition flux of conservative
*** constituent #9 is either absent or is supplied as a direct time series
*** as COADFX. A value greater than 0 indicates the index number of the
*** MONTH-DATA block to be used to supply atmospheric deposition data.
*** _PNAME COADFG(17)"
RCHRES,CONS-AD-FLAGS,COADFG18,CONS,int,70,74,4,CORRECT,-999,,0,-1,999,0,-1,999,,"*** Value of 0 indicates that concentration of conservative constituent #9
*** in precipitation is either absent or is supplied as a direct time series
*** as COADCN. A value greater than 0 indicates the index number of the
*** MONTH-DATA block to be used to supply atmospheric deposition data.
*** _PNAME COADFG(18)"
RCHRES,CONS-AD-FLAGS,COADFG19,CONS,int,74,77,3,CORRECT,-999,,0,-1,999,0,-1,999,,"*** Value of 0 indicates that atmospheric deposition flux of conservative
*** constituent #10 is either absent or is supplied as a direct time series
*** as COADFX. A value greater than 0 indicates the index number of the
*** MONTH-DATA block to be used to supply atmospheric deposition data.
*** _PNAME COADFG(19)"
RCHRES,CONS-AD-FLAGS,COADFG20,CONS,int,77,80,3,CORRECT,-999,,0,-1,999,0,-1,999,,"*** Value of 0 indicates that concentration of conservative constituent #10
*** in precipitation is either absent or is supplied as a direct time series
*** as COADCN. A value greater than 0 indicates the index number of the
*** MONTH-DATA block to be used to supply atmospheric deposition data.
*** _PNAME COADFG(20)"
RCHRES,CONS-DATA,OPNID,CONS,int,0,5,5,PROTECTED,,,,,,,,,,*** RCHRES to which these data apply.
RCHRES,CONS-DATA,OPNIDLAST,CONS,int,5,10,5,PROTECTED,,,,,,,,,,*** RCHRES to which these data apply.
RCHRES,CONS-DATA,CONID,CONS,string,10,30,20,CORRECT,,,,,,,,,,"*** Any string of up to 20 characters may be supplied as the name of the
*** conservative constituent."
RCHRES,CONS-DATA,CON,CONS,float,30,40,10,CORRECT,,,0,0,,0,0,,,*** CON is the initial concentration of the conservative.
RCHRES,CONS-DATA,CONCID,CONS,string,42,50,8,CORRECT,,,,,,,,,,"*** CONCID is a string of up to 8 characters which specifies the concentration
*** units for the conservative constituent."
RCHRES,CONS-DATA,CONV,CONS,float,50,60,10,CORRECT,,,,1E-30,,,1E-30,,,"*** CONV is the conversion factor from QTYID/VOL to the desired concentration
*** units (CONCID): CONC = CONV*(QTY/VOL). If UUNITS is 1, VOL is in ft3; if
*** it is 2, VOL is in m3."
RCHRES,CONS-DATA,QTYID,CONS,string,62,70,8,CORRECT,,,,,,,,,,"*** QTYID is a string of up to 8 characters which specifies the units in
*** which the total flow of constituent into, or out of, the RCHRES will be
*** expressed, eg ""kg""."
RCHRES,CONV-VAL1,OPNID,NUTRX,int,0,5,5,PROTECTED,,,,,,,,,,*** RCHRES to which these data apply.
RCHRES,CONV-VAL1,OPNIDLAST,NUTRX,int,5,10,5,PROTECTED,,,,,,,,,,*** RCHRES to which these data apply.
RCHRES,CONV-VAL1,CVBO,NUTRX,float,10,20,10,CORRECT,,,1.98,1,5,1.98,1,5,,*** CVBO is the conversion from milligrams biomass to milligrams oxygen.
RCHRES,CONV-VAL1,CVBPC,NUTRX,float,20,30,10,CORRECT,,,106,50,200,106,50,200,,"*** CVBPC is the conversion from biomass expressed as phosphorus to carbon
*** equivalency."
RCHRES,CONV-VAL1,CVBPN,NUTRX,float,30,40,10,CORRECT,,,16,10,50,16,10,50,,"*** CVBPN is the conversion from biomass expressed as phosphorus to nitrogen
*** equivalency."
RCHRES,CONV-VAL1,BPCNTC,NUTRX,float,40,50,10,CORRECT,,,49,10,100,49,10,100,,"*** BPCNTC is the percentage, by weight, of biomass which is carbon."
RCHRES,DW-POLLUTANT,OPNID,DYNAMIC,int,0,5,5,PROTECTED,,,,,,,,,,*** RCHRES to which these data apply.
RCHRES,DW-POLLUTANT,OPNIDLAST,DYNAMIC,int,5,10,5,PROTECTED,,,,,,,,,,*** RCHRES to which these data apply.
RCHRES,DW-POLLUTANT,DWWQNM,DYNAMIC,string,12,20,8,CORRECT,,,,,,,,,,"*** Name of pollutant, may not be flow."
RCHRES,DW-POLLUTANT,DWWQUN,DYNAMIC,string,26,30,4,CORRECT,,,,,,,,,,"*** Units of pollutant: mg/l, ug/l, #/l."
RCHRES,DW-POLLUTANT,DWDECA,DYNAMIC,float,30,40,10,CORRECT,,,0,0,,0,0,,,*** First order decay rate.
RCHRES,DYNAMIC-WAVE,OPNID,DYNAMIC,int,0,5,5,PROTECTED,,,,,,,,,,*** RCHRES to which these data apply.
RCHRES,DYNAMIC-WAVE,OPNIDLAST,DYNAMIC,int,5,10,5,PROTECTED,,,,,,,,,,*** RCHRES to which these data apply.
RCHRES,DYNAMIC-WAVE,DTS,DYNAMIC,int,15,20,5,CORRECT,,,3,1,600,3,1,600,,*** DTS is the time step of the dynamic wave routing in seconds.
RCHRES,DYNAMIC-WAVE,NCOND,DYNAMIC,int,25,30,5,CORRECT,,,2,1,100,2,1,100,,*** Number of conduits.
RCHRES,DYNAMIC-WAVE,NNODE,DYNAMIC,int,35,40,5,CORRECT,,,1,1,100,1,1,100,,*** Number of nodes.
RCHRES,DYNAMIC-WAVE,DWUNIT,DYNAMIC,int,45,50,5,CORRECT,,,0,0,99,0,0,99,,*** Unit number of node output file.
RCHRES,DYNAMIC-WAVE,NWEIR,DYNAMIC,int,50,55,5,CORRECT,,,0,0,10,0,0,10,,*** Number of weirs.
RCHRES,DYNAMIC-WAVE,NORIF,DYNAMIC,int,55,60,5,CORRECT,,,0,0,10,0,0,10,,*** Number of orifices.
RCHRES,DYNAMIC-WAVE,DWWQFG,DYNAMIC,int,60,65,5,CORRECT,,,0,0,1,0,0,1,,*** Water Quality Flag.
RCHRES,ELEV,OPNID,GQUAL,int,0,5,5,PROTECTED,,,,,,,,,,*** RCHRES to which these data apply.
RCHRES,ELEV,OPNIDLAST,GQUAL,int,5,10,5,PROTECTED,,,,,,,,,,*** RCHRES to which these data apply.
RCHRES,ELEV,ELEV,GQUAL,float,10,20,10,CORRECT,,,0,0,10000,0,0,30000,,*** ELEV is the elevation above sea level.
RCHRES,GEN-INFO,OPNID,GENERAL,int,0,5,5,PROTECTED,,,,,,,,,,*** RCHRES to which these data apply.
RCHRES,GEN-INFO,OPNIDLAST,GENERAL,int,5,10,5,PROTECTED,,,,,,,,,,*** RCHRES to which these data apply.
RCHRES,GEN-INFO,RCHID,GENERAL,string,10,30,20,CORRECT,,,,,,,,,,"*** Any string of up to 20 characters may be supplied as the identifier for
*** a RCHRES."
RCHRES,GEN-INFO,NEXITS,GENERAL,int,30,35,5,CORRECT,,,1,1,5,1,1,5,,*** NEXITS is the no. of exits from the RCHRES.
RCHRES,GEN-INFO,IUNITS,GENERAL,int,40,45,5,CORRECT,,,1,1,2,1,1,2,,"*** IUNITS indicates the system of units for data in the input time series;
*** 1 means English units, 2 means Metric units."
RCHRES,GEN-INFO,OUNITS,GENERAL,int,45,50,5,CORRECT,,,1,1,2,1,1,2,,"*** OUNITS indicates the system of units for data in the output time series;
*** 1 means English units, 2 means Metric units."
RCHRES,GEN-INFO,PUNITE,GENERAL,int,50,55,5,CORRECT,,,0,0,99,0,0,99,,"*** PUNIT(1) indicates the destinations of printout in English units. A
*** value 0 means no printout is required in English units. A non-zero value
*** means printout is required in English units and the value is the Fortran
*** unit no. of the file to which the printout is to be written. Note that
*** printout for each Reach can be obtained in either the English or Metric
*** systems, or both (irrespective of the system used to supply the
*** inputs)."
RCHRES,GEN-INFO,PUNITM,GENERAL,int,55,60,5,CORRECT,,,0,0,99,0,0,99,,"*** PUNIT(2) indicates the destinations of printout in Metric units. A value
*** 0 means no printout is required in Metric units. A non-zero value means
*** printout is required in Metric units and and the value is the Fortran
*** unit no. of the file to which the printout is to be written. Note that
*** printout for each Reach can be obtained in either the English or Metric
*** systems, or both (irrespective of the system used to supply the
*** inputs)."
RCHRES,GEN-INFO,LKFG,GENERAL,int,60,65,5,CORRECT,,,0,0,1,0,0,1,,"*** LKFG indicates whether the RCHRES is a lake (1) or a stream/river (0).
*** This affects the method of calculating bed shear stress (in Section
*** HYDR) and the reaeration coefficient (Section OXRX)."
RCHRES,GEN-INFO,BUNITE,GENERAL,int,65,70,5,CORRECT,,,0,0,99,0,0,99,,"*** BUNIT(1) indicates the destinations of output in English units. A value
*** 0 means no output is required in English units. A non-zero value means
*** output is required in English units and the value is the Fortran unit
*** no. of the file to which the output is to be written. Note that output
*** for each Reach can be obtained in either the English or Metric systems,
*** or both (irrespective of the system used to supply the inputs)."
RCHRES,GEN-INFO,BUNITM,GENERAL,int,70,75,5,CORRECT,,,0,0,99,0,0,99,,"*** BUNIT(2) indicates the destinations of output in Metric units. A value 0
*** means no output is required in Metric units. A non-zero value means
*** output is required in Metric units and the value is the Fortran unit no.
*** of the file to which the output is to be written. Note that output for
*** each Reach can be obtained in either the English or Metric systems, or
*** both (irrespective of the system used to supply the inputs)."
RCHRES,GQ-AD-FLAGS,OPNID,GQUAL,int,0,5,5,PROTECTED,,,,,,,,,,*** RCHRES to which these data apply.
RCHRES,GQ-AD-FLAGS,OPNIDLAST,GQUAL,int,5,10,5,PROTECTED,,,,,,,,,,*** RCHRES to which these data apply.
RCHRES,GQ-AD-FLAGS,GQADFG1,GQUAL,int,11,14,3,CORRECT,-999,,0,-1,999,0,-1,999,,"*** Value of 0 indicates that atmospheric deposition flux of generalized
*** quality constituent #1 is either absent or is supplied as a direct time
*** series as GQADFX. A value greater than 0 indicates the index number of
*** the MONTH-DATA block to be used to supply atmospheric deposition data.
*** _PNAME GQADFG(1)"
RCHRES,GQ-AD-FLAGS,GQADFG2,GQUAL,int,14,17,3,CORRECT,-999,,0,-1,999,0,-1,999,,"*** Value of 0 indicates that concentration of generalized quality
*** constituent #1 in precipitation is either absent or is supplied as a
*** direct time series as GQADCN. A value greater than 0 indicates the index
*** number of the MONTH-DATA block to be used to supply atmospheric
*** deposition data. _PNAME GQADFG(2)"
RCHRES,GQ-AD-FLAGS,GQADFG3,GQUAL,int,18,21,3,CORRECT,-999,,0,-1,999,0,-1,999,,"*** Value of 0 indicates that atmospheric deposition flux of generalized
*** quality constituent #2 is either absent or is supplied as a direct time
*** series as GQADFX. A value greater than 0 indicates the index number of
*** the MONTH-DATA block to be used to supply atmospheric deposition data.
*** _PNAME GQADFG(3)"
RCHRES,GQ-AD-FLAGS,GQADFG4,GQUAL,int,21,24,3,CORRECT,-999,,0,-1,999,0,-1,999,,"*** Value of 0 indicates that concentration of generalized quality
*** constituent #2 in precipitation is either absent or is supplied as a
*** direct time series as GQADCN. A value greater than 0 indicates the index
*** number of the MONTH-DATA block to be used to supply atmospheric
*** deposition data. _PNAME GQADFG(4)"
RCHRES,GQ-AD-FLAGS,GQADFG5,GQUAL,int,25,28,3,CORRECT,-999,,0,-1,999,0,-1,999,,"*** Value of 0 indicates that atmospheric deposition flux of generalized
*** quality constituent #3 is either absent or is supplied as a direct time
*** series as GQADFX. A value greater than 0 indicates the index number of
*** the MONTH-DATA block to be used to supply atmospheric deposition data.
*** _PNAME GQADFG(5)"
RCHRES,GQ-AD-FLAGS,GQADFG6,GQUAL,int,28,31,3,CORRECT,-999,,0,-1,999,0,-1,999,,"*** Value of 0 indicates that concentration of generalized quality
*** constituent #3 in precipitation is either absent or is supplied as a
*** direct time series as GQADCN. A value greater than 0 indicates the index
*** number of the MONTH-DATA block to be used to supply atmospheric
*** deposition data. _PNAME GQADFG(6)"
RCHRES,GQ-AD-FLAGS,GQADFG7,GQUAL,int,32,35,3,CORRECT,-999,,0,-1,999,0,-1,999,,"*** Value of 0 indicates that atmospheric deposition flux of generalized
*** quality constituent #4 is either absent or is supplied as a direct time
*** series as GQADFX. A value greater than 0 indicates the index number of
*** the MONTH-DATA block to be used to supply atmospheric deposition data.
*** _PNAME GQADFG(7)"
RCHRES,GQ-AD-FLAGS,GQADFG8,GQUAL,int,35,38,3,CORRECT,-999,,0,-1,999,0,-1,999,,"*** Value of 0 indicates that concentration of generalized quality
*** constituent #4 in precipitation is either absent or is supplied as a
*** direct time series as GQADCN. A value greater than 0 indicates the index
*** number of the MONTH-DATA block to be used to supply atmospheric
*** deposition data. _PNAME GQADFG(8)"
RCHRES,GQ-AD-FLAGS,GQADFG9,GQUAL,int,39,42,3,CORRECT,-999,,0,-1,999,0,-1,999,,"*** Value of 0 indicates that atmospheric deposition flux of generalized
*** quality constituent #5 is either absent or is supplied as a direct time
*** series as GQADFX. A value greater than 0 indicates the index number of
*** the MONTH-DATA block to be used to supply atmospheric deposition data.
*** _PNAME GQADFG(9)"
RCHRES,GQ-AD-FLAGS,GQADFG10,GQUAL,int,42,45,3,CORRECT,-999,,0,-1,999,0,-1,999,,"*** Value of 0 indicates that concentration of generalized quality
*** constituent #5 in precipitation is either absent or is supplied as a
*** direct time series as GQADCN. A value greater than 0 indicates the index
*** number of the MONTH-DATA block to be used to supply atmospheric
*** deposition data. _PNAME GQADFG(10)"
RCHRES,GQ-AD-FLAGS,GQADFG11,GQUAL,int,46,49,3,CORRECT,-999,,0,-1,999,0,-1,999,,"*** Value of 0 indicates that atmospheric deposition flux of generalized
*** quality constituent #6 is either absent or is supplied as a direct time
*** series as GQADFX. A value greater than 0 indicates the index number of
*** the MONTH-DATA block to be used to supply atmospheric deposition data.
*** _PNAME GQADFG(11)"
RCHRES,GQ-AD-FLAGS,GQADFG12,GQUAL,int,49,52,3,CORRECT,-999,,0,-1,999,0,-1,999,,"*** Value of 0 indicates that concentration of generalized quality
*** constituent #6 in precipitation is either absent or is supplied as a
*** direct time series as GQADCN. A value greater than 0 indicates the index
*** number of the MONTH-DATA block to be used to supply atmospheric
*** deposition data. _PNAME GQADFG(12)"
RCHRES,GQ-AD-FLAGS,GQADFG13,GQUAL,int,53,56,3,CORRECT,-999,,0,-1,999,0,-1,999,,"*** Value of 0 indicates that atmospheric deposition flux of generalized
*** quality constituent #7 is either absent or is supplied as a direct time
*** series as GQADFX. A value greater than 0 indicates the index number of
*** the MONTH-DATA block to be used to supply atmospheric deposition data.
*** _PNAME GQADFG(13)"
RCHRES,GQ-AD-FLAGS,GQADFG14,GQUAL,int,56,59,3,CORRECT,-999,,0,-1,999,0,-1,999,,"*** Value of 0 indicates that concentration of generalized quality
*** constituent #7 in precipitation is either absent or is supplied as a
*** direct time series as GQADCN. A value greater than 0 indicates the index
*** number of the MONTH-DATA block to be used to supply atmospheric
*** deposition data. _PNAME GQADFG(14)"
RCHRES,GQ-ADRATE,OPNID,GQUAL,int,0,5,5,PROTECTED,,,,,,,,,,*** RCHRES to which these data apply.
RCHRES,GQ-ADRATE,OPNIDLAST,GQUAL,int,5,10,5,PROTECTED,,,,,,,,,,*** RCHRES to which these data apply.
RCHRES,GQ-ADRATE,ADPM12,GQUAL,float,10,20,10,CORRECT,,,,0.00001,,,0.00001,,,"*** ADPM(1,2) is the transfer rates between adsorbed and desorbed states for
*** qual with suspended sand."
RCHRES,GQ-ADRATE,ADPM22,GQUAL,float,20,30,10,CORRECT,,,,0.00001,,,0.00001,,,"*** ADPM(2,2) is the transfer rates between adsorbed and desorbed states for
*** qual with suspended silt."
RCHRES,GQ-ADRATE,ADPM32,GQUAL,float,30,40,10,CORRECT,,,,0.00001,,,0.00001,,,"*** ADPM(3,2) is the transfer rates between adsorbed and desorbed states for
*** qual with suspended clay."
RCHRES,GQ-ADRATE,ADPM42,GQUAL,float,40,50,10,CORRECT,,,,0.00001,,,0.00001,,,"*** ADPM(4,2) is the transfer rates between adsorbed and desorbed states for
*** qual with bed sand."
RCHRES,GQ-ADRATE,ADPM52,GQUAL,float,50,60,10,CORRECT,,,,0.00001,,,0.00001,,,"*** ADPM(5,2) is the transfer rates between adsorbed and desorbed states for
*** qual with bed silt."
RCHRES,GQ-ADRATE,ADPM62,GQUAL,float,60,70,10,CORRECT,,,,0.00001,,,0.00001,,,"*** ADPM(6,2) is the transfer rates between adsorbed and desorbed states for
*** qual with bed clay."
RCHRES,GQ-ADTHETA,OPNID,GQUAL,int,0,5,5,PROTECTED,,,,,,,,,,*** RCHRES to which these data apply.
RCHRES,GQ-ADTHETA,OPNIDLAST,GQUAL,int,5,10,5,PROTECTED,,,,,,,,,,*** RCHRES to which these data apply.
RCHRES,GQ-ADTHETA,ADPM13,GQUAL,float,10,20,10,CORRECT,,,1.07,1,2,1.07,1,2,,"*** ADPM(1,3) is the temperature correction coefficient for adsorption/
*** desorption on suspended sand."
RCHRES,GQ-ADTHETA,ADPM23,GQUAL,float,20,30,10,CORRECT,,,1.07,1,2,1.07,1,2,,"*** ADPM(2,3) is the temperature correction coefficient for adsorption/
*** desorption on suspended silt."
RCHRES,GQ-ADTHETA,ADPM33,GQUAL,float,30,40,10,CORRECT,,,1.07,1,2,1.07,1,2,,"*** ADPM(3,3) is the temperature correction coefficient for adsorption/
*** desorption on suspended clay."
RCHRES,GQ-ADTHETA,ADPM43,GQUAL,float,40,50,10,CORRECT,,,1.07,1,2,1.07,1,2,,"*** ADPM(4,3) is the temperature correction coefficient for adsorption/
*** desorption on bed sand."
RCHRES,GQ-ADTHETA,ADPM53,GQUAL,float,50,60,10,CORRECT,,,1.07,1,2,1.07,1,2,,"*** ADPM(5,3) is the temperature correction coefficient for adsorption/
*** desorption on bed silt."
RCHRES,GQ-ADTHETA,ADPM63,GQUAL,float,60,70,10,CORRECT,,,1.07,1,2,1.07,1,2,,"*** ADPM(6,3) is the temperature correction coefficient for adsorption/
*** desorption on bed clay."
RCHRES,GQ-ALPHA,OPNID,GQUAL,int,0,5,5,PROTECTED,,,,,,,,,,*** RCHRES to which these data apply.
RCHRES,GQ-ALPHA,OPNIDLAST,GQUAL,int,5,10,5,PROTECTED,,,,,,,,,,*** RCHRES to which these data apply.
RCHRES,GQ-ALPHA,ALPH0,GQUAL,float,10,20,10,CORRECT,,,,0.00001,,,0.00001,,,"*** ALPH(1) through ALPH(18) are base absorption coefficients for 18
*** wavelengths of light passing through clear water; input only when a qual
*** undergoes photolysis; i. e., when any QALFG(3)=1 in Table-type
*** GQ-QALFG."
RCHRES,GQ-ALPHA,ALPH1,GQUAL,float,20,30,10,CORRECT,,,,0.00001,,,0.00001,,,
RCHRES,GQ-ALPHA,ALPH2,GQUAL,float,30,40,10,CORRECT,,,,0.00001,,,0.00001,,,
RCHRES,GQ-ALPHA,ALPH3,GQUAL,float,40,50,10,CORRECT,,,,0.00001,,,0.00001,,,
RCHRES,GQ-ALPHA,ALPH4,GQUAL,float,50,60,10,CORRECT,,,,0.00001,,,0.00001,,,
RCHRES,GQ-ALPHA,ALPH5,GQUAL,float,60,70,10,CORRECT,,,,0.00001,,,0.00001,,,
RCHRES,GQ-ALPHA,ALPH6,GQUAL,float,70,80,10,CORRECT,,,,0.00001,,,0.00001,,,
RCHRES,GQ-ALPHA,ALPH7,GQUAL,float,90,100,10,,,,,0.00001,,,0.00001,,,
RCHRES,GQ-ALPHA,ALPH8,GQUAL,float,100,110,10,,,,,0.00001,,,0.00001,,,
RCHRES,GQ-ALPHA,ALPH9,GQUAL,float,110,120,10,,,,,0.00001,,,0.00001,,,
RCHRES,GQ-ALPHA,ALPH10,GQUAL,float,120,130,10,,,,,0.00001,,,0.00001,,,
RCHRES,GQ-ALPHA,ALPH11,GQUAL,float,130,140,10,,,,,0.00001,,,0.00001,,,
RCHRES,GQ-ALPHA,ALPH12,GQUAL,float,140,150,10,,,,,0.00001,,,0.00001,,,
RCHRES,GQ-ALPHA,ALPH13,GQUAL,float,150,160,10,,,,,0.00001,,,0.00001,,,
RCHRES,GQ-ALPHA,ALPH14,GQUAL,float,170,180,10,,,,,0.00001,,,0.00001,,,
RCHRES,GQ-ALPHA,ALPH15,GQUAL,float,180,190,10,,,,,0.00001,,,0.00001,,,
RCHRES,GQ-ALPHA,ALPH16,GQUAL,float,190,200,10,,,,,0.00001,,,0.00001,,,
RCHRES,GQ-ALPHA,ALPH17,GQUAL,float,200,210,10,,,,,0.00001,,,0.00001,,,
RCHRES,GQ-BIOPM,OPNID,GQUAL,int,0,5,5,PROTECTED,,,,,,,,,,*** RCHRES to which these data apply.
RCHRES,GQ-BIOPM,OPNIDLAST,GQUAL,int,5,10,5,PROTECTED,,,,,,,,,,*** RCHRES to which these data apply.
RCHRES,GQ-BIOPM,BIOCON,GQUAL,float,10,20,10,CORRECT,,,,1E-30,,,1E-30,,,"*** BIOCON is the second order rate constant for biomass concentration
*** causing biodegradation of qual."
RCHRES,GQ-BIOPM,THBIO,GQUAL,float,20,30,10,CORRECT,,,1.07,1,2,1.07,1,2,,"*** THBIO is the temperature correction coefficient for biodegradation of
*** qual."
RCHRES,GQ-BIOPM,BIO,GQUAL,float,30,40,10,CORRECT,,,,0.00001,,,0.00001,,,*** BIO is the concentration of biomass causing biodegradation of qual.
RCHRES,GQ-CFGAS,OPNID,GQUAL,int,0,5,5,PROTECTED,,,,,,,,,,*** RCHRES to which these data apply.
RCHRES,GQ-CFGAS,OPNIDLAST,GQUAL,int,5,10,5,PROTECTED,,,,,,,,,,*** RCHRES to which these data apply.
RCHRES,GQ-CFGAS,CFGAS,GQUAL,float,10,20,10,CORRECT,,,,1E-30,,,1E-30,,,"*** CFGAS is the ratio of volatilization rate of qual to oxygen reaeration
*** rate."
RCHRES,GQ-CLDFACT,OPNID,GQUAL,int,0,5,5,PROTECTED,,,,,,,,,,*** RCHRES to which these data apply.
RCHRES,GQ-CLDFACT,OPNIDLAST,GQUAL,int,5,10,5,PROTECTED,,,,,,,,,,*** RCHRES to which these data apply.
RCHRES,GQ-CLDFACT,KCLD0,GQUAL,float,10,20,10,CORRECT,,,0,0,1,0,0,1,,"*** KCLD(1) through KCLD(18) are values of light extinction efficiency of
*** cloud cover for each of 18 wavelengths; input only when a qual undergoes
*** photolysis; i. e., when any QALFG(3)=1 in Table-type GQ-QALFG."
RCHRES,GQ-CLDFACT,KCLD1,GQUAL,float,20,30,10,CORRECT,,,0,0,1,0,0,1,,
RCHRES,GQ-CLDFACT,KCLD2,GQUAL,float,30,40,10,CORRECT,,,0,0,1,0,0,1,,
RCHRES,GQ-CLDFACT,KCLD3,GQUAL,float,40,50,10,CORRECT,,,0,0,1,0,0,1,,
RCHRES,GQ-CLDFACT,KCLD4,GQUAL,float,50,60,10,CORRECT,,,0,0,1,0,0,1,,
RCHRES,GQ-CLDFACT,KCLD5,GQUAL,float,60,70,10,CORRECT,,,0,0,1,0,0,1,,
RCHRES,GQ-CLDFACT,KCLD6,GQUAL,float,70,80,10,CORRECT,,,0,0,1,0,0,1,,
RCHRES,GQ-CLDFACT,KCLD7,GQUAL,float,90,100,10,,,,0,0,1,0,0,1,,
RCHRES,GQ-CLDFACT,KCLD8,GQUAL,float,100,110,10,,,,0,0,1,0,0,1,,
RCHRES,GQ-CLDFACT,KCLD9,GQUAL,float,110,120,10,,,,0,0,1,0,0,1,,
RCHRES,GQ-CLDFACT,KCLD10,GQUAL,float,120,130,10,,,,0,0,1,0,0,1,,
RCHRES,GQ-CLDFACT,KCLD11,GQUAL,float,130,140,10,,,,0,0,1,0,0,1,,
RCHRES,GQ-CLDFACT,KCLD12,GQUAL,float,140,150,10,,,,0,0,1,0,0,1,,
RCHRES,GQ-CLDFACT,KCLD13,GQUAL,float,150,160,10,,,,0,0,1,0,0,1,,
RCHRES,GQ-CLDFACT,KCLD14,GQUAL,float,170,180,10,,,,0,0,1,0,0,1,,
RCHRES,GQ-CLDFACT,KCLD15,GQUAL,float,180,190,10,,,,0,0,1,0,0,1,,
RCHRES,GQ-CLDFACT,KCLD16,GQUAL,float,190,200,10,,,,0,0,1,0,0,1,,
RCHRES,GQ-CLDFACT,KCLD17,GQUAL,float,200,210,10,,,,0,0,1,0,0,1,,
RCHRES,GQ-DAUGHTER,OPNID,GQUAL,int,0,5,5,PROTECTED,,,,,,,,,,*** RCHRES to which these data apply.
RCHRES,GQ-DAUGHTER,OPNIDLAST,GQUAL,int,5,10,5,PROTECTED,,,,,,,,,,*** RCHRES to which these data apply.
RCHRES,GQ-DAUGHTER,ZERO,GQUAL,float,10,20,10,CORRECT,,,0,0,,0,0,,,
RCHRES,GQ-DAUGHTER,C2F1,GQUAL,float,20,30,10,CORRECT,,,0,0,,0,0,,,"*** Variable C2F1 indicates the amount of qual no. 2 which is produced by
*** decay of qual no. 1 through one of the six decay processes."
RCHRES,GQ-DAUGHTER,C3F1,GQUAL,float,30,40,10,CORRECT,,,0,0,,0,0,,,*** See help for C2F1.
RCHRES,GQ-DAUGHTER,C4F1,GQUAL,float,40,50,10,CORRECT,,,0,0,,0,0,,,*** See help for C2F1.
RCHRES,GQ-DAUGHTER,C5F1,GQUAL,float,50,60,10,CORRECT,,,0,0,,0,0,,,*** See help for C2F1.
RCHRES,GQ-DAUGHTER,C6F1,GQUAL,float,60,70,10,CORRECT,,,0,0,,0,0,,,*** See help for C2F1.
RCHRES,GQ-DAUGHTER,C7F1,GQUAL,float,70,80,10,CORRECT,,,0,0,,0,0,,,*** See help for C2F1.
RCHRES,GQ-DELTA,OPNID,GQUAL,int,0,5,5,PROTECTED,,,,,,,,,,*** RCHRES to which these data apply.
RCHRES,GQ-DELTA,OPNIDLAST,GQUAL,int,5,10,5,PROTECTED,,,,,,,,,,*** RCHRES to which these data apply.
RCHRES,GQ-DELTA,DEL0,GQUAL,float,10,20,10,CORRECT,,,0,0,,0,0,,,"*** DEL(1) through DEL(18) are increments to the base absorption coefficient
*** (Table-type GQ-ALPHA) for light passing through plankton-laden water;
*** input only when a qual undergoes photolysis; i. e., when any QALFG(3)=1
*** in Table- type GQ-QALFG."
RCHRES,GQ-DELTA,DEL1,GQUAL,float,20,30,10,CORRECT,,,0,0,,0,0,,,
RCHRES,GQ-DELTA,DEL2,GQUAL,float,30,40,10,CORRECT,,,0,0,,0,0,,,
RCHRES,GQ-DELTA,DEL3,GQUAL,float,40,50,10,CORRECT,,,0,0,,0,0,,,
RCHRES,GQ-DELTA,DEL4,GQUAL,float,50,60,10,CORRECT,,,0,0,,0,0,,,
RCHRES,GQ-DELTA,DEL5,GQUAL,float,60,70,10,CORRECT,,,0,0,,0,0,,,
RCHRES,GQ-DELTA,DEL6,GQUAL,float,70,80,10,CORRECT,,,0,0,,0,0,,,
RCHRES,GQ-DELTA,DEL7,GQUAL,float,90,100,10,,,,0,0,,0,0,,,
RCHRES,GQ-DELTA,DEL8,GQUAL,float,100,110,10,,,,0,0,,0,0,,,
RCHRES,GQ-DELTA,DEL9,GQUAL,float,110,120,10,,,,0,0,,0,0,,,
RCHRES,GQ-DELTA,DEL10,GQUAL,float,120,130,10,,,,0,0,,0,0,,,
RCHRES,GQ-DELTA,DEL11,GQUAL,float,130,140,10,,,,0,0,,0,0,,,
RCHRES,GQ-DELTA,DEL12,GQUAL,float,140,150,10,,,,0,0,,0,0,,,
RCHRES,GQ-DELTA,DEL13,GQUAL,float,150,160,10,,,,0,0,,0,0,,,
RCHRES,GQ-DELTA,DEL14,GQUAL,float,170,180,10,,,,0,0,,0,0,,,
RCHRES,GQ-DELTA,DEL15,GQUAL,float,180,190,10,,,,0,0,,0,0,,,
RCHRES,GQ-DELTA,DEL16,GQUAL,float,190,200,10,,,,0,0,,0,0,,,
RCHRES,GQ-DELTA,DEL17,GQUAL,float,200,210,10,,,,0,0,,0,0,,,
RCHRES,GQ-FLG2,OPNID,GQUAL,int,0,5,5,PROTECTED,,,,,,,,,,*** RCHRES to which these data apply.
RCHRES,GQ-FLG2,OPNIDLAST,GQUAL,int,5,10,5,PROTECTED,,,,,,,,,,*** RCHRES to which these data apply.
RCHRES,GQ-FLG2,GQPM21,GQUAL,int,10,15,5,CORRECT,,,0,0,1,0,0,1,,"*** GQPM2(1): value of 1 indicates qual is a ""daughter"" product through
*** hydrolysis."
RCHRES,GQ-FLG2,GQPM22,GQUAL,int,15,20,5,CORRECT,,,0,0,1,0,0,1,,"*** GQPM2(2): value of 1 indicates qual is a ""daughter"" product through
*** oxidation."
RCHRES,GQ-FLG2,GQPM23,GQUAL,int,20,25,5,CORRECT,,,0,0,1,0,0,1,,"*** GQPM2(3): value of 1 indicates qual is a ""daughter"" product through
*** photolysis."
RCHRES,GQ-FLG2,GQPM24,GQUAL,int,25,30,5,CORRECT,,,0,0,1,0,0,1,,"*** GQPM2(4): value of 1 indicates qual is a ""daughter"" product through
*** volatilization."
RCHRES,GQ-FLG2,GQPM25,GQUAL,int,30,35,5,CORRECT,,,0,0,1,0,0,1,,"*** GQPM2(5): value of 1 indicates qual is a ""daughter"" product through
*** biodegradation."
RCHRES,GQ-FLG2,GQPM26,GQUAL,int,35,40,5,CORRECT,,,0,0,1,0,0,1,,"*** GQPM2(6): value of 1 indicates qual is a ""daughter"" product through
*** general first-order decay."
RCHRES,GQ-FLG2,GQPM27,GQUAL,int,40,45,5,CORRECT,,,2,1,3,2,1,3,,"*** GQPM2(7) indicates the source of biomass data for qual; 1 means a time
*** series, 2 means an annual value, and 3 means 12 monthly values. Input
*** only if QALFG(5)=1."
RCHRES,GQ-GAMMA,OPNID,GQUAL,int,0,5,5,PROTECTED,,,,,,,,,,*** RCHRES to which these data apply.
RCHRES,GQ-GAMMA,OPNIDLAST,GQUAL,int,5,10,5,PROTECTED,,,,,,,,,,*** RCHRES to which these data apply.
RCHRES,GQ-GAMMA,GAMM0,GQUAL,float,10,20,10,CORRECT,,,0,0,,0,0,,,"*** GAMM(1) through GAMM(18) are increments to the base absorbancy
*** coefficient (Table-type GQ-ALPHA) for light passing through sediment
*** laden water. This table is necessary only when a qual undergoes
*** photolysis; i. e., when any QALFG(3)=1 in Table-type GQ-QALFG."
RCHRES,GQ-GAMMA,GAMM1,GQUAL,float,20,30,10,CORRECT,,,0,0,,0,0,,,
RCHRES,GQ-GAMMA,GAMM2,GQUAL,float,30,40,10,CORRECT,,,0,0,,0,0,,,
RCHRES,GQ-GAMMA,GAMM3,GQUAL,float,40,50,10,CORRECT,,,0,0,,0,0,,,
RCHRES,GQ-GAMMA,GAMM4,GQUAL,float,50,60,10,CORRECT,,,0,0,,0,0,,,
RCHRES,GQ-GAMMA,GAMM5,GQUAL,float,60,70,10,CORRECT,,,0,0,,0,0,,,
RCHRES,GQ-GAMMA,GAMM6,GQUAL,float,70,80,10,CORRECT,,,0,0,,0,0,,,
RCHRES,GQ-GAMMA,GAMM7,GQUAL,float,90,100,10,,,,0,0,,0,0,,,
RCHRES,GQ-GAMMA,GAMM8,GQUAL,float,100,110,10,,,,0,0,,0,0,,,
RCHRES,GQ-GAMMA,GAMM9,GQUAL,float,110,120,10,,,,0,0,,0,0,,,
RCHRES,GQ-GAMMA,GAMM10,GQUAL,float,120,130,10,,,,0,0,,0,0,,,
RCHRES,GQ-GAMMA,GAMM11,GQUAL,float,130,140,10,,,,0,0,,0,0,,,
RCHRES,GQ-GAMMA,GAMM12,GQUAL,float,140,150,10,,,,0,0,,0,0,,,
RCHRES,GQ-GAMMA,GAMM13,GQUAL,float,150,160,10,,,,0,0,,0,0,,,
RCHRES,GQ-GAMMA,GAMM14,GQUAL,float,170,180,10,,,,0,0,,0,0,,,
RCHRES,GQ-GAMMA,GAMM15,GQUAL,float,180,190,10,,,,0,0,,0,0,,,
RCHRES,GQ-GAMMA,GAMM16,GQUAL,float,190,200,10,,,,0,0,,0,0,,,
RCHRES,GQ-GAMMA,GAMM17,GQUAL,float,200,210,10,,,,0,0,,0,0,,,
RCHRES,GQ-GENDATA,OPNID,GQUAL,int,0,5,5,PROTECTED,,,,,,,,,,*** RCHRES to which these data apply.
RCHRES,GQ-GENDATA,OPNIDLAST,GQUAL,int,5,10,5,PROTECTED,,,,,,,,,,*** RCHRES to which these data apply.
RCHRES,GQ-GENDATA,NGQUAL,GQUAL,int,10,15,5,CORRECT,,,1,1,7,1,1,7,,"*** NGQUAL is the number of generalized constituents (quals) being
*** simulated."
RCHRES,GQ-GENDATA,TEMPFG,GQUAL,int,15,20,5,CORRECT,,,2,1,3,2,1,3,,"*** TEMPFG indicates the source of water temperature data; 1 means a time
*** series (either input or computed), 2 means an annual value, and 3 means
*** 12 monthly values."
RCHRES,GQ-GENDATA,PHFLAG,GQUAL,int,20,25,5,CORRECT,,,2,1,3,2,1,3,,"*** PHFLAG indicates the source of pH data; 1 means a time series (either
*** input or computed), 2 means an annual value, and 3 means 12 monthly
*** values. Input only if any QALFG(1)=1."
RCHRES,GQ-GENDATA,ROXFG,GQUAL,int,25,30,5,CORRECT,,,2,1,3,2,1,3,,"*** ROXFG indicates the source of free radical oxygen data; 1 means a time
*** series (either input or computed), 2 means an annual value, and 3 means
*** 12 monthly values. Input only if any QALFG(2)=1."
RCHRES,GQ-GENDATA,CLDFG,GQUAL,int,30,35,5,CORRECT,,,2,1,3,2,1,3,,"*** CLDFG indicates the source of cloud cover data; 1 means a time series
*** (either input or computed), 2 means an annual value, and 3 means 12
*** monthly values. Input only if any QALFG(3)=1."
RCHRES,GQ-GENDATA,SDFG,GQUAL,int,35,40,5,CORRECT,,,2,1,3,2,1,3,,"*** SDFG indicates the source of total sediment concentration data; 1 means
*** a time series (either input or computed), 2 means an annual value, and 3
*** means 12 monthly values. Input only if any QALFG(3)=1."
RCHRES,GQ-GENDATA,PHYTFG,GQUAL,int,40,45,5,CORRECT,,,2,1,3,2,1,3,,"*** PHYTFG indicates the source of phytoplankton data; 1 means a time series
*** (either input or computed), 2 means an annual value, and 3 means 12
*** monthly values. Input only if any QALFG(3)=1."
RCHRES,GQ-GENDATA,LAT,GQUAL,int,45,50,5,CORRECT,,,0,-54,54,0,-54,54,,"*** LAT is the latitude of the RCHRES. Input only if any QALFG(3)=1.
*** Positive for northern hemisphere."
RCHRES,GQ-GENDECAY,OPNID,GQUAL,int,0,5,5,PROTECTED,,,,,,,,,,*** RCHRES to which these data apply.
RCHRES,GQ-GENDECAY,OPNIDLAST,GQUAL,int,5,10,5,PROTECTED,,,,,,,,,,*** RCHRES to which these data apply.
RCHRES,GQ-GENDECAY,FSTDEC,GQUAL,float,10,20,10,CORRECT,,,,0.00001,,,0.00001,,,*** FSTDEC is the first order decay rate for qual.
RCHRES,GQ-GENDECAY,THFST,GQUAL,float,20,30,10,CORRECT,,,1.07,1,2,1.07,1,2,,"*** THFST is the temperature correction coefficient for first order decay of
*** qual."
RCHRES,GQ-HYDPM,OPNID,GQUAL,int,0,5,5,PROTECTED,,,,,,,,,,*** RCHRES to which these data apply.
RCHRES,GQ-HYDPM,OPNIDLAST,GQUAL,int,5,10,5,PROTECTED,,,,,,,,,,*** RCHRES to which these data apply.
RCHRES,GQ-HYDPM,KA,GQUAL,float,10,20,10,CORRECT,,,,1E-30,,,1E-30,,,*** KA is the second order acid rate constant for hydrolysis of qual.
RCHRES,GQ-HYDPM,KB,GQUAL,float,20,30,10,CORRECT,,,,1E-30,,,1E-30,,,*** KB is the second order base rate constant for hydrolysis of qual.
RCHRES,GQ-HYDPM,KN,GQUAL,float,30,40,10,CORRECT,,,,1E-30,,,1E-30,,,"*** KN is the second order rate constant for neutral reaction of qual with
*** water"
RCHRES,GQ-HYDPM,THHYD,GQUAL,float,40,50,10,CORRECT,,,1,1,2,1,1,2,,"*** THHYD is the temperature correction coefficient for hydrolysis of
*** qual."
RCHRES,GQ-KD,OPNID,GQUAL,int,0,5,5,PROTECTED,,,,,,,,,,*** RCHRES to which these data apply.
RCHRES,GQ-KD,OPNIDLAST,GQUAL,int,5,10,5,PROTECTED,,,,,,,,,,*** RCHRES to which these data apply.
RCHRES,GQ-KD,ADPM11,GQUAL,float,10,20,10,CORRECT,,,,1E-10,,,1E-10,,,"*** ADPM(1,1) is the distribution coefficient for qual with suspende"
RCHRES,GQ-KD,ADPM21,GQUAL,float,20,30,10,CORRECT,,,,1E-10,,,1E-10,,,"*** ADPM(2,1) is the distribution coefficient for qual with suspende"
RCHRES,GQ-KD,ADPM31,GQUAL,float,30,40,10,CORRECT,,,,1E-10,,,1E-10,,,"*** ADPM(3,1) is the distribution coefficient for qual with suspende"
RCHRES,GQ-KD,ADPM41,GQUAL,float,40,50,10,CORRECT,,,,1E-10,,,1E-10,,,"*** ADPM(4,1) is the distribution coefficient for qual with bed sand"
RCHRES,GQ-KD,ADPM51,GQUAL,float,50,60,10,CORRECT,,,,1E-10,,,1E-10,,,"*** ADPM(5,1) is the distribution coefficient for qual with bed silt"
RCHRES,GQ-KD,ADPM61,GQUAL,float,60,70,10,CORRECT,,,,1E-10,,,1E-10,,,"*** ADPM(6,1) is the distribution coefficient for qual with bed clay"
RCHRES,GQ-PHOTPM,OPNID,GQUAL,int,0,5,5,PROTECTED,,,,,,,,,,*** RCHRES to which these data apply.
RCHRES,GQ-PHOTPM,OPNIDLAST,GQUAL,int,5,10,5,PROTECTED,,,,,,,,,,*** RCHRES to which these data apply.
RCHRES,GQ-PHOTPM,PHOTP0,GQUAL,float,10,20,10,NONE,,,0,0,,0,0,,,"*** PHOTPM(1) through PHOTPM(18) are molar absorption coefficients for qual
*** for 18 wavelength ranges of light (see functional description for
*** subroutine DDECAY in Part E)."
RCHRES,GQ-PHOTPM,PHOTP1,GQUAL,float,20,30,10,NONE,,,0,0,,0,0,,,
RCHRES,GQ-PHOTPM,PHOTP2,GQUAL,float,30,40,10,NONE,,,0,0,,0,0,,,
RCHRES,GQ-PHOTPM,PHOTP3,GQUAL,float,40,50,10,NONE,,,0,0,,0,0,,,
RCHRES,GQ-PHOTPM,PHOTP4,GQUAL,float,50,60,10,NONE,,,0,0,,0,0,,,
RCHRES,GQ-PHOTPM,PHOTP5,GQUAL,float,60,70,10,NONE,,,0,0,,0,0,,,
RCHRES,GQ-PHOTPM,PHOTP6,GQUAL,float,70,80,10,NONE,,,0,0,,0,0,,,
RCHRES,GQ-PHOTPM,PHOTP7,GQUAL,float,90,100,10,,,,0,0,,0,0,,,
RCHRES,GQ-PHOTPM,PHOTP8,GQUAL,float,100,110,10,,,,0,0,,0,0,,,
RCHRES,GQ-PHOTPM,PHOTP9,GQUAL,float,110,120,10,,,,0,0,,0,0,,,
RCHRES,GQ-PHOTPM,PHOTP10,GQUAL,float,120,130,10,,,,0,0,,0,0,,,
RCHRES,GQ-PHOTPM,PHOTP11,GQUAL,float,130,140,10,,,,0,0,,0,0,,,
RCHRES,GQ-PHOTPM,PHOTP12,GQUAL,float,140,150,10,,,,0,0,,0,0,,,
RCHRES,GQ-PHOTPM,PHOTP13,GQUAL,float,150,160,10,,,,0,0,,0,0,,,
RCHRES,GQ-PHOTPM,PHOTP14,GQUAL,float,170,180,10,,,,0,0,,0,0,,,
RCHRES,GQ-PHOTPM,PHOTP15,GQUAL,float,180,190,10,,,,0,0,,0,0,,,
RCHRES,GQ-PHOTPM,PHOTP16,GQUAL,float,190,200,10,,,,0,0,,0,0,,,
RCHRES,GQ-PHOTPM,PHOTP17,GQUAL,float,200,210,10,,,,0,0,,0,0,,,
RCHRES,GQ-PHOTPM,PHOTP18,GQUAL,float,210,220,10,,,,1,0.0001,10,1,0.0001,10,,
RCHRES,GQ-PHOTPM,PHOTP19,GQUAL,float,220,230,10,,,,1,1,2,1,1,2,,
RCHRES,GQ-QALDATA,OPNID,GQUAL,int,0,5,5,PROTECTED,,,,,,,,,,*** RCHRES to which these data apply.
RCHRES,GQ-QALDATA,OPNIDLAST,GQUAL,int,5,10,5,PROTECTED,,,,,,,,,,*** RCHRES to which these data apply.
RCHRES,GQ-QALDATA,GQID,GQUAL,string,10,30,20,CORRECT,,,,,,,,,,"*** Any string of up to 20 characters may be supplied as the name of the
*** quality constituent (qual)."
RCHRES,GQ-QALDATA,DQAL,GQUAL,float,30,40,10,CORRECT,,,0,0,,0,0,,,*** DQAL is the initial concentration of the qual.
RCHRES,GQ-QALDATA,CONCID,GQUAL,string,46,50,4,CORRECT,,,,,,,,,,"*** Any string of up to 8 characters may be supplied as the concentration
*** units (implied that it is ""per liter""), eg. ""mg""(/l)."
RCHRES,GQ-QALDATA,CONV,GQUAL,float,50,60,10,CORRECT,,,,1E-30,,,1E-30,,,"*** CONV is the factor to convert from Qty/Vol to concentration units: Conc=
*** CONV* Qty/Vol (in English system, Vol is in ft3) (in Metric system, Vol
*** is in m3)."
RCHRES,GQ-QALDATA,QTYID,GQUAL,string,62,70,8,CORRECT,,,,,,,,,,"*** Any string of up to 8 characters may be supplied as the ""qty"" unit for
*** the qual. QTYID specifies the units in which the total flow of qual
*** into, or out of the RCHRES will be expressed."
RCHRES,GQ-QALFG,OPNID,GQUAL,int,0,5,5,PROTECTED,,,,,,,,,,*** RCHRES to which these data apply.
RCHRES,GQ-QALFG,OPNIDLAST,GQUAL,int,5,10,5,PROTECTED,,,,,,,,,,*** RCHRES to which these data apply.
RCHRES,GQ-QALFG,QALFG1,GQUAL,int,10,15,5,CORRECT,,,0,0,1,0,0,1,,"*** QALFG(1): value of 1 indicates hydrolysis is considered for dissolved
*** qual."
RCHRES,GQ-QALFG,QALFG2,GQUAL,int,15,20,5,CORRECT,,,0,0,1,0,0,1,,"*** QALFG(2): value of 1 indicates oxidation by free radical oxygen is
*** considered for dissolved qual."
RCHRES,GQ-QALFG,QALFG3,GQUAL,int,20,25,5,CORRECT,,,0,0,1,0,0,1,,"*** QALFG(3): value of 1 indicates photolysis is considered for dissolved
*** qual."
RCHRES,GQ-QALFG,QALFG4,GQUAL,int,25,30,5,CORRECT,,,0,0,1,0,0,1,,"*** QALFG(4): value of 1 indicates volatilization is considered for
*** dissolved qual."
RCHRES,GQ-QALFG,QALFG5,GQUAL,int,30,35,5,CORRECT,,,0,0,1,0,0,1,,"*** QALFG(5): value of 1 indicates biodegradation is considered for
*** dissolved qual."
RCHRES,GQ-QALFG,QALFG6,GQUAL,int,35,40,5,CORRECT,,,0,0,1,0,0,1,,"*** QALFG(6): value of 1 indicates general first order decay is considered
*** for dissolved qual."
RCHRES,GQ-QALFG,QALFG7,GQUAL,int,40,45,5,CORRECT,,,0,0,1,0,0,1,,"*** QALFG(7): value of 1 indicates qual is associated with sediment. If so,
*** adsorption/desorption of qual is considered."
RCHRES,GQ-ROXPM,OPNID,GQUAL,int,0,5,5,PROTECTED,,,,,,,,,,*** RCHRES to which these data apply.
RCHRES,GQ-ROXPM,OPNIDLAST,GQUAL,int,5,10,5,PROTECTED,,,,,,,,,,*** RCHRES to which these data apply.
RCHRES,GQ-ROXPM,KOX,GQUAL,float,10,20,10,CORRECT,,,,1E-30,,,1E-30,,,"*** KOX is the second order rate constant for oxidation of qual by free
*** radical oxygen."
RCHRES,GQ-ROXPM,THOX,GQUAL,float,20,30,10,CORRECT,,,1,1,2,1,1,2,,"*** THOX is the temperature correction coefficient for oxidation of qual by
*** free radical oxygen."
RCHRES,GQ-SEDCONC,OPNID,GQUAL,int,0,5,5,PROTECTED,,,,,,,,,,*** RCHRES to which these data apply.
RCHRES,GQ-SEDCONC,OPNIDLAST,GQUAL,int,5,10,5,PROTECTED,,,,,,,,,,*** RCHRES to which these data apply.
RCHRES,GQ-SEDCONC,SQAL1,GQUAL,float,10,20,10,CORRECT,,,0,0,,0,0,,,*** SQAL1 is the initial concentrations of qual on suspended sand.
RCHRES,GQ-SEDCONC,SQAL2,GQUAL,float,20,30,10,CORRECT,,,0,0,,0,0,,,*** SQAL2 is the initial concentrations of qual on suspended silt.
RCHRES,GQ-SEDCONC,SQAL3,GQUAL,float,30,40,10,CORRECT,,,0,0,,0,0,,,*** SQAL3 is the initial concentrations of qual on suspended clay.
RCHRES,GQ-SEDCONC,SQAL4,GQUAL,float,40,50,10,CORRECT,,,0,0,,0,0,,,*** SQAL4 is the initial concentrations of qual on bed sand.
RCHRES,GQ-SEDCONC,SQAL5,GQUAL,float,50,60,10,CORRECT,,,0,0,,0,0,,,*** SQAL5 is the initial concentrations of qual on bed silt.
RCHRES,GQ-SEDCONC,SQAL6,GQUAL,float,60,70,10,CORRECT,,,0,0,,0,0,,,*** SQAL6 is the initial concentrations of qual on bed clay.
RCHRES,GQ-SEDDECAY,OPNID,GQUAL,int,0,5,5,PROTECTED,,,,,,,,,,*** RCHRES to which these data apply.
RCHRES,GQ-SEDDECAY,OPNIDLAST,GQUAL,int,5,10,5,PROTECTED,,,,,,,,,,*** RCHRES to which these data apply.
RCHRES,GQ-SEDDECAY,ADDCP1,GQUAL,float,10,20,10,CORRECT,,,0,0,,0,0,,,*** KSUSP is the decay rate for qual adsorbed to suspended sediment.
RCHRES,GQ-SEDDECAY,ADDCP2,GQUAL,float,20,30,10,CORRECT,,,1.07,1,2,1.07,1,2,,"*** THSUSP is the temperature correction coefficient for decay of qual on
*** suspended sediment."
RCHRES,GQ-SEDDECAY,ADDCP3,GQUAL,float,30,40,10,CORRECT,,,0,0,,0,0,,,*** KBED is the decay rate for qual adsorbed to bed sediment.
RCHRES,GQ-SEDDECAY,ADDCP4,GQUAL,float,40,50,10,CORRECT,,,1.07,1,2,1.07,1,2,,"*** THBED is the temperature correction coefficient for decay of qual on bed
*** sediment."
RCHRES,GQ-VALUES,OPNID,GQUAL,int,0,5,5,PROTECTED,,,,,,,,,,*** RCHRES to which these data apply.
RCHRES,GQ-VALUES,OPNIDLAST,GQUAL,int,5,10,5,PROTECTED,,,,,,,,,,*** RCHRES to which these data apply.
RCHRES,GQ-VALUES,TWAT,GQUAL,float,10,20,10,CORRECT,,,15.5,0.1,100,60,32,212,,"*** TWAT is the constant annual value of water temperature; input only if
*** TEMPFG = 2 in Table-type GQ-GENDATA."
RCHRES,GQ-VALUES,PHVAL,GQUAL,float,20,30,10,CORRECT,,,7,1,14,7,1,14,,"*** PHVAL is the constant annual value of pH; input only if PHFLAG = 2 in
*** Table-type GQ-GENDATA."
RCHRES,GQ-VALUES,ROC,GQUAL,float,30,40,10,CORRECT,,,0,0,,0,0,,,"*** ROC is the constant annual value of free radical oxygen; input only if
*** ROXFG = 2 in Table-type GQ-GENDATA."
RCHRES,GQ-VALUES,CLD,GQUAL,float,40,50,10,CORRECT,,,0,0,10,0,0,10,,"*** CLD is the constant annual value of cloud cover; input only if CLDFG = 2
*** in Table-type GQ-GENDATA."
RCHRES,GQ-VALUES,SDCNC,GQUAL,float,50,60,10,CORRECT,,,0,0,,0,0,,,"*** SDCNC is the constant annual value of total sediment concentration;
*** input only if SDFG = 2 in Table-type GQ- GENDATA."
RCHRES,GQ-VALUES,PHY,GQUAL,float,60,70,10,CORRECT,,,0,0,,0,0,,,"*** PHY is the constant annual value of phytoplankton concentration; input
*** only if PHYTFG = 2 in Table-type GQ- GENDATA."
RCHRES,HEAT-INIT,OPNID,HTRCH,int,0,5,5,PROTECTED,,,,,,,,,,*** RCHRES to which these data apply.
RCHRES,HEAT-INIT,OPNIDLAST,HTRCH,int,5,10,5,PROTECTED,,,,,,,,,,*** RCHRES to which these data apply.
RCHRES,HEAT-INIT,TW,HTRCH,float,10,20,10,CORRECT,,,15.5,0,95,60,32,200,,*** TW is the initial water temperature in the RCHRES.
RCHRES,HEAT-INIT,AIRTMP,HTRCH,float,20,30,10,CORRECT,,,15.5,-70,65,60,-90,150,,*** AIRTMP is the initial air temperature at the RCHRES.
RCHRES,HEAT-PARM,OPNID,HTRCH,int,0,5,5,PROTECTED,,,,,,,,,,*** RCHRES to which these data apply.
RCHRES,HEAT-PARM,OPNIDLAST,HTRCH,int,5,10,5,PROTECTED,,,,,,,,,,*** RCHRES to which these data apply.
RCHRES,HEAT-PARM,ELEV,HTRCH,float,10,20,10,CORRECT,,,0,0,10000,0,0,30000,,*** ELEV is the mean RCHRES elevation.
RCHRES,HEAT-PARM,ELDAT,HTRCH,float,20,30,10,CORRECT,,,0,,,0,,,,"*** ELDAT is the difference in elevation between the RCHRES and the air
*** temperature gage (positive if RCHRES is higher than the gage)."
RCHRES,HEAT-PARM,CFSAEX,HTRCH,float,30,40,10,CORRECT,,,1,0.001,2,1,0.001,2,,"*** CFSAEX is the correction factor for solar radiation (it includes
*** fraction of RCHRES surface exposed to radiation)."
RCHRES,HEAT-PARM,KATRAD,HTRCH,float,40,50,10,CORRECT,,,9.37,1,20,9.37,1,20,,*** KATRAD is the longwave radiation coefficient
RCHRES,HEAT-PARM,KCOND,HTRCH,float,50,60,10,CORRECT,,,6.12,1,20,6.12,1,20,,*** KCOND is the conduction-convection heat transport coefficient.
RCHRES,HEAT-PARM,KEVAP,HTRCH,float,60,70,10,CORRECT,,,2.24,1,10,2.24,1,10,,*** KEVAP is the evaporation coefficient.
RCHRES,HT-BED-DELH,OPNID,HTRCH,int,0,5,5,PROTECTED,,,,,,,,,,*** RCHRES to which these data apply.
RCHRES,HT-BED-DELH,OPNIDLAST,HTRCH,int,5,10,5,PROTECTED,,,,,,,,,,*** RCHRES to which these data apply.
RCHRES,HT-BED-DELH,DELH1,HTRCH,float,10,20,10,CORRECT,,,0,,,0,,,,"*** DELH are the bed-to-water heat fluxes per degree change in water
*** temperature for the past TSTOP time intervals (see Table-type HT-BED-FLAGS); used
*** for Jobson method (BEDFLG = 3). A maximum of 100 values are allowed.
*** DELH values should be negative. Note: DELH values are time-step
*** dependent."
RCHRES,HT-BED-DELH,DELH2,HTRCH,float,20,30,10,CORRECT,,,0,,,0,,,,
RCHRES,HT-BED-DELH,DELH3,HTRCH,float,30,40,10,CORRECT,,,0,,,0,,,,
RCHRES,HT-BED-DELH,DELH4,HTRCH,float,40,50,10,CORRECT,,,0,,,0,,,,
RCHRES,HT-BED-DELH,DELH5,HTRCH,float,50,60,10,CORRECT,,,0,,,0,,,,
RCHRES,HT-BED-DELH,DELH6,HTRCH,float,60,70,10,CORRECT,,,0,,,0,,,,
RCHRES,HT-BED-DELH,DELH7,HTRCH,float,70,80,10,CORRECT,,,0,,,0,,,,
RCHRES,HT-BED-DELTT,OPNID,HTRCH,int,0,5,5,PROTECTED,,,,,,,,,,*** RCHRES to which these data apply.
RCHRES,HT-BED-DELTT,OPNIDLAST,HTRCH,int,5,10,5,PROTECTED,,,,,,,,,,*** RCHRES to which these data apply.
RCHRES,HT-BED-DELTT,DELTT1,HTRCH,float,10,20,10,CORRECT,,,0,,,0,,,,"*** DELTT are the initial water temperature changes for the past TSTOP time
*** intervals (see Table-type HT-BED-FLAGS); used for Jobson method (BEDFLG
*** = 3). A maximum of 100 values are allowed. DELTT values are positive if
*** the water temperature is increasing."
RCHRES,HT-BED-DELTT,DELTT2,HTRCH,float,20,30,10,CORRECT,,,0,,,0,,,,
RCHRES,HT-BED-DELTT,DELTT3,HTRCH,float,30,40,10,CORRECT,,,0,,,0,,,,
RCHRES,HT-BED-DELTT,DELTT4,HTRCH,float,40,50,10,CORRECT,,,0,,,0,,,,
RCHRES,HT-BED-DELTT,DELTT5,HTRCH,float,50,60,10,CORRECT,,,0,,,0,,,,
RCHRES,HT-BED-DELTT,DELTT6,HTRCH,float,60,70,10,CORRECT,,,0,,,0,,,,
RCHRES,HT-BED-DELTT,DELTT7,HTRCH,float,70,80,10,CORRECT,,,0,,,0,,,,
RCHRES,HT-BED-FLAGS,OPNID,HTRCH,int,0,5,5,PROTECTED,,,,,,,,,,*** RCHRES to which these data apply.
RCHRES,HT-BED-FLAGS,OPNIDLAST,HTRCH,int,5,10,5,PROTECTED,,,,,,,,,,*** RCHRES to which these data apply.
RCHRES,HT-BED-FLAGS,BEDFLG,HTRCH,int,10,15,5,CORRECT,,,0,0,3,0,0,3,,"*** Bed conductance flag: 0 - bed conductance not simulated 1 - single layer
*** heat transfer method 2 - two layer heat transfer method 3 - Jobson
*** method"
RCHRES,HT-BED-FLAGS,TGFLG,HTRCH,int,15,20,5,CORRECT,,,2,1,3,2,1,3,,"*** TGFLG specifies the source of the ground temperature for either the the
*** single layer or two layer heat transfer methods (BEDFLG = 1 or
*** 2)."
RCHRES,HT-BED-FLAGS,TSTOP,HTRCH,int,20,25,5,CORRECT,,,55,1,100,55,1,100,,"*** TSTOP is the number of prior timesteps that impact the heat flux at the
*** current timestep when using the Jobson method (BEDFLG = 3)."
RCHRES,HT-BED-PARM,OPNID,HTRCH,int,0,5,5,PROTECTED,,,,,,,,,,*** RCHRES to which these data apply.
RCHRES,HT-BED-PARM,OPNIDLAST,HTRCH,int,5,10,5,PROTECTED,,,,,,,,,,*** RCHRES to which these data apply.
RCHRES,HT-BED-PARM,MUDDEP,HTRCH,float,10,20,10,CORRECT,,,0.1,0.01,,0.33,0.01,,,"*** Depth of mud layer; used for two-layer method (BEDFLG = 2 in Table-type
*** HT-BED-FLAGS)."
RCHRES,HT-BED-PARM,TGRND,HTRCH,float,20,30,10,CORRECT,,,15,-10,45,59,14,113,,"*** Temperature of ground if constant; used for single layer and two layer
*** methods (BEDFLG = 1 or 2, and TGFLG = 2, in Table-type HT-BED-FLAGS)."
RCHRES,HT-BED-PARM,KMUD,HTRCH,float,30,40,10,CORRECT,,,50,0,,50,0,,,"*** Heat conductance coefficient between water and the ground (if BEDFLG =
*** 1) or the mud layer (if BEDFLG = 2)."
RCHRES,HT-BED-PARM,KGRND,HTRCH,float,40,50,10,CORRECT,,,1.4,0,,1.4,0,,,"*** Heat conductance coefficient between the ground and the mud layer (used
*** if BEDFLG = 2)."
RCHRES,HYDR-CATEGORY,OPNID,HYDR,int,0,5,5,PROTECTED,,,,,,,,,,*** RCHRES to which these data apply.
RCHRES,HYDR-CATEGORY,OPNIDLAST,HYDR,int,5,10,5,PROTECTED,,,,,,,,,,*** RCHRES to which these data apply.
RCHRES,HYDR-CATEGORY,CPREC,HYDR,string,11,15,4,,,,,,,,,,,"*** If a category tag is given, precipitation is added to the specified
*** category. If an integer is given, then that number of categories will be
*** specified in Table-Type HYDR-CPREC. If blank or zero, precipitation will
*** be added to all active categories according to their current storage
*** fraction."
RCHRES,HYDR-CATEGORY,CEVAP,HYDR,string,16,20,4,,,,,,,,,,,"*** If a category tag is given, evaporation is taken first from the
*** specified category. If an integer is given, then that number of
*** categories will be specified in Table-Type HYDR-CEVAP. If blank or zero,
*** evaporation will be taken from all active categories according to their
*** current storage fraction."
RCHRES,HYDR-CATEGORY,CFVOL1,HYDR,string,21,25,4,,,,,,,,,,,"*** If a category tag is given, then F(VOL) outflows from this exit will be
*** taken from the specified category first. If an integer is given, then
*** that number of categories will be specified in Table-type HYDR-CFVOL for
*** that exit. If blank or 0, outflows will be taken from all active
*** categories according to their current storage fraction."
RCHRES,HYDR-CATEGORY,CFVOL2,HYDR,string,26,30,4,,,,,,,,,,,"*** If a category tag is given, then F(VOL) outflows from this exit will be
*** taken from the specified category first. If an integer is given, then
*** that number of categories will be specified in Table-type HYDR-CFVOL for
*** that exit. If blank or 0, outflows will be taken from all active
*** categories according to their current storage fraction."
RCHRES,HYDR-CATEGORY,CFVOL3,HYDR,string,31,35,4,,,,,,,,,,,"*** If a category tag is given, then F(VOL) outflows from this exit will be
*** taken from the specified category first. If an integer is given, then
*** that number of categories will be specified in Table-type HYDR-CFVOL for
*** that exit. If blank or 0, outflows will be taken from all active
*** categories according to their current storage fraction."
RCHRES,HYDR-CATEGORY,CFVOL4,HYDR,string,36,40,4,,,,,,,,,,,"*** If a category tag is given, then F(VOL) outflows from this exit will be
*** taken from the specified category first. If an integer is given, then
*** that number of categories will be specified in Table-type HYDR-CFVOL for
*** that exit. If blank or 0, outflows will be taken from all active
*** categories according to their current storage fraction."
RCHRES,HYDR-CATEGORY,CFVOL5,HYDR,string,41,45,4,,,,,,,,,,,"*** If a category tag is given, then F(VOL) outflows from this exit will be
*** taken from the specified category first. If an integer is given, then
*** that number of categories will be specified in Table-type HYDR-CFVOL for
*** that exit. If blank or 0, outflows will be taken from all active
*** categories according to their current storage fraction."
RCHRES,HYDR-CATEGORY,NOCGT,HYDR,int,45,50,5,CORRECT,,,0,0,20,0,0,20,,*** Number of category G(T) demands to be specified in Table-Type HYDR-CDEMAND.
RCHRES,HYDR-CDEMAND,OPNID,HYDR,int,0,5,5,PROTECTED,,,,,,,,,,*** RCHRES to which these data apply.
RCHRES,HYDR-CDEMAND,OPNIDLAST,HYDR,int,5,10,5,PROTECTED,,,,,,,,,,*** RCHRES to which these data apply.
RCHRES,HYDR-CDEMAND,COGTC1,HYDR,string,12,14,2,,,,,,,,,,,*** Category for this fraction.
RCHRES,HYDR-CDEMAND,COGTE1,HYDR,int,14,16,2,CORRECT,,,0,0,5,0,0,5,,*** Exit from which this demand is drawn.
RCHRES,HYDR-CDEMAND,COGTPY1,HYDR,int,17,21,4,,,,,,,,,,,"*** Priority of this category. This can be either a real number or a date in
*** the format ' YYYY/MM/DD '. Earlier dates are higher priority. Blank or
*** zero priority is considered lowest priority."
RCHRES,HYDR-CDEMAND,COGTPM1,HYDR,int,22,24,2,CORRECT,,,0,0,,0,0,,,*** Initial value of the COTDGT timeseries.
RCHRES,HYDR-CDEMAND,COGTPD1,HYDR,int,25,27,2,,,,,,,,,,,*** Category for this fraction.
RCHRES,HYDR-CDEMAND,COTDGT1,HYDR,float,28,34,6,CORRECT,,,0,0,5,0,0,5,,*** Exit from which this demand is drawn.
RCHRES,HYDR-CDEMAND,COGTC2,HYDR,string,36,38,2,,,,,,,,,,,*** Category for this fraction.
RCHRES,HYDR-CDEMAND,COGTE2,HYDR,int,38,40,2,CORRECT,,,0,0,5,0,0,5,,*** Exit from which this demand is drawn.
RCHRES,HYDR-CDEMAND,COGTPY2,HYDR,int,41,45,4,,,,,,,,,,,"*** Priority of this category. This can be either a real number or a date in
*** the format ' YYYY/MM/DD '. Earlier dates are higher priority. Blank or
*** zero priority is considered lowest priority."
RCHRES,HYDR-CDEMAND,COGTPM2,HYDR,int,46,48,2,CORRECT,,,0,0,,0,0,,,*** Initial value of the COTDGT timeseries.
RCHRES,HYDR-CDEMAND,COGTPD2,HYDR,int,49,51,2,,,,,,,,,,,*** Category for this fraction.
RCHRES,HYDR-CDEMAND,COTDGT2,HYDR,float,52,58,6,CORRECT,,,0,0,5,0,0,5,,*** Exit from which this demand is drawn.
RCHRES,HYDR-CEVAP,OPNID,HYDR,int,0,5,5,PROTECTED,,,,,,,,,,*** RCHRES to which these data apply.
RCHRES,HYDR-CEVAP,OPNIDLAST,HYDR,int,5,10,5,PROTECTED,,,,,,,,,,*** RCHRES to which these data apply.
RCHRES,HYDR-CEVAP,CTAG1,HYDR,string,10,14,4,,,,,,,,,,,*** Category for this fraction.
RCHRES,HYDR-CEVAP,CPRI1,HYDR,float,14,17,3,CORRECT,,,0,0,,0,0,,,*** Priority of this category.
RCHRES,HYDR-CEVAP,CEVAP1,HYDR,float,17,23,6,CORRECT,,,0,0,1,0,0,1,,"*** Fraction of evaporation which is taken from specified category at this
*** priority level."
RCHRES,HYDR-CEVAP,CTAG2,HYDR,string,23,27,4,,,,,,,,,,,*** Category for this fraction.
RCHRES,HYDR-CEVAP,CPRI2,HYDR,float,27,30,3,CORRECT,,,0,0,,0,0,,,*** Priority of this category.
RCHRES,HYDR-CEVAP,CEVAP2,HYDR,float,30,36,6,CORRECT,,,0,0,1,0,0,1,,"*** Fraction of evaporation which is taken from specified category at this
*** priority level."
RCHRES,HYDR-CEVAP,CTAG3,HYDR,string,36,40,4,,,,,,,,,,,*** Category for this fraction.
RCHRES,HYDR-CEVAP,CPRI3,HYDR,float,40,43,3,CORRECT,,,0,0,,0,0,,,*** Priority of this category.
RCHRES,HYDR-CEVAP,CEVAP3,HYDR,float,43,49,6,CORRECT,,,0,0,1,0,0,1,,"*** Fraction of evaporation which is taken from specified category at this
*** priority level."
RCHRES,HYDR-CEVAP,CTAG4,HYDR,string,49,53,4,,,,,,,,,,,*** Category for this fraction.
RCHRES,HYDR-CEVAP,CPRI4,HYDR,float,53,56,3,CORRECT,,,0,0,,0,0,,,*** Priority of this category.
RCHRES,HYDR-CEVAP,CEVAP4,HYDR,float,56,62,6,CORRECT,,,0,0,1,0,0,1,,"*** Fraction of evaporation which is taken from specified category at this
*** priority level."
RCHRES,HYDR-CEVAP,CTAG5,HYDR,string,62,66,4,,,,,,,,,,,*** Category for this fraction.
RCHRES,HYDR-CEVAP,CPRI5,HYDR,float,66,69,3,CORRECT,,,0,0,,0,0,,,*** Priority of this category.
RCHRES,HYDR-CEVAP,CEVAP5,HYDR,float,69,75,6,CORRECT,,,0,0,1,0,0,1,,"*** Fraction of evaporation which is taken from specified category at this
*** priority level."
RCHRES,HYDR-CFVOL,OPNID,HYDR,int,0,5,5,PROTECTED,,,,,,,,,,*** RCHRES to which these data apply.
RCHRES,HYDR-CFVOL,OPNIDLAST,HYDR,int,5,10,5,PROTECTED,,,,,,,,,,*** RCHRES to which these data apply.
RCHRES,HYDR-CFVOL,CTAG1,HYDR,string,10,14,4,,,,,,,,,,,*** Category for this fraction.
RCHRES,HYDR-CFVOL,CEXIT1,HYDR,float,14,16,2,CORRECT,,,0,0,5,0,0,5,,*** Exit to which this priority applies.
RCHRES,HYDR-CFVOL,CPRI1,HYDR,float,16,19,3,CORRECT,,,0,0,,0,0,,,*** Priority of this category.
RCHRES,HYDR-CFVOL,CFVOL1,HYDR,float,19,25,6,CORRECT,,,0,0,1,0,0,1,,"*** Fraction of FVOL flow which is taken from specified category at this
*** priority level."
RCHRES,HYDR-CFVOL,CTAG2,HYDR,string,25,29,4,,,,,,,,,,,*** Category for this fraction.
RCHRES,HYDR-CFVOL,CEXIT2,HYDR,float,29,31,2,CORRECT,,,0,0,5,0,0,5,,*** Exit to which this priority applies.
RCHRES,HYDR-CFVOL,CPRI2,HYDR,float,31,34,3,CORRECT,,,0,0,,0,0,,,*** Priority of this category.
RCHRES,HYDR-CFVOL,CFVOL2,HYDR,float,34,40,6,CORRECT,,,0,0,1,0,0,1,,"*** Fraction of FVOL flow which is taken from specified category at this
*** priority level."
RCHRES,HYDR-CFVOL,CTAG3,HYDR,string,40,44,4,,,,,,,,,,,*** Category for this fraction.
RCHRES,HYDR-CFVOL,CEXIT3,HYDR,float,44,46,2,CORRECT,,,0,0,5,0,0,5,,*** Exit to which this priority applies.
RCHRES,HYDR-CFVOL,CPRI3,HYDR,float,46,49,3,CORRECT,,,0,0,,0,0,,,*** Priority of this category.
RCHRES,HYDR-CFVOL,CFVOL3,HYDR,float,49,55,6,CORRECT,,,0,0,1,0,0,1,,"*** Fraction of FVOL flow which is taken from specified category at this
*** priority level."
RCHRES,HYDR-CFVOL,CTAG4,HYDR,string,55,59,4,,,,,,,,,,,*** Category for this fraction.
RCHRES,HYDR-CFVOL,CEXIT4,HYDR,float,59,61,2,CORRECT,,,0,0,5,0,0,5,,*** Exit to which this priority applies.
RCHRES,HYDR-CFVOL,CPRI4,HYDR,float,61,64,3,CORRECT,,,0,0,,0,0,,,*** Priority of this category.
RCHRES,HYDR-CFVOL,CFVOL,HYDR,float,64,70,6,CORRECT,,,0,0,1,0,0,1,,"*** Fraction of FVOL flow which is taken from specified category at this
*** priority level."
RCHRES,HYDR-CINIT,OPNID,HYDR,int,0,5,5,PROTECTED,,,,,,,,,,*** RCHRES to which these data apply.
RCHRES,HYDR-CINIT,OPNIDLAST,HYDR,int,5,10,5,PROTECTED,,,,,,,,,,*** RCHRES to which these data apply.
RCHRES,HYDR-CINIT,CTAG1,HYDR,string,10,14,4,,,,,,,,,,,*** Category for this fraction.
RCHRES,HYDR-CINIT,CFRAC1,HYDR,float,14,20,6,CORRECT,,,0,0,1,0,0,1,,"*** Fraction of initial storage VOL in Table-type HYDR-INIT which belongs to
*** specified category."
RCHRES,HYDR-CINIT,CTAG2,HYDR,string,20,24,4,,,,,,,,,,,*** Category for this fraction.
RCHRES,HYDR-CINIT,CFRAC2,HYDR,float,24,30,6,CORRECT,,,0,0,1,0,0,1,,"*** Fraction of initial storage VOL in Table-type HYDR-INIT which belongs to
*** specified category."
RCHRES,HYDR-CINIT,CTAG3,HYDR,string,30,34,4,,,,,,,,,,,*** Category for this fraction.
RCHRES,HYDR-CINIT,CFRAC3,HYDR,float,34,40,6,CORRECT,,,0,0,1,0,0,1,,"*** Fraction of initial storage VOL in Table-type HYDR-INIT which belongs to
*** specified category."
RCHRES,HYDR-CINIT,CTAG4,HYDR,string,40,44,4,,,,,,,,,,,*** Category for this fraction.
RCHRES,HYDR-CINIT,CFRAC4,HYDR,float,44,50,6,CORRECT,,,0,0,1,0,0,1,,"*** Fraction of initial storage VOL in Table-type HYDR-INIT which belongs to
*** specified category."
RCHRES,HYDR-CINIT,CTAG5,HYDR,string,50,54,4,,,,,,,,,,,*** Category for this fraction.
RCHRES,HYDR-CINIT,CFRAC5,HYDR,float,54,60,6,CORRECT,,,0,0,1,0,0,1,,"*** Fraction of initial storage VOL in Table-type HYDR-INIT which belongs to
*** specified category."
RCHRES,HYDR-CINIT,CTAG6,HYDR,string,60,64,4,,,,,,,,,,,*** Category for this fraction.
RCHRES,HYDR-CINIT,CFRAC6,HYDR,float,64,70,6,CORRECT,,,0,0,1,0,0,1,,"*** Fraction of initial storage VOL in Table-type HYDR-INIT which belongs to
*** specified category."
RCHRES,HYDR-CINIT,CTAG7,HYDR,string,70,74,4,,,,,,,,,,,*** Category for this fraction.
RCHRES,HYDR-CINIT,CFRAC7,HYDR,float,74,80,6,CORRECT,,,0,0,1,0,0,1,,"*** Fraction of initial storage VOL in Table-type HYDR-INIT which belongs to
*** specified category."
RCHRES,HYDR-CPREC,OPNID,HYDR,int,0,5,5,PROTECTED,,,,,,,,,,*** RCHRES to which these data apply.
RCHRES,HYDR-CPREC,OPNIDLAST,HYDR,int,5,10,5,PROTECTED,,,,,,,,,,*** RCHRES to which these data apply.
RCHRES,HYDR-CPREC,CTAG1,HYDR,string,10,14,4,,,,,,,,,,,*** Category for this fraction.
RCHRES,HYDR-CPREC,CPREC1,HYDR,float,14,20,6,CORRECT,,,0,0,1,0,0,1,,*** Fraction of precipitation which is added to specified category.
RCHRES,HYDR-CPREC,CTAG2,HYDR,string,20,24,4,,,,,,,,,,,*** Category for this fraction.
RCHRES,HYDR-CPREC,CPREC2,HYDR,float,24,30,6,CORRECT,,,0,0,1,0,0,1,,*** Fraction of precipitation which is added to specified category.
RCHRES,HYDR-CPREC,CTAG3,HYDR,string,30,34,4,,,,,,,,,,,*** Category for this fraction.
RCHRES,HYDR-CPREC,CPREC3,HYDR,float,34,40,6,CORRECT,,,0,0,1,0,0,1,,*** Fraction of precipitation which is added to specified category.
RCHRES,HYDR-CPREC,CTAG4,HYDR,string,40,44,4,,,,,,,,,,,*** Category for this fraction.
RCHRES,HYDR-CPREC,CPREC4,HYDR,float,44,50,6,CORRECT,,,0,0,1,0,0,1,,*** Fraction of precipitation which is added to specified category.
RCHRES,HYDR-CPREC,CTAG5,HYDR,string,50,54,4,,,,,,,,,,,*** Category for this fraction.
RCHRES,HYDR-CPREC,CPREC5,HYDR,float,54,60,6,CORRECT,,,0,0,1,0,0,1,,*** Fraction of precipitation which is added to specified category.
RCHRES,HYDR-CPREC,CTAG6,HYDR,string,60,64,4,,,,,,,,,,,*** Category for this fraction.
RCHRES,HYDR-CPREC,CPREC6,HYDR,float,64,70,6,CORRECT,,,0,0,1,0,0,1,,*** Fraction of precipitation which is added to specified category.
RCHRES,HYDR-CPREC,CTAG7,HYDR,string,70,74,4,,,,,,,,,,,*** Category for this fraction.
RCHRES,HYDR-CPREC,CPREC7,HYDR,float,74,80,6,CORRECT,,,0,0,1,0,0,1,,*** Fraction of precipitation which is added to specified category.
RCHRES,HYDR-INIT,OPNID,HYDR,int,0,5,5,PROTECTED,,,,,,,,,,*** RCHRES to which these data apply.
RCHRES,HYDR-INIT,OPNIDLAST,HYDR,int,5,10,5,PROTECTED,,,,,,,,,,*** RCHRES to which these data apply.
RCHRES,HYDR-INIT,VOL,HYDR,float,10,20,10,CORRECT,,,0,0,,0,0,,,*** VOL is the initial volume of water in the RCHRES.
RCHRES,HYDR-INIT,ICAT,HYDR,float,21,25,4,,,,,,,,,,,*** ICAT is the initial category of water in the RCHRES.
RCHRES,HYDR-INIT,COLIN1,HYDR,float,25,30,5,CORRECT,,,4,4,8,4,4,8,,"*** The value of COLIN1 for an exit indicates the pair of columns used to
*** evaluate the initial value of the F(VOL) component of outflow demand for
*** the exit."
RCHRES,HYDR-INIT,COLIN2,HYDR,float,30,35,5,CORRECT,,,4,4,8,4,4,8,,*** See help for COLIN1.
RCHRES,HYDR-INIT,COLIN3,HYDR,float,35,40,5,CORRECT,,,4,4,8,4,4,8,,*** See help for COLIN1.
RCHRES,HYDR-INIT,COLIN4,HYDR,float,40,45,5,CORRECT,,,4,4,8,4,4,8,,*** See help for COLIN1.
RCHRES,HYDR-INIT,COLIN5,HYDR,float,45,50,5,CORRECT,,,4,4,8,4,4,8,,*** See help for COLIN1.
RCHRES,HYDR-INIT,OUTDG1,HYDR,float,55,60,5,CORRECT,,,0,0,,0,0,,,"*** The array OUTDG1 specifies the G(T) component of the initial outflow
*** demand for each exit from the RCHRES."
RCHRES,HYDR-INIT,OUTDG2,HYDR,float,60,65,5,CORRECT,,,0,0,,0,0,,,*** See help for OUTDG1.
RCHRES,HYDR-INIT,OUTDG3,HYDR,float,65,70,5,CORRECT,,,0,0,,0,0,,,*** See help for OUTDG1.
RCHRES,HYDR-INIT,OUTDG4,HYDR,float,70,75,5,CORRECT,,,0,0,,0,0,,,*** See help for OUTDG1.
RCHRES,HYDR-INIT,OUTDG5,HYDR,float,75,80,5,CORRECT,,,0,0,,0,0,,,*** See help for OUTDG1.
RCHRES,HYDR-IRRIG,OPNID,HYDR,int,0,5,5,PROTECTED,,,,,,,,,,*** RCHRES to which these data apply.
RCHRES,HYDR-IRRIG,OPNIDLAST,HYDR,int,5,10,5,PROTECTED,,,,,,,,,,*** RCHRES to which these data apply.
RCHRES,HYDR-IRRIG,IREXIT,HYDR,float,10,20,10,CORRECT,,,0,0,5,0,0,5,,"*** IREXIT is the exit number that will be used for irrigation withdrawals.
*** This exit should have no other demands, such as f(VOL) or g(t)."
RCHRES,HYDR-IRRIG,IRMINV,HYDR,float,20,30,10,CORRECT,,,0,0,,0,0,,,"*** IRMINV is a floor value for VOL below which no irrigation withdrawals
*** may be made."
RCHRES,HYDR-PARM1,OPNID,HYDR,int,0,5,5,PROTECTED,,,,,,,,,,*** RCHRES to which these data apply.
RCHRES,HYDR-PARM1,OPNIDLAST,HYDR,int,5,10,5,PROTECTED,,,,,,,,,,*** RCHRES to which these data apply.
RCHRES,HYDR-PARM1,VCONFG,HYDR,int,12,15,3,CORRECT,,,0,0,1,0,0,1,,"*** A value of 1 for VCONFG means that F(VOL) outflow demand components are
*** multiplied by a factor which is allowed to vary."
RCHRES,HYDR-PARM1,AUX1FG,HYDR,int,15,18,3,CORRECT,,,0,0,2,0,0,2,,"*** A value of 1 for AUX1FG means subroutine AUXIL will be called to compute
*** depth, stage, surface area, average depth, and topwidth, and values for
*** these parameters will be reported in the printout. A value of 0
*** supresses the calculation and printout of this information. A value of 2
*** forces AUXIL to compute the variables even if VOL=0."
RCHRES,HYDR-PARM1,AUX2FG,HYDR,int,18,21,3,CORRECT,,,0,0,1,0,0,1,,"*** A value of 1 for AUX2FG means average velocity and average cross
*** sectional area will be calculated, and values for these parameters will
*** be reported in the printout. A value of 0 supresses the calculation and
*** printout of this information. If AUX2FG is 1, AUX1FG must also be
*** 1."
RCHRES,HYDR-PARM1,AUX3FG,HYDR,int,22,25,3,CORRECT,,,0,0,1,0,0,1,,"*** A value of 1 for AUX3FG means the shear velocity and bed shear stress
*** will be calculated. These are used in the calculation of deposition and
*** scour of sediment (inorganic and organic). AUX3FG may only be turned ON
*** (=1) if AUX1FG and AUX2FG are also =1."
RCHRES,HYDR-PARM1,ODFVFG1,HYDR,int,25,28,3,CORRECT,,,0,-5,8,0,-5,8,,"*** The value specified for ODFVF1 determines the F(VOL) component of the
*** outflow demand. A value of 0 means that the outflow demand does not have
*** a volume dependent component. A value greater than 0 indicates the
*** column number in RCHTAB which contains the F(VOL) component. If the
*** value specified for ODFVF1 is less than 0, the absolute value indicates
*** the element of array COLIND( ) which defines a pair of columns in RCHTAB
*** which are used to evaluate the F(VOL) component. Further explanation of
*** this latter option is provided in the functional description of the HYDR
*** section in Part E. A value of ODFVF1 can be specified for each exit from
*** a RCHRES."
RCHRES,HYDR-PARM1,ODFVFG2,HYDR,int,28,31,3,CORRECT,,,0,-5,8,0,-5,8,,*** See help for ODFVF1.
RCHRES,HYDR-PARM1,ODFVFG3,HYDR,int,31,34,3,CORRECT,,,0,-5,8,0,-5,8,,*** See help for ODFVF1.
RCHRES,HYDR-PARM1,ODFVFG4,HYDR,int,34,37,3,CORRECT,,,0,-5,8,0,-5,8,,*** See help for ODFVF1.
RCHRES,HYDR-PARM1,ODFVFG5,HYDR,int,37,40,3,CORRECT,,,0,-5,8,0,-5,8,,*** See help for ODFVF1.
RCHRES,HYDR-PARM1,ODGTFG1,HYDR,int,45,48,3,CORRECT,,,0,-5,5,0,-5,5,,"*** The value specified for ODGTF1 determines the G(T) component of the
*** outflow demand. A value of 0 means that the outflow demand does not have
*** such a component. A value greater than 0 indicates the element number of
*** the array OUTDGT( ) which contains the G(T) component. A value of ODGTF1
*** can be specified for each exit from a RCHRES."
RCHRES,HYDR-PARM1,ODGTFG2,HYDR,int,48,51,3,CORRECT,,,0,-5,5,0,-5,5,,*** See help for ODGTF1.
RCHRES,HYDR-PARM1,ODGTFG3,HYDR,int,51,54,3,CORRECT,,,0,-5,5,0,-5,5,,*** See help for ODGTF1.
RCHRES,HYDR-PARM1,ODGTFG4,HYDR,int,54,57,3,CORRECT,,,0,-5,5,0,-5,5,,*** See help for ODGTF1.
RCHRES,HYDR-PARM1,ODGTFG5,HYDR,int,57,60,3,CORRECT,,,0,-5,5,0,-5,5,,*** See help for ODGTF1.
RCHRES,HYDR-PARM1,FUNCT1,HYDR,int,65,68,3,CORRECT,,,1,1,4,1,1,4,,"*** FUNCT1 determines the function used to combine the components of an
*** outflow demand; 1 means use the smaller of F(VOL) and G(T), 2 means use
*** the larger of F(VOL) and G(T), and 3 means use the sum of F(VOL) and
*** G(T)."
RCHRES,HYDR-PARM1,FUNCT2,HYDR,int,68,71,3,CORRECT,,,1,1,4,1,1,4,,*** See help for FUNCT1.
RCHRES,HYDR-PARM1,FUNCT3,HYDR,int,71,74,3,CORRECT,,,1,1,4,1,1,4,,*** See help for FUNCT1.
RCHRES,HYDR-PARM1,FUNCT4,HYDR,int,74,77,3,CORRECT,,,1,1,4,1,1,4,,*** See help for FUNCT1.
RCHRES,HYDR-PARM1,FUNCT5,HYDR,int,77,80,3,CORRECT,,,1,1,4,1,1,4,,*** See help for FUNCT1.
RCHRES,HYDR-PARM2,OPNID,HYDR,int,0,5,5,PROTECTED,,,,,,,,,,*** RCHRES to which these data apply.
RCHRES,HYDR-PARM2,OPNIDLAST,HYDR,int,5,10,5,PROTECTED,,,,,,,,,,*** RCHRES to which these data apply.
RCHRES,HYDR-PARM2,FTBW,HYDR,int,10,15,5,CORRECT,,,0,0,999,0,0,999,,"*** FTBU is the user's number for the F-Table which contains the geometric
*** and hydraulic properties of the RCHRES. If FTBW is zero, the F-Table is
*** found in the FTABLES Block. If FTBW is positive, then FTBU is the number
*** of the table within that dataset."
RCHRES,HYDR-PARM2,FTBUCI,HYDR,int,15,20,5,CORRECT,,,,,,,,,,"*** FTBU is the user's number for the F-Table which contains the geometric
*** and hydraulic properties of the RCHRES. If FTBW is zero, the F-Table is
*** found in the FTABLES Block. If FTBW is positive, then FTBU is the number
*** of the table within that dataset."
RCHRES,HYDR-PARM2,LEN,HYDR,float,20,30,10,CORRECT,,,,0.016,,,0.01,,,*** LEN is the length of the RCHRES.
RCHRES,HYDR-PARM2,DELTH,HYDR,float,30,40,10,CORRECT,,,0,0,,0,0,,,"*** DELTH is the drop in water elevation from the upstream to the downstream
*** extremities of the RCHRES. (It is used if section OXRX is active and
*** reaeration is being computed using the Tsivoglou-Wallace equation; or if
*** section SEDTRN is active and sandload transport capacity is being
*** computed using either the Toffaleti or Colby method. )"
RCHRES,HYDR-PARM2,STCOR,HYDR,float,40,50,10,CORRECT,,,0,,,0,,,,"*** STCOR is the correction to the RCHRES depth to calculate stage. (Depth +
*** STCOR = Stage)"
RCHRES,HYDR-PARM2,KS,HYDR,float,50,60,10,CORRECT,,,0,0,0.99,0,0,0.99,,"*** KS is the weighting factor for hydraulic routing. Choice of a realistic
*** KS value is discussed in the functional description of the HYDR section
*** in Part E."
RCHRES,HYDR-PARM2,DB50,HYDR,float,60,70,10,CORRECT,,,0.25,0.0025,2500,0.01,0.0001,100,,"*** DB50 is the median diameter of the bed sediment (assumed constant
*** throughout the run). This value is used to calculate the bed shear
*** stress if the RCHRES is a lake, or calculate the rate of sand transport
*** if the Colby or Toffaleti methods are used."
RCHRES,MON-BINV,OPNID,PLANK,int,0,5,5,PROTECTED,,,,,,,,,,*** RCHRES to which these data apply.
RCHRES,MON-BINV,OPNIDLAST,PLANK,int,5,10,5,PROTECTED,,,,,,,,,,*** RCHRES to which these data apply.
RCHRES,MON-BINV,BINVM1,PLANK,float,10,15,5,CORRECT,,,0,0,,0,0,,,"*** BINVM(1) through BINVM(12) are monthly values of benthic invertebrate
*** density."
RCHRES,MON-BINV,BINVM2,PLANK,float,15,20,5,CORRECT,,,0,0,,0,0,,,
RCHRES,MON-BINV,BINVM3,PLANK,float,20,25,5,CORRECT,,,0,0,,0,0,,,
RCHRES,MON-BINV,BINVM4,PLANK,float,25,30,5,CORRECT,,,0,0,,0,0,,,
RCHRES,MON-BINV,BINVM5,PLANK,float,30,35,5,CORRECT,,,0,0,,0,0,,,
RCHRES,MON-BINV,BINVM6,PLANK,float,35,40,5,CORRECT,,,0,0,,0,0,,,
RCHRES,MON-BINV,BINVM7,PLANK,float,40,45,5,CORRECT,,,0,0,,0,0,,,
RCHRES,MON-BINV,BINVM8,PLANK,float,45,50,5,CORRECT,,,0,0,,0,0,,,
RCHRES,MON-BINV,BINVM9,PLANK,float,50,55,5,CORRECT,,,0,0,,0,0,,,
RCHRES,MON-BINV,BINVM10,PLANK,float,55,60,5,CORRECT,,,0,0,,0,0,,,
RCHRES,MON-BINV,BINVM11,PLANK,float,60,65,5,CORRECT,,,0,0,,0,0,,,
RCHRES,MON-BINV,BINVM12,PLANK,float,65,70,5,CORRECT,,,0,0,,0,0,,,
RCHRES,MON-BIO,OPNID,GQUAL,int,0,5,5,PROTECTED,,,,,,,,,,*** RCHRES to which these data apply.
RCHRES,MON-BIO,OPNIDLAST,GQUAL,int,5,10,5,PROTECTED,,,,,,,,,,*** RCHRES to which these data apply.
RCHRES,MON-BIO,BIOM1,GQUAL,float,10,15,5,CORRECT,,,,0.00001,,,0.00001,,,"*** BIOM(1) through BIOM(12) are monthly concentrations of biomass causing
*** biodegradation of qual."
RCHRES,MON-BIO,BIOM2,GQUAL,float,15,20,5,CORRECT,,,,0.00001,,,0.00001,,,
RCHRES,MON-BIO,BIOM3,GQUAL,float,20,25,5,CORRECT,,,,0.00001,,,0.00001,,,
RCHRES,MON-BIO,BIOM4,GQUAL,float,25,30,5,CORRECT,,,,0.00001,,,0.00001,,,
RCHRES,MON-BIO,BIOM5,GQUAL,float,30,35,5,CORRECT,,,,0.00001,,,0.00001,,,
RCHRES,MON-BIO,BIOM6,GQUAL,float,35,40,5,CORRECT,,,,0.00001,,,0.00001,,,
RCHRES,MON-BIO,BIOM7,GQUAL,float,40,45,5,CORRECT,,,,0.00001,,,0.00001,,,
RCHRES,MON-BIO,BIOM8,GQUAL,float,45,50,5,CORRECT,,,,0.00001,,,0.00001,,,
RCHRES,MON-BIO,BIOM9,GQUAL,float,50,55,5,CORRECT,,,,0.00001,,,0.00001,,,
RCHRES,MON-BIO,BIOM10,GQUAL,float,55,60,5,CORRECT,,,,0.00001,,,0.00001,,,
RCHRES,MON-BIO,BIOM11,GQUAL,float,60,65,5,CORRECT,,,,0.00001,,,0.00001,,,
RCHRES,MON-BIO,BIOM12,GQUAL,float,65,70,5,CORRECT,,,,0.00001,,,0.00001,,,
RCHRES,MON-CLOUD,OPNID,GQUAL,int,0,5,5,PROTECTED,,,,,,,,,,*** RCHRES to which these data apply.
RCHRES,MON-CLOUD,OPNIDLAST,GQUAL,int,5,10,5,PROTECTED,,,,,,,,,,*** RCHRES to which these data apply.
RCHRES,MON-CLOUD,CLDM1,GQUAL,float,10,15,5,CORRECT,,,0,0,10,0,0,10,,*** CLDM(1) through CLDM(12) are monthly values of average cloud cov
RCHRES,MON-CLOUD,CLDM2,GQUAL,float,15,20,5,CORRECT,,,0,0,10,0,0,10,,
RCHRES,MON-CLOUD,CLDM3,GQUAL,float,20,25,5,CORRECT,,,0,0,10,0,0,10,,
RCHRES,MON-CLOUD,CLDM4,GQUAL,float,25,30,5,CORRECT,,,0,0,10,0,0,10,,
RCHRES,MON-CLOUD,CLDM5,GQUAL,float,30,35,5,CORRECT,,,0,0,10,0,0,10,,
RCHRES,MON-CLOUD,CLDM6,GQUAL,float,35,40,5,CORRECT,,,0,0,10,0,0,10,,
RCHRES,MON-CLOUD,CLDM7,GQUAL,float,40,45,5,CORRECT,,,0,0,10,0,0,10,,
RCHRES,MON-CLOUD,CLDM8,GQUAL,float,45,50,5,CORRECT,,,0,0,10,0,0,10,,
RCHRES,MON-CLOUD,CLDM9,GQUAL,float,50,55,5,CORRECT,,,0,0,10,0,0,10,,
RCHRES,MON-CLOUD,CLDM10,GQUAL,float,55,60,5,CORRECT,,,0,0,10,0,0,10,,
RCHRES,MON-CLOUD,CLDM11,GQUAL,float,60,65,5,CORRECT,,,0,0,10,0,0,10,,
RCHRES,MON-CLOUD,CLDM12,GQUAL,float,65,70,5,CORRECT,,,0,0,10,0,0,10,,
RCHRES,MON-CONVF,OPNID,HYDR,int,0,5,5,PROTECTED,,,,,,,,,,*** RCHRES to which these data apply.
RCHRES,MON-CONVF,OPNIDLAST,HYDR,int,5,10,5,PROTECTED,,,,,,,,,,*** RCHRES to which these data apply.
RCHRES,MON-CONVF,VOLJAN,HYDR,float,10,15,5,CORRECT,,,0,0,,0,0,,,*** Value of F(VOL) adjustment factor at start of January.
RCHRES,MON-CONVF,VOLFEB,HYDR,float,15,20,5,CORRECT,,,0,0,,0,0,,,
RCHRES,MON-CONVF,VOLMAR,HYDR,float,20,25,5,CORRECT,,,0,0,,0,0,,,
RCHRES,MON-CONVF,VOLAPR,HYDR,float,25,30,5,CORRECT,,,0,0,,0,0,,,
RCHRES,MON-CONVF,VOLMAY,HYDR,float,30,35,5,CORRECT,,,0,0,,0,0,,,
RCHRES,MON-CONVF,VOLJUN,HYDR,float,35,40,5,CORRECT,,,0,0,,0,0,,,
RCHRES,MON-CONVF,VOLJUL,HYDR,float,40,45,5,CORRECT,,,0,0,,0,0,,,
RCHRES,MON-CONVF,VOLAUG,HYDR,float,45,50,5,CORRECT,,,0,0,,0,0,,,
RCHRES,MON-CONVF,VOLSEP,HYDR,float,50,55,5,CORRECT,,,0,0,,0,0,,,
RCHRES,MON-CONVF,VOLOCT,HYDR,float,55,60,5,CORRECT,,,0,0,,0,0,,,
RCHRES,MON-CONVF,VOLNOV,HYDR,float,60,65,5,CORRECT,,,0,0,,0,0,,,
RCHRES,MON-CONVF,VOLDEC,HYDR,float,65,70,5,CORRECT,,,0,0,,0,0,,,
RCHRES,MON-HT-TGRND,OPNID,HTRCH,int,0,5,5,PROTECTED,,,,,,,,,,*** RCHRES to which these data apply.
RCHRES,MON-HT-TGRND,OPNIDLAST,HTRCH,int,5,10,5,PROTECTED,,,,,,,,,,*** RCHRES to which these data apply.
RCHRES,MON-HT-TGRND,TGRND1,HTRCH,float,10,15,5,CORRECT,,,,-10,45,,14,113,,*** TGRND1 is the ground temperature in January.
RCHRES,MON-HT-TGRND,TGRND2,HTRCH,float,15,20,5,CORRECT,,,,-10,45,,14,113,,
RCHRES,MON-HT-TGRND,TGRND3,HTRCH,float,20,25,5,CORRECT,,,,-10,45,,14,113,,
RCHRES,MON-HT-TGRND,TGRND4,HTRCH,float,25,30,5,CORRECT,,,,-10,45,,14,113,,
RCHRES,MON-HT-TGRND,TGRND5,HTRCH,float,30,35,5,CORRECT,,,,-10,45,,14,113,,
RCHRES,MON-HT-TGRND,TGRND6,HTRCH,float,35,40,5,CORRECT,,,,-10,45,,14,113,,
RCHRES,MON-HT-TGRND,TGRND7,HTRCH,float,40,45,5,CORRECT,,,,-10,45,,14,113,,
RCHRES,MON-HT-TGRND,TGRND8,HTRCH,float,45,50,5,CORRECT,,,,-10,45,,14,113,,
RCHRES,MON-HT-TGRND,TGRND9,HTRCH,float,50,55,5,CORRECT,,,,-10,45,,14,113,,
RCHRES,MON-HT-TGRND,TGRND10,HTRCH,float,55,60,5,CORRECT,,,,-10,45,,14,113,,
RCHRES,MON-HT-TGRND,TGRND11,HTRCH,float,60,65,5,CORRECT,,,,-10,45,,14,113,,
RCHRES,MON-HT-TGRND,TGRND12,HTRCH,float,65,70,5,CORRECT,,,,-10,45,,14,113,,
RCHRES,MON-PHVAL,OPNID,GQUAL,int,0,5,5,PROTECTED,,,,,,,,,,*** RCHRES to which these data apply.
RCHRES,MON-PHVAL,OPNIDLAST,GQUAL,int,5,10,5,PROTECTED,,,,,,,,,,*** RCHRES to which these data apply.
RCHRES,MON-PHVAL,PHVA1,GQUAL,float,10,15,5,CORRECT,,,7,1,14,7,1,14,,*** PHVA1 is the value of pH in January.
RCHRES,MON-PHVAL,PHVA2,GQUAL,float,15,20,5,CORRECT,,,7,1,14,7,1,14,,
RCHRES,MON-PHVAL,PHVA3,GQUAL,float,20,25,5,CORRECT,,,7,1,14,7,1,14,,
RCHRES,MON-PHVAL,PHVA4,GQUAL,float,25,30,5,CORRECT,,,7,1,14,7,1,14,,
RCHRES,MON-PHVAL,PHVA5,GQUAL,float,30,35,5,CORRECT,,,7,1,14,7,1,14,,
RCHRES,MON-PHVAL,PHVA6,GQUAL,float,35,40,5,CORRECT,,,7,1,14,7,1,14,,
RCHRES,MON-PHVAL,PHVA7,GQUAL,float,40,45,5,CORRECT,,,7,1,14,7,1,14,,
RCHRES,MON-PHVAL,PHVA8,GQUAL,float,45,50,5,CORRECT,,,7,1,14,7,1,14,,
RCHRES,MON-PHVAL,PHVA9,GQUAL,float,50,55,5,CORRECT,,,7,1,14,7,1,14,,
RCHRES,MON-PHVAL,PHVA10,GQUAL,float,55,60,5,CORRECT,,,7,1,14,7,1,14,,
RCHRES,MON-PHVAL,PHVA11,GQUAL,float,60,65,5,CORRECT,,,7,1,14,7,1,14,,
RCHRES,MON-PHVAL,PHVA12,GQUAL,float,65,70,5,CORRECT,,,7,1,14,7,1,14,,
RCHRES,MON-PHYTO,OPNID,GQUAL,int,0,5,5,PROTECTED,,,,,,,,,,*** RCHRES to which these data apply.
RCHRES,MON-PHYTO,OPNIDLAST,GQUAL,int,5,10,5,PROTECTED,,,,,,,,,,*** RCHRES to which these data apply.
RCHRES,MON-PHYTO,PHYM1,GQUAL,float,10,15,5,CORRECT,,,0,0,,0,0,,,*** PHYM(1) through PHYM(12) are monthly values of phytoplankton concentration.
RCHRES,MON-PHYTO,PHYM2,GQUAL,float,15,20,5,CORRECT,,,0,0,,0,0,,,
RCHRES,MON-PHYTO,PHYM3,GQUAL,float,20,25,5,CORRECT,,,0,0,,0,0,,,
RCHRES,MON-PHYTO,PHYM4,GQUAL,float,25,30,5,CORRECT,,,0,0,,0,0,,,
RCHRES,MON-PHYTO,PHYM5,GQUAL,float,30,35,5,CORRECT,,,0,0,,0,0,,,
RCHRES,MON-PHYTO,PHYM6,GQUAL,float,35,40,5,CORRECT,,,0,0,,0,0,,,
RCHRES,MON-PHYTO,PHYM7,GQUAL,float,40,45,5,CORRECT,,,0,0,,0,0,,,
RCHRES,MON-PHYTO,PHYM8,GQUAL,float,45,50,5,CORRECT,,,0,0,,0,0,,,
RCHRES,MON-PHYTO,PHYM9,GQUAL,float,50,55,5,CORRECT,,,0,0,,0,0,,,
RCHRES,MON-PHYTO,PHYM10,GQUAL,float,55,60,5,CORRECT,,,0,0,,0,0,,,
RCHRES,MON-PHYTO,PHYM11,GQUAL,float,60,65,5,CORRECT,,,0,0,,0,0,,,
RCHRES,MON-PHYTO,PHYM12,GQUAL,float,65,70,5,CORRECT,,,0,0,,0,0,,,
RCHRES,MON-ROXYGEN,OPNID,GQUAL,int,0,5,5,PROTECTED,,,,,,,,,,*** RCHRES to which these data apply.
RCHRES,MON-ROXYGEN,OPNIDLAST,GQUAL,int,5,10,5,PROTECTED,,,,,,,,,,*** RCHRES to which these data apply.
RCHRES,MON-ROXYGEN,ROCM1,GQUAL,float,10,15,5,CORRECT,,,0,0,,0,0,,,*** ROCM1 is the value of free radical oxygen concentration in January.
RCHRES,MON-ROXYGEN,ROCM2,GQUAL,float,15,20,5,CORRECT,,,0,0,,0,0,,,
RCHRES,MON-ROXYGEN,ROCM3,GQUAL,float,20,25,5,CORRECT,,,0,0,,0,0,,,
RCHRES,MON-ROXYGEN,ROCM4,GQUAL,float,25,30,5,CORRECT,,,0,0,,0,0,,,
RCHRES,MON-ROXYGEN,ROCM5,GQUAL,float,30,35,5,CORRECT,,,0,0,,0,0,,,
RCHRES,MON-ROXYGEN,ROCM6,GQUAL,float,35,40,5,CORRECT,,,0,0,,0,0,,,
RCHRES,MON-ROXYGEN,ROCM7,GQUAL,float,40,45,5,CORRECT,,,0,0,,0,0,,,
RCHRES,MON-ROXYGEN,ROCM8,GQUAL,float,45,50,5,CORRECT,,,0,0,,0,0,,,
RCHRES,MON-ROXYGEN,ROCM9,GQUAL,float,50,55,5,CORRECT,,,0,0,,0,0,,,
RCHRES,MON-ROXYGEN,ROCM10,GQUAL,float,55,60,5,CORRECT,,,0,0,,0,0,,,
RCHRES,MON-ROXYGEN,ROCM11,GQUAL,float,60,65,5,CORRECT,,,0,0,,0,0,,,
RCHRES,MON-ROXYGEN,ROCM12,GQUAL,float,65,70,5,CORRECT,,,0,0,,0,0,,,
RCHRES,MON-SEDCONC,OPNID,GQUAL,int,0,5,5,PROTECTED,,,,,,,,,,*** RCHRES to which these data apply.
RCHRES,MON-SEDCONC,OPNIDLAST,GQUAL,int,5,10,5,PROTECTED,,,,,,,,,,*** RCHRES to which these data apply.
RCHRES,MON-SEDCONC,SDCN1,GQUAL,float,10,15,5,CORRECT,,,0,0,,0,0,,,"*** SDCN(1) through SDCN(12) are monthly average suspended sediment
*** concentration values."
RCHRES,MON-SEDCONC,SDCN2,GQUAL,float,15,20,5,CORRECT,,,0,0,,0,0,,,
RCHRES,MON-SEDCONC,SDCN3,GQUAL,float,20,25,5,CORRECT,,,0,0,,0,0,,,
RCHRES,MON-SEDCONC,SDCN4,GQUAL,float,25,30,5,CORRECT,,,0,0,,0,0,,,
RCHRES,MON-SEDCONC,SDCN5,GQUAL,float,30,35,5,CORRECT,,,0,0,,0,0,,,
RCHRES,MON-SEDCONC,SDCN6,GQUAL,float,35,40,5,CORRECT,,,0,0,,0,0,,,
RCHRES,MON-SEDCONC,SDCN7,GQUAL,float,40,45,5,CORRECT,,,0,0,,0,0,,,
RCHRES,MON-SEDCONC,SDCN8,GQUAL,float,45,50,5,CORRECT,,,0,0,,0,0,,,
RCHRES,MON-SEDCONC,SDCN9,GQUAL,float,50,55,5,CORRECT,,,0,0,,0,0,,,
RCHRES,MON-SEDCONC,SDCN10,GQUAL,float,55,60,5,CORRECT,,,0,0,,0,0,,,
RCHRES,MON-SEDCONC,SDCN11,GQUAL,float,60,65,5,CORRECT,,,0,0,,0,0,,,
RCHRES,MON-SEDCONC,SDCN12,GQUAL,float,65,70,5,CORRECT,,,0,0,,0,0,,,
RCHRES,MON-WATEMP,OPNID,GQUAL,int,0,5,5,PROTECTED,,,,,,,,,,*** RCHRES to which these data apply.
RCHRES,MON-WATEMP,OPNIDLAST,GQUAL,int,5,10,5,PROTECTED,,,,,,,,,,*** RCHRES to which these data apply.
RCHRES,MON-WATEMP,TEMP1,GQUAL,float,10,15,5,CORRECT,,,15.5,0.1,100,60,32,212,,*** TEMP1 is the water temperature in January.
RCHRES,MON-WATEMP,TEMP2,GQUAL,float,15,20,5,CORRECT,,,,,,,,,,
RCHRES,MON-WATEMP,TEMP3,GQUAL,float,20,25,5,CORRECT,,,,,,,,,,
RCHRES,MON-WATEMP,TEMP4,GQUAL,float,25,30,5,CORRECT,,,,,,,,,,
RCHRES,MON-WATEMP,TEMP5,GQUAL,float,30,35,5,CORRECT,,,,,,,,,,
RCHRES,MON-WATEMP,TEMP6,GQUAL,float,35,40,5,CORRECT,,,,,,,,,,
RCHRES,MON-WATEMP,TEMP7,GQUAL,float,40,45,5,CORRECT,,,,,,,,,,
RCHRES,MON-WATEMP,TEMP8,GQUAL,float,45,50,5,CORRECT,,,,,,,,,,
RCHRES,MON-WATEMP,TEMP9,GQUAL,float,50,55,5,CORRECT,,,,,,,,,,
RCHRES,MON-WATEMP,TEMP10,GQUAL,float,55,60,5,CORRECT,,,,,,,,,,
RCHRES,MON-WATEMP,TEMP11,GQUAL,float,60,65,5,CORRECT,,,,,,,,,,
RCHRES,MON-WATEMP,TEMP12,GQUAL,float,65,70,5,CORRECT,,,,,,,,,,
RCHRES,NCONS,OPNID,CONS,int,0,5,5,PROTECTED,,,,,,,,,,*** RCHRES to which these data apply.
RCHRES,NCONS,OPNIDLAST,CONS,int,5,10,5,PROTECTED,,,,,,,,,,*** RCHRES to which these data apply.
RCHRES,NCONS,NCONS,CONS,int,10,15,5,CORRECT,,,1,1,10,1,1,10,,*** NCONS is the no. of conservative constituents simulated.
RCHRES,NODE-PARM,OPNID,DYNAMIC,int,0,5,5,PROTECTED,,,,,,,,,,*** RCHRES to which these data apply.
RCHRES,NODE-PARM,OPNIDLAST,DYNAMIC,int,5,10,5,PROTECTED,,,,,,,,,,*** RCHRES to which these data apply.
RCHRES,NODE-PARM,NODE,DYNAMIC,string,16,20,4,,,,,,,,,,,*** Node id.
RCHRES,NODE-PARM,NELEV,DYNAMIC,float,20,30,10,CORRECT,,,0,0,,0,0,,,*** Invert elevation for this node.
RCHRES,NODE-PARM,NMAX,DYNAMIC,float,30,40,10,CORRECT,,,0,0,,0,0,,,*** Max depth for this node.
RCHRES,NODE-PARM,NDEP,DYNAMIC,float,40,50,10,CORRECT,,,0,0,,0,0,,,*** Initial depth for this node.
RCHRES,NODE-PARM,NPOND,DYNAMIC,float,50,60,10,CORRECT,,,0,0,,0,0,,,*** Ponded area for this node.
RCHRES,NODE-PARM,NDWQIN,DYNAMIC,float,60,65,5,CORRECT,,,0,0,100,0,0,100,,*** Local wq inflow timeseries subscript for this node.
RCHRES,NODE-PARM,NLOC,DYNAMIC,float,65,70,5,CORRECT,,,0,0,100,0,0,100,,*** Local inflow timeseries subscript for this node.
RCHRES,NUT-AD-FLAGS,OPNID,NUTRX,int,0,5,5,PROTECTED,,,,,,,,,,*** RCHRES to which these data apply.
RCHRES,NUT-AD-FLAGS,OPNIDLAST,NUTRX,int,5,10,5,PROTECTED,,,,,,,,,,*** RCHRES to which these data apply.
RCHRES,NUT-AD-FLAGS,NUADFG1,NUTRX,int,11,14,3,CORRECT,-999,,0,-1,999,0,-1,999,,"*** Value of 0 indicates that atmospheric deposition flux of NO3 is either
*** absent or is supplied as a direct time series as NUADFX. A value greater
*** than 0 indicates the index number of the MONTH-DATA block to be used to
*** supply atmospheric deposition data. _PNAME NUADFG(1)"
RCHRES,NUT-AD-FLAGS,NUADFG2,NUTRX,int,14,17,3,CORRECT,-999,,0,-1,999,0,-1,999,,"*** Value of 0 indicates that concentration of NO3 in precipitation is
*** either absent or is supplied as a direct time series as NUADCN. A value
*** greater than 0 indicates the index number of the MONTH-DATA block to be
*** used to supply atmospheric deposition data. _PNAME NUADFG(2)"
RCHRES,NUT-AD-FLAGS,NUADFG3,NUTRX,int,18,21,3,CORRECT,-999,,0,-1,999,0,-1,999,,"*** Value of 0 indicates that atmospheric deposition flux of NH3 is either
*** absent or is supplied as a direct time series as NUADFX. A value greater
*** than 0 indicates the index number of the MONTH-DATA block to be used to
*** supply atmospheric deposition data. _PNAME NUADFG(3)"
RCHRES,NUT-AD-FLAGS,NUADFG4,NUTRX,int,21,24,3,CORRECT,-999,,0,-1,999,0,-1,999,,"*** Value of 0 indicates that concentration of NH3 in precipitation is
*** either absent or is supplied as a direct time series as NUADCN. A value
*** greater than 0 indicates the index number of the MONTH-DATA block to be
*** used to supply atmospheric deposition data. _PNAME NUADFG(4)"
RCHRES,NUT-AD-FLAGS,NUADFG5,NUTRX,int,25,28,3,CORRECT,-999,,0,-1,999,0,-1,999,,"*** Value of 0 indicates that atmospheric deposition flux of PO4 is either
*** absent or is supplied as a direct time series as NUADFX. A value greater
*** than 0 indicates the index number of the MONTH-DATA block to be used to
*** supply atmospheric deposition data. _PNAME NUADFG(5)"
RCHRES,NUT-AD-FLAGS,NUADFG6,NUTRX,int,28,31,3,CORRECT,-999,,0,-1,999,0,-1,999,,"*** Value of 0 indicates that concentration of PO4 in precipitation is
*** either absent or is supplied as a direct time series as NUADCN. A value
*** greater than 0 indicates the index number of the MONTH-DATA block to be
*** used to supply atmospheric deposition data. _PNAME NUADFG(6)"
RCHRES,NUT-ADSINIT,OPNID,NUTRX,int,0,5,5,PROTECTED,,,,,,,,,,*** RCHRES to which these data apply.
RCHRES,NUT-ADSINIT,OPNIDLAST,NUTRX,int,5,10,5,PROTECTED,,,,,,,,,,*** RCHRES to which these data apply.
RCHRES,NUT-ADSINIT,SNH41,NUTRX,float,10,20,10,CORRECT,,,0,0,,0,0,,,"*** SNH4(1) is the initial concentration of NH4-N adsorbed to suspended
*** sand."
RCHRES,NUT-ADSINIT,SNH42,NUTRX,float,20,30,10,CORRECT,,,0,0,,0,0,,,"*** SNH4(2) is the initial concentration of NH4-N adsorbed to suspended
*** silt."
RCHRES,NUT-ADSINIT,SNH43,NUTRX,float,30,40,10,CORRECT,,,0,0,,0,0,,,"*** SNH4(3) is the initial concentration of NH4-N adsorbed to suspended
*** clay."
RCHRES,NUT-ADSINIT,SPO41,NUTRX,float,40,50,10,CORRECT,,,0,0,,0,0,,,"*** SPO4(1) is the initial concentration of PO4-P adsorbed to suspended
*** sand."
RCHRES,NUT-ADSINIT,SPO42,NUTRX,float,50,60,10,CORRECT,,,0,0,,0,0,,,"*** SPO4(2) is the initial concentration of PO4-P adsorbed to suspended
*** silt."
RCHRES,NUT-ADSINIT,SPO43,NUTRX,float,60,70,10,CORRECT,,,0,0,,0,0,,,"*** SPO4(3) is the initial concentration of PO4-P adsorbed to suspended
*** clay."
RCHRES,NUT-ADSPARM,OPNID,NUTRX,int,0,5,5,PROTECTED,,,,,,,,,,*** RCHRES to which these data apply.
RCHRES,NUT-ADSPARM,OPNIDLAST,NUTRX,int,5,10,5,PROTECTED,,,,,,,,,,*** RCHRES to which these data apply.
RCHRES,NUT-ADSPARM,ADNHPM1,NUTRX,float,10,20,10,CORRECT,,,1E-10,1E-10,,1E-10,1E-10,,,*** ADNHPM(1) is the partition coefficient for NH4-N adsorbed to sand.
RCHRES,NUT-ADSPARM,ADNHPM2,NUTRX,float,20,30,10,CORRECT,,,1E-10,1E-10,,1E-10,1E-10,,,*** ADNHPM(2) is the partition coefficient for NH4-N adsorbed to silt.
RCHRES,NUT-ADSPARM,ADNHPM3,NUTRX,float,30,40,10,CORRECT,,,1E-10,1E-10,,1E-10,1E-10,,,*** ADNHPM(3) is the partition coefficient for NH4-N adsorbed to clay.
RCHRES,NUT-ADSPARM,ADPOPM1,NUTRX,float,40,50,10,CORRECT,,,1E-10,1E-10,,1E-10,1E-10,,,*** ADPOPM(1) is the partition coefficient for PO4-P adsorbed to sand.
RCHRES,NUT-ADSPARM,ADPOPM2,NUTRX,float,50,60,10,CORRECT,,,1E-10,1E-10,,1E-10,1E-10,,,*** ADPOPM(2) is the partition coefficient for PO4-P adsorbed to silt.
RCHRES,NUT-ADSPARM,ADPOPM3,NUTRX,float,60,70,10,CORRECT,,,1E-10,1E-10,,1E-10,1E-10,,,*** ADPOPM(3) is the partition coefficient for PO4-P adsorbed to clay.
RCHRES,NUT-BEDCONC,OPNID,NUTRX,int,0,5,5,PROTECTED,,,,,,,,,,*** RCHRES to which these data apply.
RCHRES,NUT-BEDCONC,OPNIDLAST,NUTRX,int,5,10,5,PROTECTED,,,,,,,,,,*** RCHRES to which these data apply.
RCHRES,NUT-BEDCONC,BNH41,NUTRX,float,10,20,10,CORRECT,,,0,0,,0,0,,,"*** BNH4(1) is the constant bed concentration of NH4-N adsorbed to
*** sand."
RCHRES,NUT-BEDCONC,BNH42,NUTRX,float,20,30,10,CORRECT,,,0,0,,0,0,,,"*** BNH4(2) is the constant bed concentration of NH4-N adsorbed to
*** silt."
RCHRES,NUT-BEDCONC,BNH43,NUTRX,float,30,40,10,CORRECT,,,0,0,,0,0,,,"*** BNH4(3) is the constant bed concentration of NH4-N adsorbed to
*** clay."
RCHRES,NUT-BEDCONC,BPO41,NUTRX,float,40,50,10,CORRECT,,,0,0,,0,0,,,"*** BPO4(1) is the constant bed concentration of PO4-P adsorbed to
*** sand."
RCHRES,NUT-BEDCONC,BPO42,NUTRX,float,50,60,10,CORRECT,,,0,0,,0,0,,,"*** BPO4(2) is the constant bed concentration of PO4-P adsorbed to
*** silt."
RCHRES,NUT-BEDCONC,BPO43,NUTRX,float,60,70,10,CORRECT,,,0,0,,0,0,,,"*** BPO4(3) is the constant bed concentration of PO4-P adsorbed to
*** clay."
RCHRES,NUT-BENPARM,OPNID,NUTRX,int,0,5,5,PROTECTED,,,,,,,,,,*** RCHRES to which these data apply.
RCHRES,NUT-BENPARM,OPNIDLAST,NUTRX,int,5,10,5,PROTECTED,,,,,,,,,,*** RCHRES to which these data apply.
RCHRES,NUT-BENPARM,BRNIT1,NUTRX,float,10,20,10,CORRECT,,,0,0,,0,0,,,"*** BRNIT(1) is the benthal release rate of inorganic nitrogen under aerobic
*** conditions."
RCHRES,NUT-BENPARM,BRNIT2,NUTRX,float,20,30,10,CORRECT,,,0,0,,0,0,,,"*** BRNIT(2) is the benthal release rate of inorganic nitrogen under
*** anaerobic conditions."
RCHRES,NUT-BENPARM,BRPO41,NUTRX,float,30,40,10,CORRECT,,,0,0,,0,0,,,"*** BRPO4(1) is the benthal release rate of ortho-phosphate under aerobic
*** conditions."
RCHRES,NUT-BENPARM,BRPO42,NUTRX,float,40,50,10,CORRECT,,,0,0,,0,0,,,"*** BRPO4(2) is the benthal release rate of ortho-phosphate under anaerobic
*** conditions."
RCHRES,NUT-BENPARM,ANAER,NUTRX,float,50,60,10,CORRECT,,,0.005,0.0001,1,0.005,0.0001,1,,"*** ANAER is the concentration of dissolved oxygen below which anaerobic
*** conditions exist."
RCHRES,NUT-DINIT,OPNID,NUTRX,int,0,5,5,PROTECTED,,,,,,,,,,*** RCHRES to which these data apply.
RCHRES,NUT-DINIT,OPNIDLAST,NUTRX,int,5,10,5,PROTECTED,,,,,,,,,,*** RCHRES to which these data apply.
RCHRES,NUT-DINIT,NO3,NUTRX,float,10,20,10,CORRECT,,,0,0,,0,0,,,*** NO3 is the initial concentration of nitrate (as nitrogen).
RCHRES,NUT-DINIT,TAM,NUTRX,float,20,30,10,CORRECT,,,0,0,,0,0,,,*** TAM is the initial concentration of total ammonia (as N).
RCHRES,NUT-DINIT,NO2,NUTRX,float,30,40,10,CORRECT,,,0,0,,0,0,,,*** NO2 is the initial concentration of nitrite (as nitrogen).
RCHRES,NUT-DINIT,PO4,NUTRX,float,40,50,10,CORRECT,,,0,0,,0,0,,,*** PO4 is the initial concentration of ortho-phosphorus (as phosphorus).
RCHRES,NUT-DINIT,PHVAL,NUTRX,float,50,60,10,CORRECT,,,7,0,14,7,0,14,,*** PHVAL is the constant (annual) or initial value of pH.
RCHRES,NUT-FLAGS,OPNID,NUTRX,int,0,5,5,PROTECTED,,,,,,,,,,*** RCHRES to which these data apply.
RCHRES,NUT-FLAGS,OPNIDLAST,NUTRX,int,5,10,5,PROTECTED,,,,,,,,,,*** RCHRES to which these data apply.
RCHRES,NUT-FLAGS,NH3FG,NUTRX,int,10,15,5,CORRECT,,,0,0,1,0,0,1,,*** NH3FG: value of 1 means ammonia is simulated.
RCHRES,NUT-FLAGS,NO2FG,NUTRX,int,15,20,5,CORRECT,,,0,0,1,0,0,1,,*** NO2FG: value of 1 means nitrite is simulated.
RCHRES,NUT-FLAGS,PO4FG,NUTRX,int,20,25,5,CORRECT,,,0,0,1,0,0,1,,*** PO4FG: value of 1 means ortho-phosphorus is simulated.
RCHRES,NUT-FLAGS,AMVFG,NUTRX,int,25,30,5,CORRECT,,,0,0,1,0,0,1,,*** AMVFG: value of 1 means ammonia vaporization is simulated.
RCHRES,NUT-FLAGS,DENFG,NUTRX,int,30,35,5,CORRECT,,,0,0,1,0,0,1,,*** DENFG: value of 1 means denitrification is simulated.
RCHRES,NUT-FLAGS,ADNHFG,NUTRX,int,35,40,5,CORRECT,,,0,0,1,0,0,1,,*** ADNHFG: value of 1 means NH4 adsorption is simulated
RCHRES,NUT-FLAGS,ADPOFG,NUTRX,int,40,45,5,CORRECT,,,0,0,1,0,0,1,,*** ADPOFG: value of 1 means PO4 adsorption is simulated
RCHRES,NUT-FLAGS,PHFLAG,NUTRX,int,45,50,5,CORRECT,,,2,1,3,2,1,3,,"*** PHFLAG: value of 1=time series, 2=annual, 3=monthly values"
RCHRES,NUT-NH3VOLAT,OPNID,NUTRX,int,0,5,5,PROTECTED,,,,,,,,,,*** RCHRES to which these data apply.
RCHRES,NUT-NH3VOLAT,OPNIDLAST,NUTRX,int,5,10,5,PROTECTED,,,,,,,,,,*** RCHRES to which these data apply.
RCHRES,NUT-NH3VOLAT,EXPNVG,NUTRX,float,10,20,10,CORRECT,,,0.5,0.1,2,0.5,0.1,2,,"*** EXPNVG is the exponent in the gas layer mass transfer coefficient
*** equation for NH3 volatilization."
RCHRES,NUT-NH3VOLAT,EXPNVL,NUTRX,float,20,30,10,CORRECT,,,0.6667,0.1,2,0.6667,0.1,2,,"*** EXPNVL is the exponent in the liquid layer mass transfer coefficient
*** equation for NH3 volatilization."
RCHRES,NUT-NITDENIT,OPNID,NUTRX,int,0,5,5,PROTECTED,,,,,,,,,,*** RCHRES to which these data apply.
RCHRES,NUT-NITDENIT,OPNIDLAST,NUTRX,int,5,10,5,PROTECTED,,,,,,,,,,*** RCHRES to which these data apply.
RCHRES,NUT-NITDENIT,KTAM20,NUTRX,float,10,20,10,CORRECT,,,,0.001,,,0.001,,,*** KTAM20 is the unit oxidation rate of total ammonia at 20 C.
RCHRES,NUT-NITDENIT,KNO220,NUTRX,float,20,30,10,CORRECT,,,,0.001,,,0.001,,,*** KNO220 is the unit oxidation rate of nitrite at 20 deg. C.
RCHRES,NUT-NITDENIT,TCNIT,NUTRX,float,30,40,10,CORRECT,,,1.07,1,2,1.07,1,2,,"*** TCNIT is the temperature correction coefficient for the nitrogen
*** oxidation rates."
RCHRES,NUT-NITDENIT,KNO320,NUTRX,float,40,50,10,CORRECT,,,,0.001,,,0.001,,,*** KNO320 is the unit denitrification rate of nitrate at 20 C.
RCHRES,NUT-NITDENIT,TCDEN,NUTRX,float,50,60,10,CORRECT,,,1.07,1,2,1.07,1,2,,"*** TCDEN is the temperature correction coefficient for the denitrification
*** rate."
RCHRES,NUT-NITDENIT,DENOXT,NUTRX,float,60,70,10,CORRECT,,,2,0,,2,0,,,"*** DENOXT is the dissolved oxygen concentration threshhold above which
*** denitrification ceases."
RCHRES,ORIFICE-PARM,OPNID,DYNAMIC,int,0,5,5,PROTECTED,,,,,,,,,,*** RCHRES to which these data apply.
RCHRES,ORIFICE-PARM,OPNIDLAST,DYNAMIC,int,5,10,5,PROTECTED,,,,,,,,,,*** RCHRES to which these data apply.
RCHRES,ORIFICE-PARM,ONODE1,DYNAMIC,string,11,15,4,,,,,,,,,,,*** Starting node id for this orifice.
RCHRES,ORIFICE-PARM,ONODE2,DYNAMIC,string,16,20,4,,,,,,,,,,,*** Ending node id for this orifice.
RCHRES,ORIFICE-PARM,OTYPE,DYNAMIC,string,22,30,8,,,,,,,,,,,*** Orifice type: side or bottom
RCHRES,ORIFICE-PARM,OOFF,DYNAMIC,float,30,40,10,CORRECT,,,0,0.001,100,0,0.001,100,,*** Amt orifice bottom is offset above the invert of inlet node.
RCHRES,ORIFICE-PARM,OCD,DYNAMIC,float,40,50,10,CORRECT,,,0,0,,0,0,,,*** weir dicharge coefficient.
RCHRES,ORIFICE-PARM,OFLAP,DYNAMIC,string,55,59,4,,,,,,,,,,,*** Flap gate present: yes or no
RCHRES,ORIFICE-PARM,ORAT,DYNAMIC,float,60,70,10,CORRECT,,,0,0,,0,0,,,*** Time in decimal hours to open orifice.
RCHRES,ORIFICE-XS,OPNID,DYNAMIC,int,0,5,5,PROTECTED,,,,,,,,,,*** RCHRES to which these data apply.
RCHRES,ORIFICE-XS,OPNIDLAST,DYNAMIC,int,5,10,5,PROTECTED,,,,,,,,,,*** RCHRES to which these data apply.
RCHRES,ORIFICE-XS,OSHAPE,DYNAMIC,string,18,30,12,CORRECT,,,,,,,,,,*** Type of cross-section: circular or rect_closed.
RCHRES,ORIFICE-XS,GEOM1,DYNAMIC,float,30,40,10,CORRECT,,,0,0,,0,0,,,*** GEOM1 is the first geometry parameter.
RCHRES,ORIFICE-XS,GEOM2,DYNAMIC,float,40,50,10,CORRECT,,,0,0,,0,0,,,*** GEOM2 is the first geometry parameter.
RCHRES,ORIFICE-XS,GEOM3,DYNAMIC,float,50,60,10,CORRECT,,,0,0,,0,0,,,*** GEOM3 is the first geometry parameter.
RCHRES,ORIFICE-XS,GEOM4,DYNAMIC,float,60,70,10,CORRECT,,,0,0,,0,0,,,*** GEOM4 is the first geometry parameter.
RCHRES,OX-BENPARM,OPNID,OXRX,int,0,5,5,PROTECTED,,,,,,,,,,*** RCHRES to which these data apply.
RCHRES,OX-BENPARM,OPNIDLAST,OXRX,int,5,10,5,PROTECTED,,,,,,,,,,*** RCHRES to which these data apply.
RCHRES,OX-BENPARM,BENOD,OXRX,float,10,20,10,CORRECT,,,0,0,,0,0,,,"*** BENOD is the benthal oxygen demand at 20 degrees C (with unlimited DO
*** concentration) (demand is, thus, proportional to the water temperature)."
RCHRES,OX-BENPARM,TCBEN,OXRX,float,20,30,10,CORRECT,,,1.074,1,2,1.074,1,2,,"*** TCBEN is the temperature correction coefficient for benthal oxygen
*** demand."
RCHRES,OX-BENPARM,EXPOD,OXRX,float,30,40,10,CORRECT,,,1.22,0.1,,1.22,0.1,,,"*** EXPOD is the exponential factor in the dissolved oxygen term of the
*** benthal oxygen demand equation."
RCHRES,OX-BENPARM,BRBOD1,OXRX,float,40,50,10,CORRECT,,,72,0.0001,,72,0.0001,,,*** BRBOD(1) is the benthal release of BOD at high oxygen concentration.
RCHRES,OX-BENPARM,BRBOD2,OXRX,float,50,60,10,CORRECT,,,100,0.0001,,100,0.0001,,,"*** BRBOD(2) is the increment to benthal release of BOD under anaerobic
*** conditions."
RCHRES,OX-BENPARM,EXPREL,OXRX,float,60,70,10,CORRECT,,,2.82,0.1,,2.82,0.1,,,"*** EXPREL is the exponential factor in the dissolved oxygen term of the
*** benthal BOD release equation."
RCHRES,OX-CFOREA,OPNID,GQUAL,int,0,5,5,PROTECTED,,,,,,,,,,*** RCHRES to which these data apply.
RCHRES,OX-CFOREA,OPNIDLAST,GQUAL,int,5,10,5,PROTECTED,,,,,,,,,,*** RCHRES to which these data apply.
RCHRES,OX-CFOREA,CFOREA,GQUAL,float,10,20,10,CORRECT,,,1,0.001,10,1,0.001,10,,"*** CFOREA is a correction factor in the lake reaeration equation, to
*** account for good or poor circulation characteristics."
RCHRES,OX-FLAGS,OPNID,GQUAL,int,0,5,5,PROTECTED,,,,,,,,,,*** RCHRES to which these data apply.
RCHRES,OX-FLAGS,OPNIDLAST,GQUAL,int,5,10,5,PROTECTED,,,,,,,,,,*** RCHRES to which these data apply.
RCHRES,OX-FLAGS,REAMFG,GQUAL,int,10,15,5,CORRECT,,,2,1,3,2,1,3,,"*** REAMFG indicates the method used to calculate reaeration coefficient for
*** free-flowing streams; 1 means Tsivoglou method is used, 2 means Owens,
*** Churchill, or O'Connor- Dobbins method is used depending on velocity and
*** depth of water, and 3 means coefficient is calculated as a power
*** function of velocity and/or depth; user inputs exponents for velocity
*** and depth and an empirical constant (REAK)"
RCHRES,OX-FLAGS,DOPFG,GQUAL,int,15,20,5,CORRECT,,,0,0,1,0,0,1,,"*** DOPFG indicates whether dissolved oxygen should be accounted for in
*** precipitation directly falling on the RCHRES; 0 means do not account for
*** it, 1 means consider the dissolved oxygen in precipitation to be at
*** saturation for the given air temperature."
RCHRES,OX-GENPARM,OPNID,OXRX,int,0,5,5,PROTECTED,,,,,,,,,,*** RCHRES to which these data apply.
RCHRES,OX-GENPARM,OPNIDLAST,OXRX,int,5,10,5,PROTECTED,,,,,,,,,,*** RCHRES to which these data apply.
RCHRES,OX-GENPARM,KBOD20,OXRX,float,10,20,10,CORRECT,,,,1E-30,,,1E-30,,,*** KBOD20 is the unit BOD decay rate at 20 degrees C.
RCHRES,OX-GENPARM,TCBOD,OXRX,float,20,30,10,CORRECT,,,1.075,1,2,1.075,1,2,,*** TCBOD is the temperature correction coefficient for BOD decay.
RCHRES,OX-GENPARM,KODSET,OXRX,float,30,40,10,CORRECT,,,0,0,,0,0,,,*** KODSET is the rate of BOD settling.
RCHRES,OX-GENPARM,SUPSAT,OXRX,float,40,50,10,CORRECT,,,1.15,1,2,1.15,1,2,,"*** SUPSAT is the allowable dissolved oxygen supersaturation (expressed as a
*** multiple of DO saturation concentration)."
RCHRES,OX-INIT,OPNID,OXRX,int,0,5,5,PROTECTED,,,,,,,,,,*** RCHRES to which these data apply.
RCHRES,OX-INIT,OPNIDLAST,OXRX,int,5,10,5,PROTECTED,,,,,,,,,,*** RCHRES to which these data apply.
RCHRES,OX-INIT,DOX,OXRX,float,10,20,10,CORRECT,,,0,0,20,0,0,20,,*** DOX is the initial dissolved oxygen concentration.
RCHRES,OX-INIT,BOD,OXRX,float,20,30,10,CORRECT,,,0,0,,0,0,,,*** BOD is the initial biochemical oxygen demand.
RCHRES,OX-INIT,SATDO,OXRX,float,30,40,10,CORRECT,,,10,0.1,20,10,0.1,20,,*** SATDO is the initial dissolved oxygen saturation concentration.
RCHRES,OX-LEN-DELTH,OPNID,GQUAL,int,0,5,5,PROTECTED,,,,,,,,,,*** RCHRES to which these data apply.
RCHRES,OX-LEN-DELTH,OPNIDLAST,GQUAL,int,5,10,5,PROTECTED,,,,,,,,,,*** RCHRES to which these data apply.
RCHRES,OX-LEN-DELTH,LEN,GQUAL,float,10,20,10,CORRECT,,,,0.01,,,0.01,,,*** LEN is the length of the RCHRES.
RCHRES,OX-LEN-DELTH,DELTH,GQUAL,float,20,30,10,CORRECT,,,,0.00001,,,0.00001,,,*** DELTH is the (energy) drop over the length of the RCHRES.
RCHRES,OX-REAPARM,OPNID,GQUAL,int,0,5,5,PROTECTED,,,,,,,,,,*** RCHRES to which these data apply.
RCHRES,OX-REAPARM,OPNIDLAST,GQUAL,int,5,10,5,PROTECTED,,,,,,,,,,*** RCHRES to which these data apply.
RCHRES,OX-REAPARM,TCGINV,GQUAL,float,10,20,10,CORRECT,,,1.047,1,2,1.047,1,2,,"*** TCGINV is the temperature correction coefficient for surface gas
*** invasion."
RCHRES,OX-REAPARM,REAK,GQUAL,float,20,30,10,CORRECT,,,,1E-30,,,1E-30,,,"*** REAK is the empirical constant for equation used to calculate the
*** reaeration coefficient."
RCHRES,OX-REAPARM,EXPRED,GQUAL,float,30,40,10,CORRECT,,,0,,0,0,,0,,"*** EXPRED is the exponent to depth used in calculation of the reaeration
*** coefficient."
RCHRES,OX-REAPARM,EXPREV,GQUAL,float,40,50,10,CORRECT,,,0,0,,0,0,,,"*** EXPREV is the exponent to velocity used in calculation of the reaeration
*** coefficient."
RCHRES,OX-TCGINV,OPNID,GQUAL,int,0,5,5,PROTECTED,,,,,,,,,,*** RCHRES to which these data apply.
RCHRES,OX-TCGINV,OPNIDLAST,GQUAL,int,5,10,5,PROTECTED,,,,,,,,,,*** RCHRES to which these data apply.
RCHRES,OX-TCGINV,TCGINV,GQUAL,float,10,20,10,CORRECT,,,1.047,1,2,1.047,1,2,,"*** TCGINV is the temperature correction coefficient for surface gas
*** invasion."
RCHRES,OX-TSIVOGLOU,OPNID,GQUAL,int,0,5,5,PROTECTED,,,,,,,,,,*** RCHRES to which these data apply.
RCHRES,OX-TSIVOGLOU,OPNIDLAST,GQUAL,int,5,10,5,PROTECTED,,,,,,,,,,*** RCHRES to which these data apply.
RCHRES,OX-TSIVOGLOU,REAKT,GQUAL,float,10,20,10,CORRECT,,,0.08,0.001,1,0.08,0.001,1,,"*** REAKT is the empirical constant in Tsivoglou's equation for reaeration
*** (escape coefficient)."
RCHRES,OX-TSIVOGLOU,TCGINV,GQUAL,float,20,30,10,CORRECT,,,1.047,1,2,1.047,1,2,,"*** TCGINV is the temperature correction coefficient for surface gas
*** invasion."
RCHRES,PH-INIT,OPNID,PHCARB,int,0,5,5,PROTECTED,,,,,,,,,,*** RCHRES to which these data apply.
RCHRES,PH-INIT,OPNIDLAST,PHCARB,int,5,10,5,PROTECTED,,,,,,,,,,*** RCHRES to which these data apply.
RCHRES,PH-INIT,TIC,PHCARB,float,10,20,10,CORRECT,,,0,0,,0,0,,,*** TIC is the initial total inorganic carbon.
RCHRES,PH-INIT,CO2,PHCARB,float,20,30,10,CORRECT,,,0,0,,0,0,,,*** CO2 is the initial carbon dioxide (as carbon).
RCHRES,PH-INIT,PH,PHCARB,float,30,40,10,CORRECT,,,7,1,15,7,1,15,,*** PH is the initial pH.
RCHRES,PH-PARM1,OPNID,PHCARB,int,0,5,5,PROTECTED,,,,,,,,,,*** RCHRES to which these data apply.
RCHRES,PH-PARM1,OPNIDLAST,PHCARB,int,5,10,5,PROTECTED,,,,,,,,,,*** RCHRES to which these data apply.
RCHRES,PH-PARM1,PHCNT,PHCARB,int,10,15,5,CORRECT,,,25,1,100,25,1,100,,*** PHCNT is the maximum number of iterations to pH solution.
RCHRES,PH-PARM1,ALKCON,PHCARB,int,15,20,5,CORRECT,,,1,1,10,1,1,10,,*** ALKCON is the number of the conservative substance which is alkalinity.
RCHRES,PH-PARM2,OPNID,PHCARB,int,0,5,5,PROTECTED,,,,,,,,,,*** RCHRES to which these data apply.
RCHRES,PH-PARM2,OPNIDLAST,PHCARB,int,5,10,5,PROTECTED,,,,,,,,,,*** RCHRES to which these data apply.
RCHRES,PH-PARM2,CFCINV,PHCARB,float,10,20,10,CORRECT,,,0.913,0.001,1,0.913,0.001,1,,"*** CFCINV is the ratio of carbon dioxide invasion rate to oxygen reaeration
*** rate."
RCHRES,PH-PARM2,BRCO21,PHCARB,float,20,30,10,CORRECT,,,62,0.01,,62,0.01,,,"*** BRCO2(1) is the benthal release of CO2 (as carbon) for aerobic
*** conditions."
RCHRES,PH-PARM2,BRCO22,PHCARB,float,30,40,10,CORRECT,,,62,0.01,,62,0.01,,,"*** BRCO2(2) is the benthal release of CO2 (as carbon) for anaerobic
*** conditions."
RCHRES,PHYTO-PARM,OPNID,PLANK,int,0,5,5,PROTECTED,,,,,,,,,,*** RCHRES to which these data apply.
RCHRES,PHYTO-PARM,OPNIDLAST,PLANK,int,5,10,5,PROTECTED,,,,,,,,,,*** RCHRES to which these data apply.
RCHRES,PHYTO-PARM,SEED,PLANK,float,10,20,10,CORRECT,,,0,0,,0,0,,,"*** SEED is the minimum concentration of plankton not subject to advection
*** (i. e. at high flow)."
RCHRES,PHYTO-PARM,MXSTAY,PLANK,float,20,30,10,CORRECT,,,0,0,,0,0,,,"*** MXSTAY is the concentration of plankton not subject to advection at very
*** low flow."
RCHRES,PHYTO-PARM,OREF,PLANK,float,30,40,10,CORRECT,,,0.0001,0.0001,,0.0001,0.0001,,,"*** OREF is the outflow at which concentration of plankton not subject to
*** advection is midway between SEED and MXSTAY."
RCHRES,PHYTO-PARM,CLALDH,PLANK,float,40,50,10,CORRECT,,,50,0.01,,50,0.01,,,"*** CLALDH is the chlorophyll ""A"" concentration above which high phytoplankton
*** death rate occurs."
RCHRES,PHYTO-PARM,PHYSET,PLANK,float,50,60,10,CORRECT,,,0,0,,0,0,,,*** PHYSET is the rate of phytoplankton settling.
RCHRES,PHYTO-PARM,REFSET,PLANK,float,60,70,10,CORRECT,,,0,0,,0,0,,,*** REFSET is the rate of settling for dead refractory organics.
RCHRES,PLK-AD-FLAGS,OPNID,PLANK,int,0,5,5,PROTECTED,,,,,,,,,,*** RCHRES to which these data apply.
RCHRES,PLK-AD-FLAGS,OPNIDLAST,PLANK,int,5,10,5,PROTECTED,,,,,,,,,,*** RCHRES to which these data apply.
RCHRES,PLK-AD-FLAGS,PLADFG1,PLANK,int,11,14,3,CORRECT,-999,,0,-1,999,0,-1,999,,"*** Value of 0 indicates that atmospheric deposition flux of organic N is
*** either absent or is supplied as a direct time series as PLADFX. A value
*** greater than 0 indicates the index number of the MONTH-DATA block to be
*** used to supply atmospheric deposition data. _PNAME PLADFG(1)"
RCHRES,PLK-AD-FLAGS,PLADFG2,PLANK,int,14,17,3,CORRECT,-999,,0,-1,999,0,-1,999,,"*** Value of 0 indicates that concentration of organic N in precipitation is
*** either absent or is supplied as a direct time series as PLADCN. A value
*** greater than 0 indicates the index number of the MONTH-DATA block to be
*** used to supply atmospheric deposition data. _PNAME PLADFG(2)"
RCHRES,PLK-AD-FLAGS,PLADFG3,PLANK,int,18,21,3,CORRECT,-999,,0,-1,999,0,-1,999,,"*** Value of 0 indicates that atmospheric deposition flux of organic P is
*** either absent or is supplied as a direct time series as PLADFX. A value
*** greater than 0 indicates the index number of the MONTH-DATA block to be
*** used to supply atmospheric deposition data. _PNAME PLADFG(3)"
RCHRES,PLK-AD-FLAGS,PLADFG4,PLANK,int,21,24,3,CORRECT,-999,,0,-1,999,0,-1,999,,"*** Value of 0 indicates that concentration of organic P in precipitation is
*** either absent or is supplied as a direct time series as PLADCN. A value
*** greater than 0 indicates the index number of the MONTH-DATA block to be
*** used to supply atmospheric deposition data. _PNAME PLADFG(4)"
RCHRES,PLK-AD-FLAGS,PLADFG5,PLANK,int,25,28,3,CORRECT,-999,,0,-1,999,0,-1,999,,"*** Value of 0 indicates that atmospheric deposition flux of organic C is
*** either absent or is supplied as a direct time series as PLADFX. A value
*** greater than 0 indicates the index number of the MONTH-DATA block to be
*** used to supply atmospheric deposition data. _PNAME PLADFG(5)"
RCHRES,PLK-AD-FLAGS,PLADFG6,PLANK,int,28,31,3,CORRECT,-999,,0,-1,999,0,-1,999,,"*** Value of 0 indicates that concentration of organic C in precipitation is
*** either absent or is supplied as a direct time series as PLADCN. A value
*** greater than 0 indicates the index number of the MONTH-DATA block to be
*** used to supply atmospheric deposition data. _PNAME PLADFG(6)"
RCHRES,PLNK-FLAGS,OPNID,PLANK,int,0,5,5,PROTECTED,,,,,,,,,,*** RCHRES to which these data apply.
RCHRES,PLNK-FLAGS,OPNIDLAST,PLANK,int,5,10,5,PROTECTED,,,,,,,,,,*** RCHRES to which these data apply.
RCHRES,PLNK-FLAGS,PHYFG,PLANK,int,10,15,5,CORRECT,,,0,0,1,0,0,1,,*** PHYFG: value of 1 means phytoplankton is simulated.
RCHRES,PLNK-FLAGS,ZOOFG,PLANK,int,15,20,5,CORRECT,,,0,0,1,0,0,1,,*** ZOOFG: value of 1 means zooplankton are simulated.
RCHRES,PLNK-FLAGS,BALFG,PLANK,int,20,25,5,CORRECT,,,0,0,2,0,0,2,,"*** BALFG: Value of 1 means a single species of benthic algae is simulated,
*** with growth and respiration rates proportional to phytoplankton - PHYFG
*** must be on. Value of 2 means one to four species of benthic algae are
*** simulated using new kinetics."
RCHRES,PLNK-FLAGS,SDLTFG,PLANK,int,25,30,5,CORRECT,-999,,0,0,2,0,0,2,,"*** SDLTFG: Value of 1 means influence of sediment washload on light
*** extinction is simulated based on computed or input sediment concentation. Value of
*** 2 means it is based on linear regression on flow (requires input of
*** BENAL-LIGHT). Value of 0 means no influence is considered. _PNAME
*** SDLTFG"
RCHRES,PLNK-FLAGS,AMRFG,PLANK,int,30,35,5,CORRECT,,,0,0,1,0,0,1,,"*** AMRFG: value of 1 means ammonia retardation of nitrogen limited growth
*** is enabled."
RCHRES,PLNK-FLAGS,DECFG,PLANK,int,35,40,5,CORRECT,,,0,0,1,0,0,1,,"*** DECFG: value of 1 means linkage between carbon dioxide and phytoplankton
*** growth is decoupled."
RCHRES,PLNK-FLAGS,NSFG,PLANK,int,40,45,5,CORRECT,,,0,0,2,0,0,2,,"*** NSFG: value of 1 means ammonia is included as part of available nitrogen
*** supply in nitrogen limited growth calculations. value of 2 means only
*** ammonia."
RCHRES,PLNK-FLAGS,ZFOOD,PLANK,int,45,50,5,CORRECT,,,2,1,3,2,1,3,,*** ZFOOD is the quality of zooplankton food.
RCHRES,PLNK-FLAGS,BNPFG,PLANK,int,50,55,5,CORRECT,,,0,0,1,0,0,1,,"*** BNPFG: Value of 0 means benthic algae use ALNPR in PLNK-PARM1 to
*** determine preference between ammonia and nitrate. Value of 1 means it is
*** a function of the current ammonia concentration, based on CAMPR in
*** BENAL-PARM."
RCHRES,PLNK-FLAGS,PHFXFG,PLANK,int,55,60,5,CORRECT,,,0,0,1,0,0,1,,*** PHFXFG: value of 1 means N-Fixation simulated. PHYFG must be on.
RCHRES,PLNK-INIT,OPNID,PLANK,int,0,5,5,PROTECTED,,,,,,,,,,*** RCHRES to which these data apply.
RCHRES,PLNK-INIT,OPNIDLAST,PLANK,int,5,10,5,PROTECTED,,,,,,,,,,*** RCHRES to which these data apply.
RCHRES,PLNK-INIT,PHYTO,PLANK,float,10,20,10,CORRECT,,,0.00000096,1E-10,,0.00000096,1E-10,,,"*** PHYTO is the initial value of phytoplankton, as biomass."
RCHRES,PLNK-INIT,ZOO,PLANK,float,20,30,10,CORRECT,,,0.03,0.000001,,0.03,0.000001,,,*** ZOO is the initial value of zooplankton.
RCHRES,PLNK-INIT,BENAL,PLANK,float,30,40,10,CORRECT,,,0.00000001,1E-10,,0.00000001,1E-10,,,"*** BENAL is the initial value of benthic algae, as biomass, if only one
*** species is simulated (i. e. BALFG=1 or if BALFG=2 and NUMBAL= 1)."
RCHRES,PLNK-INIT,ORN,PLANK,float,40,50,10,CORRECT,,,0,0,,0,0,,,*** ORN is the initial value of dead refractory organic nitrogen.
RCHRES,PLNK-INIT,ORP,PLANK,float,50,60,10,CORRECT,,,0,0,,0,0,,,*** ORP is the initial value of dead refractory organic phosphorus.
RCHRES,PLNK-INIT,ORC,PLANK,float,60,70,10,CORRECT,,,0,0,,0,0,,,*** ORC is the initial value of dead refractory organic carbon.
RCHRES,PLNK-PARM1,OPNID,PLANK,int,0,5,5,PROTECTED,,,,,,,,,,*** RCHRES to which these data apply.
RCHRES,PLNK-PARM1,OPNIDLAST,PLANK,int,5,10,5,PROTECTED,,,,,,,,,,*** RCHRES to which these data apply.
RCHRES,PLNK-PARM1,RATCLP,PLANK,float,10,20,10,CORRECT,,,0.6,0.01,,0.6,0.01,,,"*** RATCLP is the ratio of chlorophyll ""A"" content of biomass to phosphorus
*** content."
RCHRES,PLNK-PARM1,NONREF,PLANK,float,20,30,10,CORRECT,,,0.5,0.01,1,0.5,0.01,1,,*** NONREF is the nonrefractory fraction of algae and zooplankton biomass.
RCHRES,PLNK-PARM1,LITSED,PLANK,float,30,40,10,CORRECT,,,0,0,,0,0,,,"*** LITSED is the multiplication factor to total sediment concentration to
*** determine sediment contribution to light extinction if SDLTFG=1."
RCHRES,PLNK-PARM1,ALNPR,PLANK,float,40,50,10,CORRECT,,,1,0.01,1,1,0.01,1,,"*** ALNPR is the fraction of nitrogen requirements for phytoplankton growth
*** satisfied by nitrate. It is also used for benthic algae if BALFG > 0 and
*** BNPRFG= 1."
RCHRES,PLNK-PARM1,EXTB,PLANK,float,50,60,10,CORRECT,,,,0.001,,,0.001,,,*** EXTB is the base extinction coefficient for light.
RCHRES,PLNK-PARM1,MALGR,PLANK,float,60,70,10,CORRECT,,,0.3,0.001,,0.3,0.001,,,*** MALGR is the maximal unit algal growth rate for phytoplankton.
RCHRES,PLNK-PARM1,PARADF,PLANK,float,70,80,10,CORRECT,,,1,0,1,1,0,1,,"*** PARADF is the fraction of incoming solar radiation that is photosynthetically
*** active."
RCHRES,PLNK-PARM2,OPNID,PLANK,int,0,5,5,PROTECTED,,,,,,,,,,*** RCHRES to which these data apply.
RCHRES,PLNK-PARM2,OPNIDLAST,PLANK,int,5,10,5,PROTECTED,,,,,,,,,,*** RCHRES to which these data apply.
RCHRES,PLNK-PARM2,CMMLT,PLANK,float,10,20,10,CORRECT,,,0.033,0.000001,,0.033,0.000001,,,"*** CMMLT is the Michaelis-Menten constant for light limited growth for
*** phytoplankton."
RCHRES,PLNK-PARM2,CMMN,PLANK,float,20,30,10,CORRECT,,,0.045,0.000001,,0.045,0.000001,,,"*** CMMN is the nitrate Michaelis-Menten constant for nitrogen limited
*** growth for phytoplankton."
RCHRES,PLNK-PARM2,CMMNP,PLANK,float,30,40,10,CORRECT,,,0.0284,0.000001,,0.0284,0.000001,,,"*** CMMNP is the nitrate Michaelis-Menten constant for phosphorus limited
*** growth for phytoplankton."
RCHRES,PLNK-PARM2,CMMP,PLANK,float,40,50,10,CORRECT,,,0.015,0.000001,,0.015,0.000001,,,"*** CMMP is the phosphate Michaelis-Menten constant for phosphorus limited
*** growth for phytoplankton."
RCHRES,PLNK-PARM2,TALGRH,PLANK,float,50,60,10,CORRECT,,,35,10,100,95,50,212,,*** TALGRH is the temperature above which phytoplankton growth ceases.
RCHRES,PLNK-PARM2,TALGRL,PLANK,float,60,70,10,CORRECT,,,6.1,-84,100,43,-120,212,,*** TALGRL is the temperature below which phytoplankton growth ceases.
RCHRES,PLNK-PARM2,TALGRM,PLANK,float,70,80,10,CORRECT,,,25,0,100,77,32,212,,*** TALGRM is the temperature below which phytoplankton growth is retarded.
RCHRES,PLNK-PARM3,OPNID,PLANK,int,0,5,5,PROTECTED,,,,,,,,,,*** RCHRES to which these data apply.
RCHRES,PLNK-PARM3,OPNIDLAST,PLANK,int,5,10,5,PROTECTED,,,,,,,,,,*** RCHRES to which these data apply.
RCHRES,PLNK-PARM3,ALR20,PLANK,float,10,20,10,CORRECT,,,0.004,0.000001,,0.004,0.000001,,,"*** ALR20 is the phytoplankton unit respiration rate at 20 degrees
*** C."
RCHRES,PLNK-PARM3,ALDH,PLANK,float,20,30,10,CORRECT,,,0.01,0.000001,,0.01,0.000001,,,*** ALDH is the high phytoplankton unit death rate.
RCHRES,PLNK-PARM3,ALDL,PLANK,float,30,40,10,CORRECT,,,0.001,0.000001,,0.001,0.000001,,,*** ALDL is the low phytoplankton unit death rate.
RCHRES,PLNK-PARM3,OXALD,PLANK,float,40,50,10,CORRECT,,,0.03,0.000001,,0.03,0.000001,,,"*** OXALD is the increment to phytoplankton unit death rate due to anaerobic
*** conditions."
RCHRES,PLNK-PARM3,NALDH,PLANK,float,50,60,10,CORRECT,,,0,0,,0,0,,,"*** NALDH is the inorganic nitrogen concentration below which high
*** phytoplankton death rate occurs (as nitrogen)."
RCHRES,PLNK-PARM3,PALDH,PLANK,float,60,70,10,CORRECT,,,0,0,,0,0,,,"*** PALDH is the inorganic phosphorus concentration below which high
*** phytoplankton death rate occurs (as phosphorus)."
RCHRES,PLNK-PARM4,OPNID,PLANK,int,0,5,5,PROTECTED,,,,,,,,,,*** RCHRES to which these data apply.
RCHRES,PLNK-PARM4,OPNIDLAST,PLANK,int,5,10,5,PROTECTED,,,,,,,,,,*** RCHRES to which these data apply.
RCHRES,PLNK-PARM4,NMINGR,PLANK,float,10,20,10,CORRECT,,,0.001,0.000001,,0.001,0.000001,,,*** NMINGR is the minimum nitrate concentration for algae growth
RCHRES,PLNK-PARM4,PMINGR,PLANK,float,20,30,10,CORRECT,,,0.001,0.000001,,0.001,0.000001,,,*** PMINGR is the minimum phosphate concentration for algae growth
RCHRES,PLNK-PARM4,CMINGR,PLANK,float,30,40,10,CORRECT,,,0.001,0.000001,,0.001,0.000001,,,*** CMINGR is the minimum CO2-C concentration for algae growth
RCHRES,PLNK-PARM4,LMINGR,PLANK,float,40,50,10,CORRECT,,,0.001,0.000001,,0.001,0.000001,,,*** LMINGR is the minimum light intensity for algae growth
RCHRES,PLNK-PARM4,NMINC,PLANK,float,50,60,10,CORRECT,,,0.001,1E-10,,0.001,1E-10,,,"*** NMINC is the minimum inorganic nitrogen concentration allowed to remain
*** after nutrient uptake"
RCHRES,PLNK-PARM4,PHMXFX,PLANK,float,60,70,10,CORRECT,,,10,0,,10,0,,,"*** PHMXFX is the concentration of available inorganic nitrogen in the water
*** column (TAM + NO3 + NO2) above which nitrogen-fixation by algae is
*** suppressed. If the concentration is greater than PHMXFX, fixation does
*** not occur. Used if PHFXFG = 1."
RCHRES,PLNK-PARM4,PHFXAD,PLANK,float,70,80,10,CORRECT,,,10,0,,10,0,,,"*** PHFXAD is fractional adjustment to algal growth when N fixation is
*** active. Used if PHFXFG = 1."
RCHRES,PRINT-INFO,OPNID,GENERAL,int,0,5,5,PROTECTED,,,,,,,,,,*** RCHRES to which these data apply.
RCHRES,PRINT-INFO,OPNIDLAST,GENERAL,int,5,10,5,PROTECTED,,,,,,,,,,*** RCHRES to which these data apply.
RCHRES,PRINT-INFO,HYDRPR,GENERAL,int,10,15,5,CORRECT,,,4,2,6,4,2,6,,*** Printout level for section HYDR.
RCHRES,PRINT-INFO,ADCAPR,GENERAL,int,15,20,5,CORRECT,,,4,2,6,4,2,6,,*** Printout level for section ADCALC.
RCHRES,PRINT-INFO,CONSPR,GENERAL,int,20,25,5,CORRECT,,,4,2,6,4,2,6,,*** Printout level for section CONS.
RCHRES,PRINT-INFO,HEATPR,GENERAL,int,25,30,5,CORRECT,,,4,2,6,4,2,6,,*** Printout level for section HTRCH.
RCHRES,PRINT-INFO,SEDPR,GENERAL,int,30,35,5,CORRECT,,,4,2,6,4,2,6,,*** Printout level for section SEDTRN.
RCHRES,PRINT-INFO,GQLPR,GENERAL,int,35,40,5,CORRECT,,,4,2,6,4,2,6,,*** Printout level for section GQUAL.
RCHRES,PRINT-INFO,OXRXPR,GENERAL,int,40,45,5,CORRECT,,,4,2,6,4,2,6,,*** Printout level for section OXRX.
RCHRES,PRINT-INFO,NUTRPR,GENERAL,int,45,50,5,CORRECT,,,4,2,6,4,2,6,,*** Printout level for section NUTRX.
RCHRES,PRINT-INFO,PLNKPR,GENERAL,int,50,55,5,CORRECT,,,4,2,6,4,2,6,,*** Printout level for section PLANK.
RCHRES,PRINT-INFO,PHCBPR,GENERAL,int,55,60,5,CORRECT,,,4,2,6,4,2,6,,*** Printout level for sections PHCARB and ACIDPH.
RCHRES,PRINT-INFO,PIVLPR,GENERAL,int,60,65,5,CORRECT,,,1,1,1440,1,1,1440,,"*** A value need only be supplied for PIVL if one or more sections have a
*** printout level of 2. For those sections, printout will occur every PIVL
*** intervals (that is, every PDELT=PIVL*DELT mins). PIVL must be chosen
*** such that there are an integer no. of PDELT periods in a day."
RCHRES,PRINT-INFO,PYREND,GENERAL,int,65,70,5,CORRECT,,,9,1,12,9,1,12,,"*** PYREND is the calendar month which will terminate the year for printout
*** purposes. Thus, the annual summary can reflect the situation over the
*** past water year or the past calendar year, etc."
RCHRES,SAND-PM,OPNID,SEDTRN,int,0,5,5,PROTECTED,,,,,,,,,,*** RCHRES to which these data apply.
RCHRES,SAND-PM,OPNIDLAST,SEDTRN,int,5,10,5,PROTECTED,,,,,,,,,,*** RCHRES to which these data apply.
RCHRES,SAND-PM,D,SEDTRN,float,10,20,10,CORRECT,,,,0.025,2500,,0.001,100,,"*** D is the effective diameter of the transported sand particles. Note that
*** the transport formulae do not actually use D (they use DB50, supplied in
*** Table-type HYDR-PARM2). D is included here for consistency with the
*** input data supplied for cohesive sediment."
RCHRES,SAND-PM,W,SEDTRN,float,20,30,10,CORRECT,,,,0.5,12500,,0.02,500,,*** W is the fall velocity of transported sand particles in still water.
RCHRES,SAND-PM,RHO,SEDTRN,float,30,40,10,CORRECT,,,2.65,1,4,2.65,1,4,,*** RHO is the density of the sand particles.
RCHRES,SAND-PM,KSAND,SEDTRN,float,40,50,10,CORRECT,,,0,0,,0,0,,,"*** KSAND is the coefficient in the ""old"" HSPF sandload input power function
*** formula."
RCHRES,SAND-PM,EXPSND,SEDTRN,float,50,60,10,CORRECT,,,0,0,,0,0,,,"*** EXPSND is the exponent in the ""old"" HSPF sandload input power function
*** formula."
RCHRES,SANDFG,OPNID,SEDTRN,int,0,5,5,PROTECTED,,,,,,,,,,*** RCHRES to which these data apply.
RCHRES,SANDFG,OPNIDLAST,SEDTRN,int,5,10,5,PROTECTED,,,,,,,,,,*** RCHRES to which these data apply.
RCHRES,SANDFG,SANDFG,SEDTRN,int,10,15,5,CORRECT,,,3,1,3,3,1,3,,"*** SANDFG indicates the method that will be used for sandload simulation; 1
*** means Toffaleti method, 2 means Colby method, and 3 means the ""old"" HSPF
*** input power function method."
RCHRES,SCOUR-PARMS,OPNID,GQUAL,int,0,5,5,PROTECTED,,,,,,,,,,*** RCHRES to which these data apply.
RCHRES,SCOUR-PARMS,OPNIDLAST,GQUAL,int,5,10,5,PROTECTED,,,,,,,,,,*** RCHRES to which these data apply.
RCHRES,SCOUR-PARMS,SCRVEL,GQUAL,float,10,20,10,CORRECT,,,3.05,0.01,,10,0.01,,,"*** SCRVEL is the velocity above which effects of scouring on benthal
*** release rates are considered."
RCHRES,SCOUR-PARMS,SCRMUL,GQUAL,float,20,30,10,CORRECT,,,2,1,,2,1,,,*** SCRMUL is the multiplier to increase benthal releases during scouring.
RCHRES,SED-GENPARM,OPNID,SEDTRN,int,0,5,5,PROTECTED,,,,,,,,,,*** RCHRES to which these data apply.
RCHRES,SED-GENPARM,OPNIDLAST,SEDTRN,int,5,10,5,PROTECTED,,,,,,,,,,*** RCHRES to which these data apply.
RCHRES,SED-GENPARM,BEDWID,SEDTRN,float,10,20,10,CORRECT,,,,0.3,,,1,,,"*** BEDWID is the width of the cross-section over which HSPF will assume bed
*** sediment is deposited regardless of stage, top-width, etc. It is used to
*** estimate the depth of bed sediment."
RCHRES,SED-GENPARM,BEDWRN,SEDTRN,float,20,30,10,CORRECT,,,30.5,0.003,,100,0.001,,,"*** BEDWRN is the bed depth which, if exceeded (eg, through deposition) will
*** cause a warning message to be printed."
RCHRES,SED-GENPARM,POR,SEDTRN,float,30,40,10,CORRECT,,,0.5,0.1,0.9,0.5,0.1,0.9,,"*** POR is the porosity of the bed (volume voids/total volume). It is used
*** to estimate bed depth."
RCHRES,SED-HYDPARM,OPNID,SEDTRN,int,0,5,5,PROTECTED,,,,,,,,,,*** RCHRES to which these data apply.
RCHRES,SED-HYDPARM,OPNIDLAST,SEDTRN,int,5,10,5,PROTECTED,,,,,,,,,,*** RCHRES to which these data apply.
RCHRES,SED-HYDPARM,LEN,SEDTRN,float,10,20,10,CORRECT,,,,0.016,,,0.01,,,*** LEN is the length of the RCHRES.
RCHRES,SED-HYDPARM,DELTH,SEDTRN,float,20,30,10,CORRECT,,,0,0,,0,0,,,"*** DELTH is the drop in water elevation from the upstream to the downstream
*** extremities of the RCHRES. (It is used if section OXRX is active and
*** reaeration is being computed using the Tsivoglou-Wallace equation; or if
*** section SEDTRN is active and sandload transport capacity is being
*** computed using either the Toffaleti or Colby method. )"
RCHRES,SED-HYDPARM,DB50,SEDTRN,float,30,40,10,CORRECT,,,0.25,0.0025,2500,0.01,0.0001,100,,"*** DB50 is the median diameter of the bed sediment (assumed constant
*** throughout the run). This value is used to calculate the bed shear
*** stress if the RCHRES is a lake, or calculate the rate of sand transport
*** if the Colby or Toffaleti methods are used."
RCHRES,SHADE-PARM,OPNID,HTRCH,int,0,5,5,PROTECTED,,,,,,,,,,*** RCHRES to which these data apply.
RCHRES,SHADE-PARM,OPNIDLAST,HTRCH,int,5,10,5,PROTECTED,,,,,,,,,,*** RCHRES to which these data apply.
RCHRES,SHADE-PARM,SHADFG,HTRCH,float,10,20,10,CORRECT,,,0,0,1,0,0,1,,*** SHADFG specifies that the SHADE module is being used.
RCHRES,SHADE-PARM,TOPFL,HTRCH,float,20,30,10,CORRECT,,,41,30,99,41,30,99,,"*** TOPFL is the unit number of the topographic data file for this RCHRES.
*** It contains location information and topographic data for each Stream
*** Sample Point (SSP) in the RCHRES."
RCHRES,SHADE-PARM,VEGFL,HTRCH,float,30,40,10,CORRECT,,,42,30,99,42,30,99,,"*** VEGFL is the unit number of the vegetative data file for this RCHRES. It
*** contains vegetation shading characteristics data for each Stream Sample
*** Point (SSP) in the RCHRES."
RCHRES,SHADE-PARM,NSSP,HTRCH,float,40,50,10,CORRECT,,,0,0,250,0,0,250,,"*** NSSP is the number of Stream Sample Points (SSPs) defined for the
*** RCHRES. Topographic and vegetative characteristics are defined at each
*** SSP."
RCHRES,SHADE-PARM,LATDEG,HTRCH,float,50,60,10,CORRECT,,,40,-55,55,40,-55,55,,*** LATDEG is the latitude of the RCHRES (degrees).
RCHRES,SHADE-PARM,LONDEG,HTRCH,float,60,70,10,CORRECT,,,-90,-180,180,-90,-180,180,,*** LONDEG is the longitude of the RCHRES (degrees).
RCHRES,SHADE-PARM,LONSTD,HTRCH,float,70,80,10,CORRECT,,,-90,-180,180,-90,-180,180,,*** LONSTD is the longitude of the center of the local time zone.
RCHRES,SILT-CLAY-PM_clay,OPNID,SEDTRN,int,0,5,5,PROTECTED,,,,,,,,,,*** RCHRES to which these data apply.
RCHRES,SILT-CLAY-PM_clay,OPNIDLAST,SEDTRN,int,5,10,5,PROTECTED,,,,,,,,,,*** RCHRES to which these data apply.
RCHRES,SILT-CLAY-PM_clay,D,SEDTRN,float,10,20,10,CORRECT,,,0,0,0.07,0,0,0.03,,*** D is the effective diameter of the particles.
RCHRES,SILT-CLAY-PM_clay,W,SEDTRN,float,20,30,10,CORRECT,,,0,0,5,0,0,0.2,,*** W is the fall velocity of the particles in still water.
RCHRES,SILT-CLAY-PM_clay,RHO,SEDTRN,float,30,40,10,CORRECT,,,2.65,2,4,2.65,2,4,,*** RHO is the density of the particles.
RCHRES,SILT-CLAY-PM_clay,TAUCD,SEDTRN,float,40,50,10,CORRECT,,,10000000000,1E-10,,10000000000,1E-10,,,"*** TAUCD is the critical bed shear stress for deposition. Above this
*** stress, there will be no deposition; as the stress drops below this
*** value to zero, deposition will gradually increase to the value implied
*** by the fall velocity in still water."
RCHRES,SILT-CLAY-PM_clay,TAUCS,SEDTRN,float,50,60,10,CORRECT,,,10000000000,1E-10,,10000000000,1E-10,,,"*** TAUCS is the critical bed shear stress for scour. Below this value,
*** there will be no scour; above it, scour will steadily increase. In
*** general TAUCD should be less than or equal to TAUCS."
RCHRES,SILT-CLAY-PM_clay,M,SEDTRN,float,60,70,10,CORRECT,,,0,0,,0,0,,,*** M is the erodibility coefficient of the sediment.
RCHRES,SILT-CLAY-PM_silt,OPNID,SEDTRN,int,0,5,5,PROTECTED,,,,,,,,,,*** RCHRES to which these data apply.
RCHRES,SILT-CLAY-PM_silt,OPNIDLAST,SEDTRN,int,5,10,5,PROTECTED,,,,,,,,,,*** RCHRES to which these data apply.
RCHRES,SILT-CLAY-PM_silt,D,SEDTRN,float,10,20,10,CORRECT,,,0,0,0.07,0,0,0.03,,*** D is the effective diameter of the particles.
RCHRES,SILT-CLAY-PM_silt,W,SEDTRN,float,20,30,10,CORRECT,,,0,0,5,0,0,0.2,,*** W is the fall velocity of the particles in still water.
RCHRES,SILT-CLAY-PM_silt,RHO,SEDTRN,float,30,40,10,CORRECT,,,2.65,2,4,2.65,2,4,,*** RHO is the density of the particles.
RCHRES,SILT-CLAY-PM_silt,TAUCD,SEDTRN,float,40,50,10,CORRECT,,,10000000000,1E-10,,10000000000,1E-10,,,"*** TAUCD is the critical bed shear stress for deposition. Above this
*** stress, there will be no deposition; as the stress drops below this
*** value to zero, deposition will gradually increase to the value implied
*** by the fall velocity in still water."
RCHRES,SILT-CLAY-PM_silt,TAUCS,SEDTRN,float,50,60,10,CORRECT,,,10000000000,1E-10,,10000000000,1E-10,,,"*** TAUCS is the critical bed shear stress for scour. Below this value,
*** there will be no scour; above it, scour will steadily increase. In
*** general TAUCD should be less than or equal to TAUCS."
RCHRES,SILT-CLAY-PM_silt,M,SEDTRN,float,60,70,10,CORRECT,,,0,0,,0,0,,,*** M is the erodibility coefficient of the sediment.
RCHRES,SSED-INIT,OPNID,SEDTRN,int,0,5,5,PROTECTED,,,,,,,,,,*** RCHRES to which these data apply.
RCHRES,SSED-INIT,OPNIDLAST,SEDTRN,int,5,10,5,PROTECTED,,,,,,,,,,*** RCHRES to which these data apply.
RCHRES,SSED-INIT,SSED1,SEDTRN,float,10,20,10,CORRECT,,,0,0,,0,0,,,*** The initial concentration (in suspension) of sand.
RCHRES,SSED-INIT,SSED2,SEDTRN,float,20,30,10,CORRECT,,,0,0,,0,0,,,*** The initial concentration (in suspension) of silt.
RCHRES,SSED-INIT,SSED3,SEDTRN,float,30,40,10,CORRECT,,,0,0,,0,0,,,*** The initial concentration (in suspension) of clay.
RCHRES,SURF-EXPOSED,OPNID,GQUAL,int,0,5,5,PROTECTED,,,,,,,,,,*** RCHRES to which these data apply.
RCHRES,SURF-EXPOSED,OPNIDLAST,GQUAL,int,5,10,5,PROTECTED,,,,,,,,,,*** RCHRES to which these data apply.
RCHRES,SURF-EXPOSED,CFSAEX,GQUAL,float,10,20,10,CORRECT,,,1,0.001,1,1,0.001,1,,"*** CFSAEX is a factor used to adjust the input solar radiation to make it
*** applicable to the RCHRES; for example, to account for shading of the
*** surface by trees or buildings."
RCHRES,WEIR-PARM,OPNID,DYNAMIC,int,0,5,5,PROTECTED,,,,,,,,,,*** RCHRES to which these data apply.
RCHRES,WEIR-PARM,OPNIDLAST,DYNAMIC,int,5,10,5,PROTECTED,,,,,,,,,,*** RCHRES to which these data apply.
RCHRES,WEIR-PARM,WNODE1,DYNAMIC,string,11,15,4,,,,,,,,,,,*** Starting node id for this weir.
RCHRES,WEIR-PARM,WNODE2,DYNAMIC,string,16,20,4,,,,,,,,,,,*** Ending node id for this weir.
RCHRES,WEIR-PARM,WTYPE,DYNAMIC,string,22,30,8,,,,,,,,,,,"*** Weir type: transver(se), sideflow, v-notch, or trapez(oidal)"
RCHRES,WEIR-PARM,WOFF,DYNAMIC,float,30,40,10,CORRECT,,,0,0.001,100,0,0.001,100,,*** Amt weir crest is offset above the invert of inlet node.
RCHRES,WEIR-PARM,WCD,DYNAMIC,float,40,50,10,CORRECT,,,0,0,,0,0,,,*** weir dicharge coefficient.
RCHRES,WEIR-PARM,WFLAP,DYNAMIC,string,51,55,4,,,,,,,,,,,*** Flap gate present: yes or no
RCHRES,WEIR-PARM,WEC,DYNAMIC,float,55,60,5,CORRECT,,,0,0,,0,0,,,*** Number of end contractions for tranv or trapez weir.
RCHRES,WEIR-PARM,WCD2,DYNAMIC,float,60,70,10,CORRECT,,,0,0,,0,0,,,*** Discharge coeff for triangular ends of trapez weir.
RCHRES,WEIR-XS,OPNID,DYNAMIC,int,0,5,5,PROTECTED,,,,,,,,,,*** RCHRES to which these data apply.
RCHRES,WEIR-XS,OPNIDLAST,DYNAMIC,int,5,10,5,PROTECTED,,,,,,,,,,*** RCHRES to which these data apply.
RCHRES,WEIR-XS,WSHAPE,DYNAMIC,string,18,30,12,CORRECT,,,,,,,,,,"*** Type of cross-section: rect_open, triangular, trapezoidal."
RCHRES,WEIR-XS,GEOM1,DYNAMIC,float,30,40,10,CORRECT,,,0,0,,0,0,,,*** GEOM1 is the first geometry parameter.
RCHRES,WEIR-XS,GEOM2,DYNAMIC,float,40,50,10,CORRECT,,,0,0,,0,0,,,*** GEOM2 is the first geometry parameter.
RCHRES,WEIR-XS,GEOM3,DYNAMIC,float,50,60,10,CORRECT,,,0,0,,0,0,,,*** GEOM3 is the first geometry parameter.
RCHRES,WEIR-XS,GEOM4,DYNAMIC,float,60,70,10,CORRECT,,,0,0,,0,0,,,*** GEOM4 is the first geometry parameter.
RCHRES,ZOO-PARM1,OPNID,PLANK,int,0,5,5,PROTECTED,,,,,,,,,,*** RCHRES to which these data apply.
RCHRES,ZOO-PARM1,OPNIDLAST,PLANK,int,5,10,5,PROTECTED,,,,,,,,,,*** RCHRES to which these data apply.
RCHRES,ZOO-PARM1,MZOEAT,PLANK,float,10,20,10,CORRECT,,,0.055,0.001,,0.055,0.001,,,*** MZOEAT is the maximum zooplankton unit ingestion rate.
RCHRES,ZOO-PARM1,ZFIL20,PLANK,float,20,30,10,CORRECT,,,,0.001,,,0.001,,,*** ZFIL20 is the zooplankton filtering rate at 20 degrees C.
RCHRES,ZOO-PARM1,ZRES20,PLANK,float,30,40,10,CORRECT,,,0.0015,0.000001,,0.0015,0.000001,,,*** ZRES20 is the zooplankton unit respiration rate at 20 degrees C.
RCHRES,ZOO-PARM1,ZD,PLANK,float,40,50,10,CORRECT,,,0.0001,0.000001,,0.0001,0.000001,,,*** ZD is the natural zooplankton unit death rate.
RCHRES,ZOO-PARM1,OXZD,PLANK,float,50,60,10,CORRECT,,,0.03,0.000001,,0.03,0.000001,,,"*** OXZD is the increment to unit zooplankton death rate due to anaerobic
*** conditions."
RCHRES,ZOO-PARM2,OPNID,PLANK,int,0,5,5,PROTECTED,,,,,,,,,,*** RCHRES to which these data apply.
RCHRES,ZOO-PARM2,OPNIDLAST,PLANK,int,5,10,5,PROTECTED,,,,,,,,,,*** RCHRES to which these data apply.
RCHRES,ZOO-PARM2,TCZFIL,PLANK,float,10,20,10,CORRECT,,,1.17,1,2,1.17,1,2,,*** TCZFIL is the temperature correction coefficient for filtering.
RCHRES,ZOO-PARM2,TCZRES,PLANK,float,20,30,10,CORRECT,,,1.07,1,2,1.07,1,2,,*** TCZRES is the temperature correction coefficient for respiration.
RCHRES,ZOO-PARM2,ZEXDEL,PLANK,float,30,40,10,CORRECT,,,0.7,0.001,1,0.7,0.001,1,,"*** ZEXDEL is the fraction of nonrefractory zooplankton excretion which is
*** immediately decomposed when ingestion rate > MZOEAT."
RCHRES,ZOO-PARM2,ZOMASS,PLANK,float,40,50,10,CORRECT,,,0.0003,0.000001,1,0.0003,0.000001,1,,*** ZOMASS is the average weight of a zooplankton organism.
REPORT,REPORT-CON,OPNID,,int,0,5,5,PROTECTED,,,,,,,,,,*** REPORT operations to which these data apply.
REPORT,REPORT-CON,OPNIDLAST,,int,5,10,5,PROTECTED,,,,,,,,,,*** REPORT operations to which these data apply.
REPORT,REPORT-CON,CONID,,string,10,30,20,,,,,,,,,,,*** CONID is a 20-character name for each constituent.
REPORT,REPORT-CON,TRAN,,string,31,35,4,CORRECT,,SUM,,,,,,,"['SUM', 'AVER', 'MAX', 'MIN', 'LAST']","*** TRAN is the ""transformation code"" used to aggregate data from the basic
*** interval (internal time step) to the REPORT interval. Valid values are:
*** SUM, AVER, MAX, MIN, and LAST."
REPORT,REPORT-CON,SIGD,,int,35,40,5,CORRECT,,,5,2,5,5,2,5,,*** SIGD is the number of significant digits for reporting.
REPORT,REPORT-CON,DECPLA,,int,40,45,5,CORRECT,,,2,0,3,2,0,3,,*** DECPLA is the number of decimal places for reporting.
REPORT,REPORT-FLAGS,OPNID,,int,0,5,5,PROTECTED,,,,,,,,,,*** REPORT operations to which these data apply.
REPORT,REPORT-FLAGS,OPNIDLAST,,int,5,10,5,PROTECTED,,,,,,,,,,*** REPORT operations to which these data apply.
REPORT,REPORT-FLAGS,REPTFL,,int,10,15,5,CORRECT,,,30,10,99,30,10,99,,*** REPTFL is the file unit number for the report output file
REPORT,REPORT-FLAGS,NCON,,int,15,20,5,CORRECT,,,1,1,50,1,1,50,,"*** NCON is the number of constituents (i.e. timeseries per source) to be
*** entered in report. Note that, for example, the concentration and loading
*** of the same substance count as separate constituents for this purpose."
REPORT,REPORT-FLAGS,NSRC,,int,20,25,5,CORRECT,,,1,1,99,1,1,99,,"*** NSRC is the number of sources (e. g. land segments, point sources,
*** atmospheric deposition to reach) to be entered in report."
REPORT,REPORT-FLAGS,FORMFG,,int,25,30,5,CORRECT,,,1,0,99,1,0,99,,"*** FORMFG specifies the format for the report: 0 - database records; 1 -
*** unit-area loading table; 2 - total loading table; 3 - general summary
*** table; 10+ - user-defined format (requires input format file whose unit
*** number in the FILES block equals FORMFG)."
REPORT,REPORT-FLAGS,CWID,,int,30,35,5,CORRECT,,,10,-2,20,10,-2,20,,"*** CWID is the column width for the reported tables: 8-20. -1 means write
*** tab-delimited file. -2 means write comma-delimited file."
REPORT,REPORT-FLAGS,PWID,,int,35,40,5,CORRECT,,,80,20,1000,80,20,1000,,"*** PWID is the page width in characters, used only for the general flux
*** table format (FORMFG=3)."
REPORT,REPORT-FLAGS,PLIN,,int,40,45,5,CORRECT,,,40,5,,40,5,,,"*** PLIN is the page length in lines. Not used for user-defined format
*** (FORMFG >= 4)."
REPORT,REPORT-FLAGS,PCODE,,int,45,50,5,CORRECT,,,5,3,5,5,3,5,,"*** PCODE is the print interval code for the report: 3 - daily; 4 - monthly;
*** 5 - annual."
REPORT,REPORT-FLAGS,PYREND,,int,50,55,5,CORRECT,,,9,1,12,9,1,12,,*** PYREND is the month ending the print year for the report.
REPORT,REPORT-SRC,OPNID,,int,0,5,5,PROTECTED,,,,,,,,,,*** REPORT operations to which these data apply.
REPORT,REPORT-SRC,OPNIDLAST,,int,5,10,5,PROTECTED,,,,,,,,,,*** REPORT operations to which these data apply.
REPORT,REPORT-SRC,SRCID1,,string,10,30,20,,,,,,,,,,,*** SRCID is the 20-character name for a source.
REPORT,REPORT-SUMM,OPNID,,int,0,5,5,PROTECTED,,,,,,,,,,*** REPORT operations to which these data apply.
REPORT,REPORT-SUMM,OPNIDLAST,,int,5,10,5,PROTECTED,,,,,,,,,,*** REPORT operations to which these data apply.
REPORT,REPORT-SUMM,SRCHED,,string,10,30,20,,,,,,,,,,,*** SRCHED is the header used to mark the summary over all sources.
REPORT,REPORT-SUMM,SRCTRN,,string,30,34,4,CORRECT,,SUM,,,,,,,"['SUM', 'AVER', 'MAX', 'MIN', 'LAST', 'PCT']","*** SRCTRN is the ""transformation code"" used to aggregate data across all
*** sources. Valid values are: SUM, AVER, MAX, MIN, LAST, and PCT."
REPORT,REPORT-SUMM,TIMHED,,string,34,54,20,,,,,,,,,,,"*** TIMHED is the header used to mark the summary over the REPORT time
*** intervals."
REPORT,REPORT-SUMM,TIMTRN,,string,54,58,4,CORRECT,,SUM,,,,,,,"['SUM', 'AVER', 'MAX', 'MIN', 'LAST']","*** TIMTRN is the ""transformation code"" used to aggregate data from the
*** REPORT intervals to their summary. This value is independent of TRAN in
*** REPORT-CON, which is used to aggregate from the run interval to the
*** REPORT interval. Valid values are: SUM, AVER, MAX, MIN, and LAST."
REPORT,REPORT-SUMM,STTRFG,,int,58,63,5,CORRECT,,,2,1,2,2,1,2,,"*** STTRFG indicates how to compute the double-summary value (over all
*** sources and over all REPORT intervals). If 1, then SRCTRN is applied to
*** the time summaries for each source. If 2, then TIMTRN is applied to the
*** source summaries for each REPORT interval."
REPORT,REPORT-TITLE,OPNID,,int,0,5,5,PROTECTED,,,,,,,,,,*** REPORT operations to which these data apply.
REPORT,REPORT-TITLE,OPNIDLAST,,int,5,10,5,PROTECTED,,,,,,,,,,*** REPORT operations to which these data apply.
REPORT,REPORT-TITLE,TITLE,,string,10,70,60,,,,,,,,,,,"*** TITLE is the title of the report, to appear at the top of each
*** page."
SCHEMATIC,,SVOL,,string,0,6,6,,,,,,,,,,,
SCHEMATIC,,SVOLNO,,int,6,10,4,,,,,,,,,,,
SCHEMATIC,,AFACTR,,float,28,38,10,,,,1,,,1,,,,
SCHEMATIC,,TVOL,,string,43,49,6,,,,,,,,,,,
SCHEMATIC,,TVOLNO,,string,49,53,4,,,,,,,,,,,
SCHEMATIC,,MLNO,,int,56,60,4,,,,,,,,,,,
SCHEMATIC,,TMEMSB1,,int,71,73,2,,,,,,,,,,,
SCHEMATIC,,TMEMSB2,,int,73,75,2,,,,,,,,,,,
SPEC-ACTIONS,ACTION,OPTYP,,string,2,8,6,,,,,,,,,,,
SPEC-ACTIONS,ACTION,TOPFST,,string,8,11,3,,,,,,,,,,,
SPEC-ACTIONS,ACTION,TOPLST,,string,11,15,4,,,,,,,,,,,
SPEC-ACTIONS,ACTION,DC,,string,15,17,2,,,,,,,,,,,
SPEC-ACTIONS,ACTION,DS,,int,17,20,3,,,,,,,,,,,
SPEC-ACTIONS,ACTION,YR,,int,20,24,4,,,,,,,,,,,
SPEC-ACTIONS,ACTION,MO,,int,25,27,2,,,,,,,,,,,
SPEC-ACTIONS,ACTION,DA,,int,28,30,2,,,,,,,,,,,
SPEC-ACTIONS,ACTION,HR,,int,31,33,2,,,,,,,,,,,
SPEC-ACTIONS,ACTION,MN,,int,34,36,2,,,,,,,,,,,
SPEC-ACTIONS,ACTION,D,,int,36,38,2,,,,2,,,2,,,,
SPEC-ACTIONS,ACTION,T,,int,38,40,2,,,,3,,,3,,,,
SPEC-ACTIONS,ACTION,VARI,,string,42,48,6,,,,,,,,,,,
SPEC-ACTIONS,ACTION,S1,,string,48,51,3,,,,,,,,,,,
SPEC-ACTIONS,ACTION,S2,,string,51,54,3,,,,,,,,,,,
SPEC-ACTIONS,ACTION,S3,,string,54,57,3,,,,,,,,,,,
SPEC-ACTIONS,ACTION,AC,,string,57,60,3,,,,,,,,,,,
SPEC-ACTIONS,ACTION,VALUE,,float,60,70,10,,,,0,,,0,,,,
SPEC-ACTIONS,ACTION,TC,,string,71,73,2,,,,,,,,,,,
SPEC-ACTIONS,ACTION,TS,,int,74,77,3,,,,,,,,,,,
SPEC-ACTIONS,ACTION,NUM,,int,77,80,3,,,,,,,,,,,
SPEC-ACTIONS,ACTION,condition,,string,80,580,500,,,,,,,,,,,
SPEC-ACTIONS,DISTRB,KWRD,,string,2,8,6,,,,,,,,,,,
SPEC-ACTIONS,DISTRB,DSIND,,int,8,11,3,,,,,,,,,,,
SPEC-ACTIONS,DISTRB,CNT,,int,12,15,3,,,,,,,,,,,
SPEC-ACTIONS,DISTRB,CTCODE,,string,16,18,2,,,,,,,,,,,
SPEC-ACTIONS,DISTRB,TSTEP,,int,19,22,3,,,,,,,,,,,
SPEC-ACTIONS,DISTRB,CDEFFG,,string,23,28,5,,,,,,,,,,,
SPEC-ACTIONS,DISTRB,FRACT01,,float,30,35,5,,,,,,,,,,,
SPEC-ACTIONS,DISTRB,FRACT02,,float,35,40,5,,,,,,,,,,,
SPEC-ACTIONS,DISTRB,FRACT03,,float,40,45,5,,,,,,,,,,,
SPEC-ACTIONS,DISTRB,FRACT04,,float,45,50,5,,,,,,,,,,,
SPEC-ACTIONS,DISTRB,FRACT05,,float,50,55,5,,,,,,,,,,,
SPEC-ACTIONS,DISTRB,FRACT06,,float,55,60,5,,,,,,,,,,,
SPEC-ACTIONS,DISTRB,FRACT07,,float,60,65,5,,,,,,,,,,,
SPEC-ACTIONS,DISTRB,FRACT08,,float,65,70,5,,,,,,,,,,,
SPEC-ACTIONS,DISTRB,FRACT09,,float,70,75,5,,,,,,,,,,,
SPEC-ACTIONS,DISTRB,FRACT10,,float,75,80,5,,,,,,,,,,,
SPEC-ACTIONS,UVNAME,KWRD,,string,2,8,6,,,,,,,,,,,
SPEC-ACTIONS,UVNAME,UNAME,,string,10,16,6,,,,,,,,,,,
SPEC-ACTIONS,UVNAME,CNT,,int,16,19,3,,,,,,,,,,,
SPEC-ACTIONS,UVNAME,VNAME,,string,20,26,6,,,,,,,,,,,
SPEC-ACTIONS,UVNAME,CSUB1,,string,26,29,3,,,,,,,,,,,
SPEC-ACTIONS,UVNAME,CSUB2,,string,29,32,3,,,,,,,,,,,
SPEC-ACTIONS,UVNAME,CSUB3,,string,32,35,3,,,,,,,,,,,
SPEC-ACTIONS,UVNAME,FRAC,,float,36,41,5,,,,,,,,,,,
SPEC-ACTIONS,UVNAME,ACTCD,,string,42,46,4,,,,,,,,,,,
SPEC-ACTIONS,UVQUAN,KWRD,,string,2,8,6,,,,,,,,,,,
SPEC-ACTIONS,UVQUAN,UVQUAN,,string,9,15,6,,,,,,,,,,,
SPEC-ACTIONS,UVQUAN,OPTYP,,string,16,22,6,,,,,,,,,,,
SPEC-ACTIONS,UVQUAN,OPTNO,,int,23,26,3,,,,,,,,,,,
SPEC-ACTIONS,UVQUAN,VNAME,,string,27,33,6,,,,,,,,,,,
SPEC-ACTIONS,UVQUAN,CSUB1,,string,33,36,3,,,,,,,,,,,
SPEC-ACTIONS,UVQUAN,CSUB2,,string,36,39,3,,,,,,,,,,,
SPEC-ACTIONS,UVQUAN,CSUB3,,string,39,42,3,,,,,,,,,,,
SPEC-ACTIONS,UVQUAN,TYPCODE,,int,42,44,2,,,,,,,,,,,
SPEC-ACTIONS,UVQUAN,UVQMUL,,float,44,54,10,,,,,,,,,,,
SPEC-ACTIONS,UVQUAN,CTCODE1,,string,55,57,2,,,,,,,,,,,
SPEC-ACTIONS,UVQUAN,TSTEP1,,int,57,60,3,,,,,,,,,,,
SPEC-ACTIONS,UVQUAN,CTCODE2,,string,61,63,2,,,,,,,,,,,
SPEC-ACTIONS,UVQUAN,TSTEP2,,int,63,66,3,,,,,,,,,,,
SPEC-ACTIONS,UVQUAN,CTRAN,,string,67,71,4,,,,,,,,,,,
